part_id,outcome,address,seq,small,forward_qual,for_raw,for_align,for_score,reverse_qual,rev_raw,rev_align,rev_score,seq_length
BBF10K_001297,perfect,A2,ATGAAAAAGCACATCAACGAGAACTTGAAGGACATCCTGATCATTGGCGGTGGTCCGGCTGGTCTGACCGCTGGCGTGTACGCGGCTCGTGCCGGTATGAAAACGATTATTCTGGAGAAGGAGGCGCCGGGTGGTAAAATGGTTAAGACTGATACGATCGAGAATTATCCGGGTTTCGATTCTATTAAAGGCCCGGACCTCGCGCTGAAGATGTATATGCAAGTCATGAATCTGGGCGCGGAGTTCGTTTATGATGAGGTTATCAAGATTGAAAAAATGGATAATTACTTCATCGTCACTACGCTCAACGGCCAAATTATTGAAGCGTTGAGCGTCATCGTGGCAACCGGTACGTTGGAAAATAAACTGGGTATCCCGGGTGAAGATAATCTGTACGGTAAGGGTGTCTCCTACTGCGCAGTGTGTGATGGTGCGTTTCATAAGGGTAACCCGGTCGCGATTGTCGGTGGTGGTTACAGCGCTGTGGAGGAAGGTATTTACCTGAGCAAATTTGTGAGCAAACTGTACGTGGTCGTGCGTAAGGACCACTTTCGCGTCGACCCGGTTACGTTGTCTAAACTGGAGCAACTGGAAAATGTTGAGTTCCTGATGAACAGCGTCGTGAAGAAAGTCAATGGTATTGATAAGGTCGAAAGCGTTGAGATCGAGAACGTGATCACTAAAGAGATCAAGACCGTACCGGTGACCGGTCTGTTCCCATACATTGGCGCGACGCCGGTTACGGAGTTCCTGGAAAATCTGAACCTGGATAAAAATGAGGGTTACCTGACTGGTGACGCAAAGTTAAAGAGCAACATCAAAGGCCTGTTTATCGCTGGTGATGTGCGTGACGTTCCGCTGCGTCAGATTGCGATCGCGGCTGGTGATGGTGCACTGGCGGGCCAGATGGCGGTTAACTACGTTCAGGAACTGTGA,False,58.70505050505051,494,494.0,0.0,60.18647166361974,546,546.0,0.0,1134
BBF10K_001299,perfect,B1,ATGTCCTTCGCGCTGACGGTGAAGGAAGAAGTGATTAGCCACACGTTCGATGACAATCTGGGTCAGGCGTTCCTGGCGGGTTTTATTAAATATAACGGCGATTTCATCTGGGGCTCCGGCACCGAGAAGCTGAAATTGACGAGCATCAGCAACAAAATTGCGCGCAGCATCTTCGGTTTGTGCAAGAAGATGTTTGATGGTCATATTGAAATTAGCGTTAGCCAGACGCAAACGCTGAAGCAGAATAAGACGTACCAGATTACCTTGATTGGTAAGATCAGCGAATTCTTGCGCGAGTTGAATATCTGGAACGAGAATAATACCAAGATCGTGGAGTTCAAACCGCTGAAACAGGAGAAAAATAAAGACGAGTTGATCAAGCTGAAGCGTGCGTACATGGCAGGCGTTTTCGTTTCTGTCGGTAGCGTCAATTCGCCGGAAACCACGAACTATCATCTTGAATTGCAGTTCAAAGACGAAGAGTCAGCGCTGTACATCATCAAACTGATGAATAAGTATGGCTTTGACTTCAAAATTTTGAAACGCAACGATAAGCTGTTCATTTGTTACATCAAAAAAGCTATTATGGTTTCCGATTTCTTGAAATTCATTGATGCTTACCAGGCGGTCATGAACTTTGAGAACGAGCGTATCATGCGCGACGTTAGCAATAATGTTAACCGCGTAAATAACATCGATATCAGCAACGAGAAGAAAACGCTCAGCGCGGGTCTGAAGCAGATTGATCAGATCTCGAAAATCCAGGCTAACCTGGCGACGAAACGTCTGTCCGAGAAAGCCGCGTACCTGTGTGATTTGCGCATTCAAAATCCGAACGCCAGCTACGCGGATCTGACCGAACTGATGAATGAATTTGGCTATGAGATCACCAAAAGCGGTGTCTCGAACCTGTTCAAGATTATCGAGAAGCTGAGCCTGGAGTTTAACAACTGA,False,60.42883211678832,547,547.0,0.0,60.623711340206185,581,581.0,0.0,1152
BBF10K_001317,mutation_3.0-0.0,B2,ATGAGCCGTAAGGACATGAGCGAAAATAATCTGCATTCAGTTGAGAAAATGGTCCTGGCGATCGCAATGCACAGCCCGAATGCACTGCCGGACATCATGACGGGCCTGGTCGCAGACGACTTCCTGGACAGCACTCACAAGATCATCTTTCAGGGCATTATTGAGTTGCACAGCCAAAGCAAAGAAGTCACGATCAGCAGCGTCGCGAACCAAATTGAAAAGAAAGGTAATCTGGAGAGCATTGGTGGTATCCAACGTTTGCAAGATATTGCACTCGACTTCTTTAGCGACGAAGGCATTGAGAACTTCATTGAGGACATCTTCTACGCGAGCAGCAGCCGTAAGTTCGACGCAGCTCTGCGCCGTGTGCAGAACTTAAGACGTGAGGAGCAAATGGATATTGAAAGCAGCATTAACGAGATTCAGAAAGAGCTGCTGAAGATCGATCTGAACGCGCAAAAGAACGACGTACAGTCCATCCACGCTAGCACGGAGAGCCTGATTAAAAAGATTCAAGAGCTGGAGAAACGCTCCGAAACCCTGACCGGCATCCCGACTGACCTGTTTGAGCTGGACGAAATCACCTCGGGTCTGCAGGAAGGTGATCTGATTATTCTGGCGGCCCGTCCTTCTATGGGTAAAACGGCATTTGCCCTGAACCTGGCTTATAATGCTGCCCGCCACAAGAATGGTGTCGCGGTGTTCAGCCTGGAGATGCCGGCAGAGCAACTGACGCAACGTATTATGACCATGGTTTCTAAGATCGACAGCAAAAAGCTGCGTACGGGCAAAAATATTAGCAAAGCGGAATGGTCTAACTTGCTGGCAAGCAAAGAAATTGTGAGCCAATTGCCGATTTACATCGATGATACGCCGGGCATCACTGTGCAACAGATCCAGAGCAAATTGTATAAGCTGAAACGCGATCACGACGTTAAGTTCTGCGTTGTTGATTATCTGCAACTGATCAGCTCTACCAACGGTAGCGCAGATCGCCAAAATGAGATCAGCAATATTAGCCGCCAACTGAAACGTGTTGCCCGCGAGCTGCGTATCCCGATCGTGTGCCTGAGCCAGCTGAGCCGTAGCGTGGAGAAGCGTGAGGACAAACGCCCGATTATGTCCGATCTGCGCGACAGCGGTGCGATTGAGCAGGATGCCGATATCATCATGTTTCTGTATCGCGACGACTACTATAAACACAAAGACGGTAACGAAGAGGAGAATAAGATCGTTGACCAGGTGAGCGCGACCGATCTGATTCTGAGCAAGCATCGTAACGGTGCAACCGGCACGATTAATATCCTGTTCGATAAGAGCCATGGTAAATTCATGGATAAAGGCTGA,False,60.29948364888124,580,577.0,3.0,60.43632958801498,533,533.0,0.0,1545
BBF10K_001344,mutation_1.0-1.0,C2,ATGATCTTTTTCGCAGAAACGCAGACTGCGGGCGTCCCTGAAATTATCACGAGCCTCTTCCCGAATCTGCCGAACTTTATTGCGCATGTGATCGCGACCATTGTACTGGTTGTGATCCTGAGCAAATTGATGTATAAACCGTTCCGTAAGACGATTAAGGACCGCAGAAATAAGATCAACGAACTGCTGAGCGAAGCTGTTCAAAAACAGACCGAAGCTAATATCGGTGTCCGTAAAGCGGAAGCACTGCTGCAAGACGCTAAGACTGAGAGCAGCCTGATCATCCAAACCAGCAAGGTCGATGCGGATATCCAAAAGACCCACATTATTAGCGAGGCCCACAAATACGCGGATATCATTAAGAATCAGGCCGAAAAAGACATTGCACAAGAGCGTAGCAAAATCGAGGCCGAGATCAAAACCACCATTGTGAACGTGGCTTTCGATGCGGCAGAACAGATCCTGCAAACGGAAATCAACAAGACCAAGAATAAGAAGATCGTTGACGAATTTATTGAGAACTTAGACAAGTGA,False,58.353689567430024,392,391.0,1.0,60.07879924953096,532,531.0,1.0,732
BBF10K_001386,perfect,D2,ATGCAGATTAACAAGAAGGAAATCAAACAGAACCTGAAAAAATGGAATGAGGAGAAAAAATCTATCAAAAGCTTCAGCTTCACGGGCGACATTATTCTGGACAACGTTAGCTACACGTACAGCAAGAAAACCCCTTTCGAGTTTCGTGCTCTGGACAACGCTGATCTGACCATTAGCGATAAGAAGATTACGTGCGTTATTGGTACCACCGGTTCCGGTAAAAGCACCATGATCCAACTGACCAACGGCCTGCTGATCAGCGAAACTGGTCAGACCATCGTTGGTGACTACAAAATCCCGGCGGGCCTGAAAAAGATCAAGGAGGTGAAAGATCTGCGTCGCGAGGTGGGTCTGGTGTTCCAGTTCCCGGAATATCAGTTGTTTCAAGACACCATCGAAAAAGATATCGCCTTCGGTCCGATTCATCTGGGCGCGGATAAAGAAGAAGTTTACAAGAAAATTCCGGAACTGCTGGATTTGGTTAGCCTGCCGCGTGAATATGCGAAGCGCTCCCCGTTCGAGCTGAGCGGTGGCCAAAAAAGACGCACTGCAATCGCTGGCATTATTGCAATGGATGGTAAAACGCTGGTGCTGGATGAACCGACCGGCGGCCTGGATCCTAAGGGCGAGGAGGACTTTATGAATTTGTTCTTGCGTTTGAATAAGAATCAAGGTAAGCGTATTATTATGGTGACCCATAACATGGACCAGGTTCTGAAAGTTGCTGATGAGGTGATCGTTATGCACGAGGGCAAGGTGATCAGCAAAGGTAGCCCTTTCGAAATTTTCTCCAATCAAGAGCTGTTGTCTAAGATCCAAATTGAGCCGCCGAAACTGTATAAACTGATGTACAAACTGAAAGAGAAGGGCACGGACCTCCTGAACAAAAATATCCGCACCATTGATGAGTTTGCCAAGGCATTCAAAGAGGTGCGCAAAGGCAAGTGA,False,57.94859813084112,427,427.0,0.0,60.49391304347826,574,574.0,0.0,1146
BBF10K_001406,perfect,E2,ATGAAGAACAAAGTTTGGTTTATTACCGGTGCATCCCAGGGTTTTGGTTTGGGTATTACCAAGAAGTTGTTAGAGCAGGGTCACCAGGTCGCAGCTACTACCCGTAATCCGCAAAAGCTGGTGGATGAACTCGGCGCGAACAAGAATCTGCTGGCACTGAAGGTTGATCTGAGCAATCAAAAGGAGATCGACGACGCAGTCGCGAAAACCGTGTCCACTTTTGGCAGCATCGACATCTTGCTGAACAACGCGGGCTACGGTCAGCTGTGGACCTTCGAAGAAAGCACCGACAAACAAATTCGCGAGTGCTTCGAAGTGAACTTTTTTGGTACCATTAATGTTACGCGCAGCGTTCTGCCGGTGATGCGTAAGCAGAAGTATGGTCATATCTTCACCACCAGCTCTATCTGGGGCTACGTCGGTGTGCCGTACAACTCCACGTACGCGGCAGTGAAGTTTGCGACCGACGGCTGGACGGAGAGCATCTCCCATGAACTGAAGCCGTTCGGTATTACGGTGTCTTGTATCAAACCGGGTGGCTTCCGTACCAATTTCCTGAGCAGCGGCTCTCTGATTACTGGCGAAGAAACGATTAGCGACTATAAGAGCGGTCGTGACGAATGGTTCACCAACCTGGCGTCCTTCGATAAACAGCAAGACGGTGATCCGGAGCGCTATTGCGATTTTATTATTGATATTACCAAAGGTGACAAGGTTCCGCCGGTTCATATCTTCACGGGTCGTGACAGCTATGAATACGCCGAGAACAAAATTAAGCAGATCAAGGAGGACATGGAGATTCTCAAAACCGAAGCAACTGATTTACACGTTCGCTGA,False,59.66949152542373,471,471.0,0.0,59.275728155339806,514,514.0,0.0,1035
BBF10K_001416,mutation_1.0-1.0,F2,ATGAAAACGAACAAGAACTTTAAAATCTTCCTGCGTTTGATGAAGGCCCAAACCTTTAATTATATTACCGATCCGATCAACATCATCCTGGGCTTCGTTCTGACGACCGTTACGATGCTGTGTTGGCTCGCCTTTAAGCCGCACGATGCGGAATCCGGTCTGCTGGCGGATAGCTTTGTGCTGGCGAGCGCTATCGGCATTAGCGCAATCCGTAATAGCCAATACAATCTGAACTTGACCCTGGCAGATTGGCGTGAAACCCGTTTTATTCGCAATCTGCTGACCACCCCGGTTAGCAAAAAGGTGCTGTATGCTAGCATTCTGTGCTTCAACTGGATTGTTAATATTCTCGTTACTATTATTCTGATCAGCCTGGCCATGTTATTCAGCAGCCAACGCAAGGTCATTAGCAATGTTCAGTGGACCCCGTTCCTGATTGGCTTCATCTTGAATATTTTTCTGAGCAACGTCATTGCGCTGTTCCTGTCCACCACTTTCAAAAACAAAGAGTACGTTTTCATTATTTCCCTGCTGAGCTATTTCGGTCCGATGTATCTGCTGGGCCTGGGCATCCCGTGGAACGTGGTGGGTCAAATTCCTGCAATTAACATTCTGACCTATATTGCCCCGCATCGTTACACGTTGCACCTGATGCAGGCGGCGTGGGTGGGTAATGCGAGCAACATGAGCTTCCCGGGTGTTGAGTCGAGCTCCTGGTTGGGCGTCCACGGTTTTGGTTACGGCGGCAACGGTTGGTGGCTGCCGGCGCTGATCGCCTGTATTTTCATCTTTATCTTCGCGTTCGCATTCTACTATCGTTTGAAATCTAACTACCAGTTTGGCACTCGTAAATACAGCAAGTTCAAGGGCGTTAAGAAACATGCTAATAATATTGAACTGATCAAACGTACCAACAGCATTGAGGAGTTGAAGATCCTGGTTGAGATTGCCGGCCTGGATTATAAGACTAAGAAGGTTAAGAAGAAAAAGCCGAGCAAGAAGCGTGGTGACAAGTGA,False,58.96485623003195,625,624.0,1.0,60.03191489361702,563,562.0,1.0,1215
BBF10K_001443,mutation_1.0-3.0,G2,ATGGGCGAACATGTGATCGCTCTGAATAAAAAGGCGAAGTTTAATTACGAAATCCTGGAGACTTGGGAGGCGGGCATTGAGCTGTACGGTCCTGAGATCAAAAGCATTCGCAACCACGAGGCAAATATCGCCGAAGCCTTTATCCTGATCCGTAAAAAAGAGGCGTTCCTGATTAACGCCAACATTAAAAAATACGACTACGCGAATTTCGTCAAAGGCATTGATCCACTGCGTACGCGCAAGCTGTTACTGCACAAGAAGGAGATTAATAAAATCCTGAAGCGTGTGATGCTGGAGAAATTGACGATCGTTCCGCTGCGTCTGTACCTGAAAGGCAACTACGCGAAGCTGGAGATCGGTCTGGGCCGCGGTAAGAAAATTCACGACAAGCGTGAAACGATTAAAAAACGCGACATTGAGCGTAAGGAGATGCGTAAATATAAATACTGA,False,58.67813267813268,406,405.0,1.0,59.20475319926874,546,543.0,3.0,648
BBF10K_001449,perfect,H2,ATGAATTGGAAGAACACCGAAAACAAGCTGAACGAGTTTATCGATAATAAACTGTTCAACGGTGTGGTGCTGAAAATTACCAATGAGAACAAGACTATCTACTTCAACAGCTTTGGTTACAGCAACCTGGAAGAGGAGGTTAAGATGAATAACGACAACATCTTTGCCCTGTACAGCATGACCAAACCGATTACCGTTATCGCATGCCTGCTGCTGATCCAACGTGGCCTGTTGAGCTTTGAGGACAAAATCTGTTACTTCTACAGCGATTTTAACGAAGAAATCAAAATCAAACACTTGCTGAACATGACCAGCGGTCTGACGTATTTTTGGAATAATAGCGAGAGCGGTAAGGAGATCAAGGATGCTTTTGACTTGGTGGAGAACGAGAATATCAGCCTGCAGAACTTCTGCGAAAAGATTAGCAAGGCGAAGGTTATCAGCAAGCCGGGCGCTGAGTGGCACTACGGTGTCAGCCTGGACATCATTGGCGGTATTATCGAAAAGATTAGCAATCAGGGTTTCAACGACTTCGTTAACGAGAATATCCTGGCGCCGCTGGAGATGCAAGATACGGCGTTTTATATCAAAGACCTGAATCGCAAGACCCAGGTGTACGAATTCAAAAAGACGATTGACGGTAACAAACTGGTGAGCAACAAAGATTTCCACTTTCTGATGCCGTTCACCAATAAACAACCGGCGGCGTCCTTGGGTGGTAGCGGTTTGTTTAGCACTGCCGATGATTACAGCAAGTTTCTGAACTTCCTGATTGATGGTAAGATCAATGGCATTCAGTATCTGGAAAGCGAGCTCCTGGAAGAGATGCGTAGCGATCAACTGAAAGACATTAAGGAAACCTTTAAGTGGACGTTTAACAAGGATTACTCCTATGGTTACGGCGTGCGCGTTCGCCTGCGTAACGAGCTGGACCCGCTGACCGAGATTGGTGAATTTGGCTGGGATGGTGCGCTGGGTTCCGCCGGTCTGGTGGACCCGAAAAACAATATTACCATGACCTTTCTGAGCAGCAGCTATCCGGGTAACAACCGCATCGTCCAGACGGAGCTGTTTGGCGCAGTGTATAAAGATCTGCGTGAACTGAACATTATCAAGTGA,False,59.61884368308351,466,466.0,0.0,59.470238095238095,503,503.0,0.0,1317
BBF10K_001463,mutation_1.0-0.0,A3,ATGTACAAGATCGCGTTTGACGTGATGGGTTCTGATAACGGTAGCGCTGTGGCGATCGAAGCCGCCAGCCGTTTTATCAAGAGCCGTAAAGATCTGTACCTGGTCTTTGTAGGTGACGAGGACCAGATTAAAACCTCGCTGGAGAAATTTCCGATCGACGAATCCCGCTTCGAGATTCTGGCCACGAAAGAATTCATTGATATGAACGGCAGCATCATGGATATCCGTCGTAAGAAGGATTCGTCGATGGTGCGCGCCTTGGAAACGCTGAAGGACAAGAAGGTTGACGCCATGATCACCGGCGGTAACTCTGCTGCATTTATCGCCGGTAGCCACTTTATTCTGGGCGAACTGAACGGTATTTCCCGTCCTGGTTTCATGCCGACTTTGCCGACGGCAGTCTCCAACAAGCTGACCCTGTTGCTGGACGTAGGTGCGAACTTAGAAGCGGATATCGAAGATATCATTGGTTACGCGAAGATGGCGAACATTTACGCGAAGAACGTTCTGAAAATTGAAAATCCACTGATTGCTCAACTGAATATTGGTGAGGAAAAGTCTAAGGGTACGTTGCTGCAGAAGGAGATCTATAAAGAATTGGAGAGCGACGAAAATATTAACTTTTTCGGCAACCTGGAGTCCCGTGACATCCTGGCGGGTAAGGTCGATATTATCGTTACCGACGGTTACACCGGCAACATGTGCCTGAAAGCATTCGAGGGCGCAAGCAAGATTCTGATGACCGAGATCAAGAGCCAGCTGTACAAAACCATTTTCACCAAACTGAAGGCGCTGACGTTGAAGAAAAGCTTTGACAACGTTAGCAAGAAGTTTGACTATAAAAATCACTCTGGTGCAATTCTGCTGGGCGTCGAGGGTATTGCGTTTAAAGCCCACGGCAGCTCGGATGTCAAGAGCTTTGAAGCCACCCTGCGCATGACCTGTGATGCAGTGGAAAACGACGTCCTGAACAAGATTAAGAAAGAGCTGAACTGA,False,59.29666666666667,299,298.0,1.0,59.07952622673435,590,590.0,0.0,1194
BBF10K_001516,perfect,C3,ATGCAAGCTTGGCGCTTCAAATACCTGATGAAAGTGTTCAAAACGGACATTAACAGCATTATTCAGAATGAACGTGAAACCTGTGCAACGATTGGTATGTTTGATGCATTGCACAAGTACCACAAGCTGATCATCGAAAAGACCCAAACGATCGCTCAGGAAAATAATTTGGAGAGCATCATTATTACTTTCGATCATAAACCGACGAAGGGTACGGAAACGCTGCTGAACGAGAATAAGAAAATTAACTACATCAACGAGAACTTCCAAATCGACAAAATGATTATCCTCCAGGTTAACAATGACCTGATTAACACCAGCAAGGAACAATTTGTTAAAATCCTGAAAAATAAATTCAAAGTTATTAAGTTGGTGGAGGGTAGCGACTTTCGTTTCGGTTTCGAAAAAAGCGGTGATGTCGAATACCTGAAAAACAGCTTTGGCGAGAAGAACGTGTTTATCTATGAACGCGATAAAAACATTAGCACCTCCAAAATCAAGAAGCTGGTGAAAGAAAATAAGATCGCGGAAATTGACGACGAGCTGGAGGTCGATATCAACTTACTGTGA,False,60.57487091222031,580,580.0,0.0,60.670529801324506,603,603.0,0.0,768
BBF10K_001537,bad_reverse,D3,ATGGAGAAGATCAAGGTGTTCGAGACTTTCAGCGGTATCGGTGCGCAGCATAAAGCCCTGGATATTCTGAAGCAGAACAACTACATTAACTACGAGGTGGTCGGCACGAGCGAATGGGACATCTGGGCAAATATTGCTTATAACGCTATTCATAATAAAAACATTGATCACACGAAGAACATTAGCGAGAAAGAGATCAACGATTTCCTGATCAAGTTTACCCACTCCCGTGATAGCAAGACGCCGCTGACCAACGAACAGGTGATTAAGCTGCCGATCATCATTAAGCAGAACCTGTACAATAGCATCAAGAATAGCAACAACCTGGGCTCGATTGTGGGTGTCACTGGTAATATGATCTCCTCACAAGTGGGCAAGATCGATCTGCTGACTTACTCCTTCCCGTGCCAGGACTTGTCTACGGCAGGCTCCTTTCACGGTAAAAATCAAGGTATGAAAAAGAACAGCGGTACGCGTAGCGGCCTTCTGTGGGAGATCGAGCGTATTCTGAAGGAATTGAAGGCGAAAAAAGAACTGCCGAAGTATTTGCTTCTGGAAAACGTCAATAATATGATCAGCGAGCGCCACAAAGATGATTATCTGATGTGGCTGGACTTTCTGAACAGCATTGGTTATAATACGCAGACCTATGTGTTAGAAGCGAATAAATATGGTTGTCCGCAAAACCGTAAACGTGTTTTCGCTCTGAGCGTCCGCAAAGACGTTACGAAGGAGTTTAAAGACACGTTCCTGGAAAGCAAGCGCACGAGCATTAAAGAAGAAAAGACCCCGTTCGATATTAGCAAAGAAATCGGTATCTACAAGAAAACCCATGAACTGTTGCGCGAGGATTACTCCATTGAGAAATATAAAAACGAGGCAATTAATGCAATCCCAAACCGTACCGACTCCCGTAAGCGCATCTTTTTGAACAATAAGATGCTGAGCACTCAAGAGAATACCAATATTGAAAAGCACTCTAAAAACATCTACATTCAAAACGGCAAAACCTACTCTAATTTTAGCAGCACCATTACCACCAAACAAGATCGCGATCCGAACGGTGGTATCATCAACCTGAAAGGTACCGATCTGCAGAATCGCTACAATGAAAAGAAGCAAATTCGTAAGGCGAACTTCCGTCTGTTGACTCCGCGCGAATGCTATATGTTGATGGGCTTCAGCGAAAATGACTTCGACAAGGTCCTGAGCAAAGCGGAACAGATCAACTTTAGCGTTAGCGTGCGCAAGAAAACCTTTACGGACAGCATCTTGTACCGTCAGAGCGGTAATTCTATTAGCGTTAACGTGTTGACCAGCATTTTTAAAGTTATTGCGGATATCGAGAATAAGACCTTCAAAGGCTGA,True,0.0,3,0.0,3.0,14.252485089463221,502,184.0,318.0,1566
BBF10K_001572,perfect,E3,ATGAAAACTCTGTTGAGCGTCTTGGGCGCCATCGGCCTGAGCGCCACCGCGGCAAGCCCTATTATTAGCCTGAGCACGGAGGAGAATATCAAGGACATCAAGAACGATAAAGTTAACCTGGAGTACGGTACGAACTCCCTCACGCCTTATGACTTTAGCGACAATTATCTGCGTCGCGCTACGACCATGAACAAATTTAGCGGCCGTGGCGTGGAAACCGTCGAGAGCAATTTTACGGTTCCGTTACCGAACGCCATCACGGTCAATGACATTCTGAACGACAGCAAGATTGATACTATTAACTATGGCGGCATCTTTAACATCGAGGCGGCCTCGGTTAATCAACGTTTCACCGCAATCCTGCTGAAACGTGATCCGAGCCAAAATACTAAAGATAAGGCCGTGTTTATGGGCAACATCCACCAGAACAACAGCGCGACCAGCATTGGTTGGAGCCTGGATTTGGAACTGACGTATTACATCGACAGCAAGGGTAATGCCTTTGCCGATATTAAGCTGAATCAGACCGTTGTGGATGGTTACCGTTACACGAACAGCCTGACGGGCGAAGTGGGTGTTAAGATCTTTTTTAAAACGGAGCGTACGCATTACTACATCAACAACACCGTTAGCACCGAGCAGGATATGGGTACCGAACTGCTGGCAACCATCTTCAATATCTCGAGCAGCAACAGCGCGGTCGTCACGACTAAAGATCGTGTTATCAACCAGAGCATCAGCGGTCTGACCGGTAGCACCGTTAGCACCCAGGGCATCAATCTGCAAAACACCAAGCGTGTTAGCTTTTACGGTACCATGCGTCGCTCCATCCAACAAGCGGGCTATAATTCCAACATTATGCTGGATAGCATTGATTTCATTAAGAATGAGGAGCTGAGCACCGAATATAATTTGGTGTTTGAAACCAATTATGAAACGATTGGCATCAATGAAAGCACCGGTAATTGGAACTCCTCGCTGAATCTGACTCTGAATATTAACATCGACCCTGCCACCAACCGTGTGACTCTGTCCAATAAAGGCATTATTGATCTGGATAATAGCGAAACCACGAATGCGAATACGTGGATGGAAACGACGTGGGTTTTTGATCGCGCCAGCCTGTGGGGCTGA,False,60.72284644194757,533,533.0,0.0,60.51332149200711,562,562.0,0.0,1332
BBF10K_001606,mutation_0.0-2.0,F3,ATGGCGAACCATAAAATCAAGGGCCGTAAGGAGGCGACCATCCTGCGCGAGCTGACCATTATTATCGAGCGCGAAATGAAAAACGACGTGCTGCGTGCACTGAGCATTGCCGAGGTCCGTCTGACCAACGATAGCGAAATCGCAAAAATTTATTGGAGCTTTCTGCCACTGAATAAAGAGATTACGAAGGAGCTGATTGCGTCTGAACTGGAGGAAAACAAGAAAACTATCCGCATGAAACTGGCGCACAAACTGAATACGCGCACTGTTCCTGATCTGTTTTTTGAATACGACACGAGCCTGGAGAACGCGAACCGTATTGAGGAGATTCTGAACAAAGTTAACAAGTGA,False,60.485838779956424,458,458.0,0.0,58.770601336302896,426,424.0,2.0,549
BBF10K_001608,perfect,G3,ATGAAAAATAATAAAAAGATCGCGTTGTTTGGCGGTAGCTTCGACCCGGTCCATACTGACCACTTTAACATGGCAAAGACGTGCCACGACAAACTGGGCTATGAAGAGGTTTGGATCATTCCAACCTTTCTGAATCCGTTCAAGTCATCCACGAAAACGTCCAACGAGGAGCGCCTGAATCTGCTGAACCTGATCTTCGAGGACGAAAACTATATTAAAATTAATCAATTCGAGATGAATAATCAGCGTGTCACCACCACCTTTGAAACTGTTTCCCACTTCAAGAAAATGTACCCGGAGTACGATTTTTCTTTCGTCATCGGCTCGGACAACTTGGACCGCCTGGAGGAGTGGAATAATTTCGATGAACTGATTAACCTGGTCAATTTCATTGTGTTCGAGCGCACCAATGAGTATAAAAAGGATGTTGCGATTAAATATTCTTTGCCGATCTACCATTTCGACAATAATTTTTTGAGCAGCACGAAGATCCGTAACCTGGAGGAGCTGAATCTGCTGACGCCGAAGGTGAATGATTATATCAACTACCATCTGCTGTATCTGCAAACCCGCATGAAACCGTTCATGGACGAGGAGCGTTATCAGCATTGTCTGAACGTGGGTGACATGGCGGCGAAACTGGCAGAGATTAACAATATCGACCCGCAGCAGGCCAAAGTTGCGGGTACCCTTCACGATATCACCAAGCGTTGGAGCGAGGAGAAACAAGCTCTGTATATTAATAAGTATGAGAAGGCACTTCTGGTGGAGCCGAAACCGGTATGGCACTCCTATACCGGCGCCTTCCATCTGAAGTATGATTGGCTGATTCGTGACGAGGAAATTATTAACGCGGTGTACAACCATACCGTGGGTTGTGAAAACATGAGCACCTTGGACATGATCGTTTTCTGTGCCGATAAGATCTCCAGCGAGCGCGACTACAAGGACGTCGAATACTATCGTGAGGAGTGCTTCAAGAACCTGAAGAACGGCTTTATTAAACTGCTGATCAACCAATATGAGGTCGCAATTAAAACCCATGGTATTGATAGCATTGGTGATAAGCTGCTGAAAACCTATAATTTTTATGTCAAGGGTGAGAAGTGA,False,60.05434782608695,459,459.0,0.0,60.18893129770992,523,523.0,0.0,1308
BBF10K_001610,perfect,H3,ATGAACAAGAAAGAGCTGTGGATTGCGTCGAACAACGAGGGTAAAATTAAGGAGTTCAAGCTGCTGCTGCCGGATTACGAAATTAAGAGCGTTAAGGATCTGCCGGAATACGTGGAGCCGGAAGAGAATGGCGAAACCCTGCTGGAAAATGCGAAAATTAAAGCAGAAGCGCTGTCCAAGTATATCAACGGTTGGGCTATCGGTGATGACACCGGTTATTTCTTCGATGCGCTGGACGGTTTTCCGGGTGTTTACAGCCGTCGCTGGGCCTATCCGGTTACCGACTTTAAAGAGATTTGTAAAATGATTATGCAAAAAACCAAGGACAGCGACAATAAAAACATGAGCATGCAAACCGCAATCGTTATTTGTAATTACGAAGAGAACCAGAGCTTCGAGGCACTGGGTATTACGAAGGGTCTGATGGGCGAGGAACTGAAGGTTAGCGACCACACGTTCGGTTATGATTACATTTTTAAACCGGAACCGTTTAACGTCTATTGCGCCGATCTGACCGAAGAGGACAAAATCAATTGTTCTGCGCGTGCTTATGCACTGAACGATATCAAGAAGATTATTGAAAAAGAGATTAAGTGA,False,59.36542669584245,456,456.0,0.0,60.08657243816254,565,565.0,0.0,795
BBF10K_001616,perfect,A4,ATGAAAAAGTTGATCGCACTGTTGGGCGCGATTACCCTGACGGCCTCTAGCGCGAGCCTGGTCGTTGCCTGCGGTAACACCACGGTGCCGGAATACGATAACTTTGCCAAGCTGGCAAATGCAACCCGCCCGACCCTGAATGATAACAATGAGATCGAACAAAAGGGTAGCACCCTGGTCTACTACATCGGTGCGGAGGACAACCTGTCCAGCCTGAGCTTCGAATACGCGCTGAAGAAAAGCGTCGGCCTGGATGAGAGCGCGAGCCTGGACGATGCTTTTGAAAAATTGAACGAGTCGAATTCTTCCACTAATGATTTCGCCGGTAAATTCAAAGGTATTGGTGACACGTTCACTGCAAATAATGTTAATGGTGATGATGCACTCCGCCTGGTTGAAACCAACGTCACTTACAATAAGAAGAAAGACCTGTGGTACTTCGAAAATCAAACGGATCTGAGCACGTTTTCCGCGGAAGCGACCGGCACCAAGATCGAGATGCATGGCACCACCGTGGATACCGTCGGTGATCTGTGGACGGACAAGGCAACCAAGAAGATTCTGAACGATTGGATTAAGCCGTCTATCGCCCGCATGGTGTACGCAAATATTGATAAGCATAATCAAAGCTGGGATAAAACCAAAGACAAAGAACAAATTAAGAAGGTTAACGACGAAATTAACTCCCGCACTGAAGCGATTAAAAACAGCAAGGGTCCTCTGTTTCTGATTATCCGTAATGGTGAGTTCGTTGGCTATCTGGAGGGTTTCGAAGCATACAATCAGGTGAAAAAGGACGGTGATAACCCGGATCTGGGTAAGAGCGACTATAAAGAGAACGATCTGATTAACAACTTCATTAATGGCATGCAAAGCGTAGTTCATACGAAAGACATTATGACCAAGACCTATAAGAGCGACAACACGAACTACAATCTGAATTCAACCGCGAGCAATCAGTGGAAGTGGCAAAACTGGGATAATTGGGTCATCCGCGACTCTAAGACGTCTAGCGAGAGCGGCGAGAGCTACAGCTACAACCTGAATAAATACTGA,False,59.93589743589744,467,467.0,0.0,59.75689655172414,579,579.0,0.0,1254
BBF10K_001626,perfect,B4,ATGGTGCATCAACATATCCAGATGATCCTGAAAATGATTTCACAGCACAGCTGGAATAGCCGTCGCATGAAGATGAAAATTAAGGAACTTTTAGATAAGATGAAAACCAAAAAACTGGAGAGCGGTGAGATCGATCAGGCGCTGAACGATGTTAATGGCTACAGCATGTACGACGAGGAGGACTCGACCACCAAGGAGGAAGTCGAGTATAGCAACGAAAGCGAACTGAATACCATTAATCAAGATATCCCGTCTAAGCGTACGGAGATCATTAAACCGACGAGCTTCAGCGAGGCTGCAAAGATTGCAGACGAACTGAAAATCAATAAGATCGTGCTGATCGATCTGAGCGGTCTGGAAAAGGCTGAAAAGCGTCGTATTATCGATTTCATTAGCGGTGTTATCTATATCAATGACGGCATTTACAAGAAAATCGAAGGTAACATCTATAAGATCTTGATCCGTAAGTGA,False,59.65931863727455,498,498.0,0.0,60.221014492753625,551,551.0,0.0,669
BBF10K_001627,bad_forward,C4,ATGAATAATAATACCCAGGAATTTAGCCAAAAAGCAAAAATTAAAGTTATTGGTGTGGGTGGTGGCGGTAATAACGCAGTCTCTCGCATGTTCGAGCAGGGTGCGCACGGCGTCGATTTTTATATCGCGAACACCGACGCACAGGTGTTGGCGGGCAGCAACGTGCCGAACAAAATCATCCTGGGTGAAAAGAGCACCAAAGGCTTGGGCGCGGGTGCGAATCCGGAGGTGGGCAAAACCGCCGCGCTGGAAAGCGAAAACGATTTGCGTGCGGCACTGGAGGGCGCAGATCTGATTTTCGTTACCGCGGGTATGGGTGGTGGTACGGGCACCGGTGCTGCACCGGTGATTGCACGTATTGCTCAAGAAACCGGCGCACTGGTCGTTGCGATTGTCACCAAACCGTTCCGCTTTGAAGGCAAATACCGTAATACGTTTGCAGAAGAAGGCATCATTGAACTCAAAAAATATGTTGATAGCACGATTGTTATCTCTAACGATCGTCTGCTGGAGTTCATTGGTGCGAAGCCGATCCAGGAGGCGTTTGCCGAGGCGGATGCGATCCTGAAACAAGGTGTCCAGACTATTACGGACCTGATCGCGGTGCCGGCCTTGATTAACCTGGATTTCGCGGATGTGAAAACGGTTATGAGCAAAAAGGGTAATGCATTGTTCGGTATTGGTCTGGGTACCGGTCCGGACAAAGCGAACCTGGCCGCAAATGACGCGATCTCATCTACTCTGCTGGAGGCTGCCATTGTCGGTGCAAAAGACGTGATTGTGAACGTGACGGGCGGTGAGGGCATTTCGCTGAACGATGCATATGACGTTGTCGACGTGGTCAATCAGGCGATTGACAATCCGGAGGTTAACATTGTTTTCGGTGTTGCTATTAACAAAGAATTGACCGAGAAAGATGAACTGGTCGTGACGGTTATCGCGACCGGTTTCGACGAGGAGATGATCAAAAGCAGCGCTAATCTGGGTACGAAAAGCAACGCTGCAAGCACGTTCGCGAATCTGCGCACCTCCTCGTTGTACAAGAGCACCCATGTAGAGGAGGAGCAGAAGGCTCCGACGAGCTTTGAGGAGGACGTCCTGCACGCGCATCAAACGATGCACAGCGTCAACAGCGGTGCGAGCACCTACTCGGACGACACGGAAGATGATTTTCCTACCTTTCTGAAGTGA,False,37.86033519553072,357,335.0,22.0,48.22832369942196,345,345.0,0.0,1389
BBF10K_001742,perfect,C1,ATGTTTTTTACCCTGAAGAAGGAAAAACTGACGGCTTGGTATAAAAACTACACGTTGAAGGACTGGCGTTTCTGGTATAAGACGCTGTTTGTCGTGCTGATGACCTTCATCGTTTTGTTTAGCTACATTCAACTGTTCGTTAATATGAGCAGCGTTGTTAAACAAATTAACGACCTGAATCTGTCCTCTGATATTGCCTCCGACAAACTGAAAGAGGTGCTGGATAACCTCAACCTGAGCAAGTCCATCCAGGAGCGCCTGATCTTCTATAAAACGTCCGATGGTCTGCTGCACGCCGGCTACCAGCCGTTTGAGCAATTCATCCAAATGAGCTCTTTCTTTACGTTGATTAGCAACTTGCTGATCCTGATCTGGATGTACGTGGCGCTGTTCAAGCCACTGAATGAAGGTAAAAAAGGCATTCTGAACAAGCGTACCTCCATTATTTTCGCGGCGTACATCACCGTGACCTTTCTGCTGTACAATCTGATCCTGCGCATTACCGTTAGCGAAATTGCGAACAATTTCATGTCCCACTTCGTGAATGAAATGTTCCACACGGTTGCTCCGATCTTTTTCATCGGTTATGTCCTGTTCGGCGTTAAATGGGAGAAGGGTACGGCATTTAACTTCAAAGAATTAAGCACCACGTGGGTTTTTGGCATCTTGGGTCTGTGCAGCTACGGTGCGTACGCGATCATCCGTGGTCTGCTGAAGGTTGCGGGTGGTACGCCGGGCAGCAGCCAGCAGGCCTTCCCGTATCCGTTTCTGCAAGTGACCGAGCTGAATGTGAAGATGGGTGCCATTGAACTGCCGGGCATCGTCCTGTTCCTGATCTTCATGATCGTGATTGCCAGCATCTGCATCGGCTTTACGTCGCTGTATAACTTTATTATCATTAAGAACGCGAACAAGGGTGCCAAAAAGGGTGTTAACAATGAAAAGTGA,False,54.146341463414636,122,122.0,0.0,60.82922535211268,567,567.0,0.0,1146
BBF10K_001757,perfect,F4,ATGAATTTTTACGATGAACTGATTATCGAGCTGAAAGAACTGGTGTTAAAGAACGACTTCGAGACTGCTCTGCTGAAAATTAATCAAGAGCTGAGCATGCCGTATGTGCCGAGCGACATCGAGGAGCAACTGCTGGAGTTCAAGACCCAAATCTTCGAGCAGATTTCTAAGAAGGCGAATTCTAACAACAATTTGAATGCAGAATATATCCTGCAACTGTTGAAAAGCAGCGACCGTGAACAACAGGCTTTCGGTATTAACTTTCTGAATAAGATCAACCTCCGTGACAAACTGAACGACGTGAGCGAACTGCTGACTCTGGAAAAGATCGACAACAGCATTAAGACGCTGATCCTGTTTACGTTGAAAGAACAGGAGATCAACAAGTCCTTCGATGTGCTGTACTCCGGTGTGCAGCAGTCCTGGAACCCGATCGAAATTGATTTTGAAAACAACTTCAAATTCATCACCGAGATCGACGAAGTCATTTCTAAAAGCATTGAAAACGAAAACCCGGGTATTGCGCATGACGCGAAGATGCTGAATATCAACTTCTATTTGAATAATCTGGACAAGTTCAACAATAGCTTTCTGAACGAGAAAGCAGCGGCGTTTATTCTGATCGCCATCGAGATGCTGGAAGAGAAGAAAGAGATGAGCTATATCAAACAGTGGTTCAATTTCGACGAAGATAAGGCGCACGAAATCCTGAAGGAGATTAAGGGTTATGAGCAGTGA,False,60.100200400801604,498,498.0,0.0,60.28690228690229,480,480.0,0.0,936
BBF10K_001789,bad_forward,D1,ATGAAGTACAAATACAGCACCGTCCTGCTGAAGTTGAGCGGTGAGGCTCTGAAATCCGAGAATGAGATTTATAATAAAGAGAAACTGGAGGACATTGCCAAACAAATCGTCGAACTGGCGAAGAACGGTCTGAAGCTGGGCATTGTGATCGGCGGCGGTAATATCTGGAGAGGTAAACTGGGTACGGACATTGACATGCCGCAGATCAACGCAGATTACATGGGTATGCTGGCTACCGTCATGAATGGTTTGGCCCTGGAATCTACCATCAAACGTCTGGGTTACGACAAGGTTAATGTGTACAGCAGCTTGCCGATTGAAACCGTGACGGACGACTATAATTTTAAGCGCGCTCGCTTAAAGATGAATGAGGGTTATATTTCTATTTTCGTTGGTGGTACCGGTTTCAGCTATTTCACCACGGATACGAACAGCGTCATCCGTGCGATTGAAATCGGTGCTGATGCGGTCCTGATGGCTAAGAATGGTGTCAAAGGCGTCTATGACTCCGACCCGAATCTGAATCCGAACGCGAAGTTCTATAAAAAGCTGACCCACCGTGAGATTGCAGAGAACCAACTCCGCGTTATGGATCTGACGGCGGCAACCCTGGCGAAGGACGCGAAGTTACCGATTGAAGTGTTTGACATGCAGGGTCAAAACAATATTATCAAGGTGATGGAAGGTAGCCTGGAGAGCACGATCATCGAAGAGTGA,False,17.27426160337553,236,186.0,50.0,60.956228956228955,593,593.0,0.0,915
BBF10K_001796,perfect,G4,ATGAAACTGATTATTAACAAATTGAAAAACTTTATGAAAAGCTCCCTGAACAAGATGCGTTTCCAGGACCAGCTCCCGGAGGAGGTTAAGTTTAAGTTTAATGTGTTTAACCCACTGATCGATGGTATCATTTTCGCCACTAGCGTCCTGTTTGTGCCGCTGATCGTCCTGATCATTCTGAAATTTACGATTAACGCGAATACGGAAGAGGACACGCAGAGCATCATCAACCTCGTTTTCGTTAGCGTGCAGATTTTTTGTTCGGCAATCGGCTGCTTCGTTCTGTATAAACGTGACAATGAGCTGTTTACGCGTACGAATGCATTTGGTATCTACGCCTTCATCGTCCTGCCGTTTCTGTTTGTTATTATTCTGGGCAGCCTGTTTCTGGCTCTGTCCGGCTGGAATTCGAAAAACAACCCGGTGGCCACCCAGTTTGTTAGCATGACCCTGCAGATTATCGCGGAGGTTGTCGTTGGTATTATTCTGTTTATCAAAGTGCCTTTTCTGAAAGACCGTATTTTCCTGACCCTGAAGAAGGAGTGGAAGAAAGTCATTGTTGTGGTGCTGATCATGACTATCGTGCTGTTCGCTGTTAGCTTCGGTCTGAGCTTCATCGAAAAAGAAACTGCGAATCAAAATGCGCTGAGCGAGATCTATAAAAACTCCAGCATCACGGTTAAGATTTTTTATAGCATCTTGCTGTTCATTTTTAGCGTTGTGGTTGCGCCGCTGGTTGAGGAACTCGCTTTTCGTGATTCTATCTTCACGGGCGTTGGTAACAAGTGGTTCGCTATGATTATCAGCTCTCTGGCTTTTGCTATGGTTCACGTGGGTATGGGTGACGTCCAGAACATTTACATTTACCTGATCCCGTCCATTATTCTGAGCGCAACCTTCATCTATACGGAAGGTAATGTGACCTACTCCTGGCTGGTTCACTTGGGTAGCAACCTCATTACCTTTATTTGGATGATCGCGGGTCGTAACTGA,False,60.57685009487666,526,526.0,0.0,60.910828025477706,470,470.0,0.0,1191
BBF10K_001818,perfect,E1,ATGTCTCGTTACACCGGTAGCACGTTTAAAAAAGCGCGCCGCTACGGTTTTAGCATCCTGGAAAATGGCAAAGAGTTCAGCAAGGGTAAAAAGCGCGTCACGACCCCGGGTCAACACGGCAAGGACAAAGCGCGTCTGAAAATGAGCGGCTATGGTGCACAGCTGCAAGAAAAACAAAAGGTCAAGTTCATGTACGGCATGACCGAGCGTCAATTTCGTAACACCTTTGCAAAAGCGAAGAAGGTTCACGGTGGTATTCTGGGTACCAATTTCCTCGTTCTGCTGGAGAGCCGTCTGGATAACATCGTCTTTCGCCTGGGCTTTGCAATGACGCGTCAAGCGGCACGTCAGCTGGTGAATCATGGTCACATCCTGGTGAACGGTAAGAAACTGGATATCCCGAGCTACCAAGTCAAGCCGGGTGATTCTATTGAGGTTAAGGAGGCCATGAAGAAAAACGATAAAATCGCTGAAGCCCTGCAAAACAACGAGAGCACCGTGGAATTCGTTAAAGTCGACAAGGCTAATCTGAAGGGTCAGTTCGTTCGCCTGCCGGAGCGCCAGGAACTGAACCTGGAAATCAATGATGCCCTGATCGTTGAGTGGTATAATCGTCTGATCAAGTGA,False,58.92730844793713,508,508.0,0.0,60.27645051194539,585,585.0,0.0,825
BBF10K_001864,perfect,H4,ATGAATCCAAAGACCTACGAGGCCCTGGAAACGATGCAGAAGCGTGTGGACCAGATCGATAAGGATCTGCAGTCTGAGGAAATCGTGAGCGACGTGAAGAAAATGCTGGAGCTCAATAAAGAGCGTGCGAACCTGATTGAGGTTGTAGAAAAGTTCATTGAGTACAAGACCATTATCCAATCTATCGCGGACGCTAAGGAGATTCTGGGCAATGAGAAAGATGCGGAAATGATCGAACTGGCCAAGATGGAGCTCTCTGAAAATGAAGATGCCGTCGAACCGATTGTTGCGATTATCGAAGAACTGCTGCTGCCGAAAGACCCGAATGACGATAAGAACGTTATCGTTGAAATCCGCGGTGCAGCGGGTGGCGACGAAGCGAACATCTTTGCGGGTGATCTGCTGAGAATGTATAAACTGTATGCGGAAACCCAAAACTGGAAAATCACGATGCTGGATGCCAACTCTTCCGAAGCCGGCGGTTTTAGCCAAGTGAGCTTCATGGTCAAAGGCGACCGCGTCTACAGCAAACTGAAGTTCGAGTCCGGTGCTCACCGTGTTCAAAGAGTCCCGAAAACCGAAGCGAAAGGCCGCATCCAGACCAGCACCGCTACCGTGGCAGTACTCCCGGAGATGTCTGATGTCGAAATTGAGATCAAAAACAGCGATCTGCGTATCGACACCTATCGCAGCAGCGGCGCGGGTGGTCAACATGTTAATACCACCGATAGCGCGGTCCGTATTACGCACATTCCGACCGGCGTGGTGGCTGCTAGCCAGGATGGTCGTAGCCAACATGACAACAAGGATATCGCTATGACCATGCTGCGTGCGCGTATCTATGAAGCAGAACTGGAGAAGCAACAGGCAGAAGCCGACGCCACCCGTAAAAACGCTGTAGGCACCGGCGCGCGTAGCGAAAAGATCCGTACCTATAACTACCCGCAAAATCGTGTGACGGATCACCGCGTCGGTCTGACGCTGAATAAGTTAGACCAAGTCATGGAAGGTAAGATTGACGATTTCATCATTGCGCTGGTTAACGACGAGCAGCGCCAAAAGGTTGAAGCACAACTGCAGGATAATGAGTGA,False,60.31046931407942,553,553.0,0.0,54.16086956521739,229,229.0,0.0,1290
BBF10K_001872,perfect,A5,ATGAAAAAGATTCTGACCATGGGCAGCATTGGCGTTGACCACGTTTTCAACGTCGACAAGCTGCCGAATAAAGGTCAGAGCATTATCAGCAAGAATTTCAATATCTTTTTCGGTGGTAAAGGTGCTAATCAGGCCGTTGCAGCAGCGAAATTGGGTGCTGACGTAAAATACATTGGTCACGTTGGTAACGACGATGCCGGTCTGCACGCCATCGAGAACCTGGTTAAGAACAAGATCGACGCCAGCTACATCAAGAAAATTAACAACATCAATACCCAGGTTGCTAACATCATCGTTGACGATAAAGGTGATAATCTGCTGATCGTGGATACGGGTGCGAATTTTACCTTTCTGAAAGACGAGATTAATGAATATAAAGAATTGATTGATCATAGCGACATTCTGTTGACCCAACTGGAAACGAACCTGGAGTTCGTTGAAGATTTTATCAACTACGGTCATTCGAAAAATAAACTGATCATTCTGAACCCGGGCCCTGCGAAAGTGATTAGCAATAAGATTATTGAAAAATGCGACTTCATTACCCCGAACGAGAGCGAGATCTGCATTCTGCTGGGTAAAGAATACACGGAAAACTATGAACTGCTGAAGAAATACGCGTACGAGCTGTGGGACATTAATAAGAAGAACGTCATCGTTACCCTGGGTGAGAATGGCAGCATTTGGATCGACGAGAAGGGTGAGCTGCACAAATTCGAGGCGTATAAAGTGAAGGCAGTCGACGCAACCGCGTGCGGTGATACCTTCATGGGTGGTATCTCGGCGTACCTGGCCCAAGATAAAACCATCGAGGAAGCAATCAAGTTCGCCACGGCGGCGGCAAGCCTGGCAGTGACGAAAATGGGCGCACAAAGCTCTCTGCCAGAGCTGAAAGAGGTGCATGAGTTCATCAAGAAGAATGGCTGA,False,59.06776180698152,486,486.0,0.0,60.53479853479853,545,545.0,0.0,1125
BBF10K_001889,perfect,B5,ATGATGTTCGTTAGCCTGAATTTGATGAGCAGCCTGAAGATCAAGAAAACGCTGAGCTACCAGGGCAATAACCTGAGCTACACGATCACGTACAAGGAGCAGAAGCACATCATTCTGCGTGTGATCCAAGGCGAAGTGCGTATTTCCGCGCCATTCAATACCCCGGATTGGGAAATTGAGAAAATTATTTACAAGAATATTAGCAAGATTGTATCTGTTCAGAATAAACACATTATCGCATCCGTCTACGACTTTAATACCCTGAAGCCGTGGGTCAAGGTGTTTGACCAAGAAATGGAAATCATCATCGACGAAAATCTGACCCGTAGCAAGATCGAGAATAACAAAATTTACATGAAAAACTATTTCAACCAGGAAGAACAGGTTAAGAAGCTTTACAGCATCCTGGCGAAGCATTACAAGAATTGGTTTATTAGCCGTACCATTGATTGGTCCCTGAAGATGAATGTCCAGTTTCGTAACGTTAACGTTAAACTGATGAAGGCAAAGTGGGGTTACTGCCTGCCGAAAGACAGCAAGATCGCGTACAACACGAAGTTGCTGCATTTCAACGACGAGATTATTAGCTATGTCATTATTCACGAGCTGACTCACATCCTGCACCCGAATCACAGCAAAGAATTCTGGCACTTCGTCGAACGTTACTGTCCGAACTACAAAGAGCTGCAAACCCAGTTGAACAGCACCGGTATTTGA,False,59.385395537525355,492,492.0,0.0,59.65607476635514,534,534.0,0.0,915
BBF10K_001921,perfect,C5,ATGGAGTACTTCGATGCGCATTGCCACCTCAACTGTGAACCGCTGTTGAGCGAGATCGAGAAGTCGATCGCGAATTTCAAGCTGATCAATCTCAAGGCGAACGTCGTGGGTACGGACCTGGACAATAGCAAAATCGCGGTCGAACTGGCGAAAAAATACCCGGACCTTCTGAAAGCGACCATCGGTATTCACCCGAACGACGTCCATCTGGTTGACTTCAAGAAAACGAAGAAACAGCTGAACGAGTTGTTAATTAACAACCGCAACTTTATCAGCTGCATTGGTGAGTACGGCTTCGACTACCACTATACCACCGAATTCATCGAGCTGCAGAACAAGTTTTTCGAGATGCAATTCGAAATTGCTGAAACCAACAAGCTGGTTCACATGCTGCACATCCGTGATGCTCACGAAAAAATCTATGAGATTTTGACGCGCCTGAAACCGACCCAGCCGGTTATCTTCCATTGTTTCTCCCAGGACATCAACATTGCGAAGAAACTGCTCAGCCTGAAAGACCTGAATATCGACATTTTCTTCAGCATCCCGGGCATTGTAACGTTCAAGAATGCGCAGGCTCTGCATGAGGCGCTGAAGATTATCCCGAGCGAGTTGCTGCTGAGCGAAACGGACAGCCCTTGGCTGACTCCGAGCCCGTTTCGTGGCAAAGTTAACTGGCCTGAATATGTCGTACACACCGTCAGCACGGTGGCGGAGATCAAAAAGATTGAAATCGCGGAGATGAAGCGCATTATCGTTAAAAATGCAAAAAAGCTGTTCTGGCATTGA,False,59.733752620545076,476,476.0,0.0,58.12820512820513,506,506.0,0.0,987
BBF10K_001922,perfect,F1,ATGGACGTCCGCACCGAACGTCTGAACGAACTGTTCTTCGTCTACCATAAGAATTTGAAGAACCAGAGCAAGTCCAAATACAGCCGTGCGGTTAATTACCTGAAACGTCGTGGCTTCAATCTGCAAGACTTTTTGAAGGTCGGTGGTGGTGTCGGTTATCTGCAGAACAAAGAATGGCTGAATCTGCCGCTGTATAGCTTTGATGGTAATCTGATTGGTTTCCTGAACCGTAAAGTGAGCTACAAGAAGGAGTTCCTGTATACCCCGTTTAATAAACCTCCGAGCAAGAGCGAGGCGTTTGTCGGTTTGCGTGAACTGGTCATCAAAGATAATAGCATCTATCTGGTGGAAGGTGACTTCGACTGGCTGGCCTTTCGCAAGGCTGGCATCCTTAATAGCCTCCCTCTGTGCGGCTTAACCATTAGCAACCAACAGGTTCAGTGGCTGAAGCAGAAGAAAATCAAGAAGATTTTTATCTGCTTCGACAACGACCTGGCGGGCAAAAACGGTGCAAAGAACCTGAAAGAATACCTGACGAAACAGGGTTTCATTACCAAGGTTATCGAAATCAAGGCCGCCGCAAAGGATTGGAACGACCTGTTCCTCCTGAATAATAGCAACTGGAGCGCAGTTCTGACCAACCAACTGCTGTTTTGA,False,60.89762340036563,546,546.0,0.0,58.829174664107484,520,520.0,0.0,855
BBF10K_001923,perfect,D5,ATGGGTAAAATCAAACTGAAGAACCGTAAGGCGCTGGTGGTGTACGATAATAAAGACGACTTCGAGAAAAACCAAACCTTCGCGCTGTCTCTGATTAAAGAGCTGCAGAAGAAGAAGCTGAACGCGGAGGTGCTGCTGCTGGAGAATAAAGATATTAATTTCGAAGCGAAAATTAACGAGGCTGAGTTGATCTTGAATCGTAGCCGTAAAGTGGATTTTCTTAAGACGAATAACCAGATTAATACCTTTCTGGTGAATCCGTTTAACGTTGTTTTTATCGCGAATGATAAGTACGAGACTTATAAATGGCTGAAACAGAACCGCTTTTTGACCGTCAACAGCAGCCTCCTGAGCAAGGAAACTATCAAATCTTTCCCGGTGATTGTCAAAAAGCGTAACAGCCACGGTGGCAAAGATGTCCATCTGGTCAACAGCGCGGATGAAATCAAACACTTGAACATTGAGAACGCAACCGAGTGGATTGTCCAGCCGTTTTTGAGCATTGGTACGGTGGAGTATCGTGCCTATATTCTGTTCGGTAAGATCATTAAGGTCATTAAAAAGATTAGCAATGCAAATCAGTTCAAAGCGAACTTTAGCCAAGGCGCGGAGGTTAGCCTGTTCAAACTGAAATGGTTTACCAAGCGTAAAATTAAAAAGATCGCCAAACGTCTGCGCGAGGGCTACTACGCGATTGACTTCTTTCTGAATCGTTACAACCGTGTGATTGTGAATGAGATTGAGGATGCCGCGGGCGCGCGTGCGCTGGTTCAACTGTGTCCGGATCTGAATATCACCAAGATTATCATCCGTACCATCATCTCTAAATTTAAGAAGTTCCTGAAGAAAAAGCTGATCTCCTGA,False,60.18448637316562,476,476.0,0.0,60.780534351145036,523,523.0,0.0,1062
BBF10K_001939,perfect,E5,ATGAAGAAAATCTTGGTGATCGTTTACCCGGAAATGAATGACGTGGAATACACTAACGTGATGGTTGTTTTCAGCTTTATTAAAACCATCCAAACGACGTGTTATCACCATTCTCTGAAGAAAATTACGGCAAGCAATGGCGTGGTGGAAGTGAATAACATCGTCAACACCATCAACTTAAGCGAATTCGATGCAGTATACATTCCAGGCGGTATCGGTGCAACCAAGCATCTGGACAAAGACGAAAAACTTCTGAAAACGATTAATTATTTTAAGGTGAACAACCTGTATCTGTTCGCGATTTGCGACACGCCTAACGTCTTGTTCAAACACGGTATTATCACCAAAGACGAGATCTATAGCTCCTTTCCAAACCCGAACTTGGTTATGAGCGAGAACCGCTCTACCGCGAAAGTCACGGTCGCGAACAAGCTGATCACCGCTCGTAGCGCCGGCTGTGCGCTGGAATTCGCGACGGTCATCGTTTGCACCTTTCTGAAAGATAATACCCTGAACGAACTCGTCCACAAGCGCCTGTTTGGTAGCGAAATCAAAGATTGA,False,60.73512476007677,520,520.0,0.0,59.24330357142857,447,447.0,0.0,759
BBF10K_001962,perfect,F5,ATGAATATTATCAACCTGATTAACAAGAAGCAACGTGGCAAAGCACTGAACCTGGCAGAGATCAACTGGTTTGTGAATGCGGTCCTGAACAAGACGATCGCTGACTACCAGATTACCGCGTTTTTAATGGCAATTTGGTTCAAGGGTATGAATCCAAATGAACTGTTTCTGCTGACGAAGGCAATGGTGGATACGGGCGAGATTATTAAGTTTAACCACCACGGTAAAATTTCTGTCGATAAGCACAGCACCGGTGGTATTGGTGACAAAGTCAGCCTGGCGCTGGTCCCGATCTTGACCTCGCTGGGTTTCTCAGTCGCCAAGCTGAGCGGTCGTGGCCTGGGCTACACGGGTGGTACGATCGACAAGTTGGAAGCTGTTGGTGTGAAAACCGAGCTGACGGACCAGCAAGCACAAGCTTGCCTGGATAAGAATGATTGCTTTATCATTGGTCAAAGCAAAGATATCGCCCCGGTCGATAAGGTTCTGTACGGTTTGCGCGACATCACCGGTACGGTGGATAGCCTGCCGCTGATCGCGAGCTCCATTATGAGCAAAAAACTGGCGGTTATGAATGAGTACATCTTCATCGATTTGAAATACGGCAAAGGTGCATTTTGCAAGACGAAGAAAATCGCCAATGAGCTGGCTAAACTGATGCAATCTATCGCCAAGAGCTTTAAACGTAAATTGTCAGTCAAACTGAGCGATATGAACCAAGTGCTGGGCAAGGCGGTTGGCAATGTTATCGAAGTGAATGAAGCAGTCAATTTCCTGAAGCAGGACCTGGACCAAGTCGGTCAGGATTTCATTGATTTGATGCAGACCATTGTCATTAACATTCTGCTGGAAACCAAGCAAGCAAAGACGAAACAGAAGGCCATCGAGCTGTATCAAGATGTTCTGACCTCCAAGAAGGCATGGAATCGCTTTCTGTCGTTCATTGAGAGCCAAGGCGGCAATGTTGAGTTGTTCACGCAGAAGGAAGGTTTCTTTAAACCGAAATATAAAGCAAGCATTAAGGCAGAAAAGAGCGGCATCCTGCACTTCACCGACCCGATCGATCTGGCTAAAATCGGCATCAATCTGGGCGCAGGCCGCATGAAGAAAACCGATCAGATCGATCCGATGGCCGGTCTGTTCCTGATGAAGAAGGATAATGAGAGCGTCGCGGTGGGCGACACGGTGTTGAACCTGTACAGCAGCTCTCCGATTAGCAACGAATACATTAGCGCCGCGCAAAAGACGATCATTATCAACAAGTGA,False,58.19660194174757,411,411.0,0.0,58.15470852017937,445,445.0,0.0,1464
BBF10K_001983,mutation_1.0-2.0,G5,ATGGAAAACCAGAACTCCTGCAGCTCCGTCAAAGAAAAAGAACTCTATAATCCGAAGAAACCGTTCCTGTTCGCAGTGATTAGCTTTTTCGTTTTTATTATCTTCTTCGCGCTTGCGGGCAGCTTTACGAAATTCGCCTTGGAAGAAAGCCGTGGTTACAGCTTTCTGGTTATCGTCTGCTATCTGCTGGGCACCGTGTGCTTCTTTGTTTTCATTTATTTCTGGTTCTGGTTCCTGAGCGAATTCTTCGCCAATCGTGTTTTGGTGAAACTGTGGGATCTGCCGACGAAAAAGCGCCGTAAACGTCACGCCAAGAAGCAGCGCTGA,False,59.67493112947658,362,361.0,1.0,60.432671081677704,417,415.0,2.0,525
BBF10K_001987,perfect,H5,ATGCACAACACGAATCTGTTTGTCCTGTTCAAAAGCAAGGATGTCAAGCTGACTTATTCATCTAGCGGTAGCAACAACCAGATTAGCTTCGATAGCACCTCCCAGGCTAATAAACCGGCGTATATCGTGGAATTCACCAACAGCACCAACATTGGCATCAAGTGGAGCGTCGTGAAAAAATATAAGTTGGACGTTCCGAGCGTTTCAACCACCATGAATCAAGTGTTGCAAGAGCTGATTCTGGAACAGCCGCTGACTAAGTATACCCTGAACAGCTCTTTGGCAAAGGAAAAAGGCAAAAGCCAACGTGAGGTCCACCTGGGTTCCAATTCCAACCAGTGGCGCTCCATGCGTGATCAGCATGGCCTGAATAACAACCCGAGCCCGAATGCGAGCACGGGTTTCAAACTGACCACGGGTAATGCTTACCGTAAGCTGAGCGAGAGCTGGCCGATTTACCAACCTATTGATGGTACCAAACAAGGCAAAGGTAAGGACAGCAGCGGCTGGAGCTCCACCGAAGCAACCACCGCGAAAAATGACGCCCCGAGCGTGTCTGGTGGTCGTAGCAGCGACCAAAGCAATAAATTCACGAAGTACCTTAATACCAAGCAGGCTCTGGAACGTATTGGTATCCTGTTCGAATCGAACGGCGAAGCCCGTAACGTCGTGAGCCTGCTGCCGCTCCTGAGCACGCAACAGGGCGAGAAGTGGAGCATTCCGAATCATCAACATCTGCAGCAAGTGAACTGGACGTGGCAAGTCACGATCAAGTGA,False,60.55818540433925,506,506.0,0.0,60.39076376554174,562,562.0,0.0,975
BBF10K_001996,mutation_1.0-1.0,A6,ATGGTGTTGAATCAAAATAAGAATAGCAATAAAGCGGAATACGGCGGTATTGTCGTCAGCGTTTTTTACTTAATCCTGTTTTTTCTGATCTTGAATATCACCATTTACTTTCACAAAAGCACCAACTTTACCGTTGTAGTGAAAAATAGCGTGCTGACCTCCTTTTTTGTTAATCTGTTGCTGGTGTGTCTGCAAGGCATTTTTCGTCTGAAAACGTGCGACGGTATGCGCTATGAGATCTCCAAATTTAATCGTTATCTGAAGCTGGGCTCTGTGTACGCCAAGCCGTTGGTGAGCTTTAATCAATACCAGGACCAGAGCGCGACCTATCGTCAAAAAACCAGCGGTTTCTGGTGGATGAACCTGATCGTTTACCTGGTCGGTTCCCTGGTGAGCGGCTTGGTCAGCCTGCTGTGA,False,59.6797385620915,458,457.0,1.0,59.94747899159664,475,474.0,1.0,615
BBF10K_002004,mutation_0.0-1.0,B6,ATGGCGTCCGAAAAACAGTATATCGCGGGTGTCAGCGGTGGTAGCGATAGCATGCTGATGCTGAAGCTGTACCAGAAGAAAATTGCGTGTGTGGTTCATGTTAATTATAATACCCGTTCGACGAGCCTGCGCGACCAGAAACTGGTCGAACAATATTGCCAAAAACTGAACATCCCGCTGGTGGTTCACACGGTGGACCCGGATCTGGTCTGGAAAAAGAACTTTCAGAATCAAGCGCGTAAAATTCGTTTTGACCAATTCAAGAAAACTGCGAAATTGTACCAGACCAACAAACTCCTGCTGGCGCATCACCGCGACGACTTTATCGAACAGGCTAAAATGCAACTGGATGCGAAGAAACGCGCGGTTTACTATGGTATTAAGACCCGCTGTGAGTTGTATGGTCTGAAGATCTACCGTCCGCTGATGAAGTACTGGAAGGACGAAATCATTGCGCTGTGTCGTCAGGATCATATTCCGTATGAAATTGACGAAACCAATAAGTTGCCGATTTACAAACGTAACGAGGTTCGCCTGGAAATCGAGAAATGGAGCAAAATCGAGAAAGAGCAGTTCTATATCGCCATCTGCGCCATGAATAAAACCATTGCGCAGAAGCTGTTTGTCCTGATGAAAAAAGCAAAGAAATGGCTGCTGCAGCCGGATGTGCGTGAATTGAAACGTTTTAGCATCATTGATCAAAAACAACTGATTTACAGCTACCTGATTTACCACAAAATCAATGTGAACGGCGAGAAGATCGACGCAATCCTGGACTTTATCCAACCGAGCCAGCAGAAACAGTACCGCCTGCAGAATGACATTTTTCTGATGGTCAAAAATCAATGCTTGGCGCTGTTGTACAAGTCCTGA,False,58.25059101654846,422,422.0,0.0,59.523595505617976,444,443.0,1.0,1071
BBF10K_002029,perfect,C6,ATGCAGGCGGCGAATGATCACTTTTTTACCGGCCTGAGCAAAAAAGGCCCGGTTCGTAAGGAGAACCAGGACTTTTACGGTTTTAGCTTTAATCAAAACAATTTGCTGATCGTTGTCTGTGATGGTCTGGGTGGCTATAAGGGCGGCAAGATCGCTAGCAACCTGGTGGGTAAACTGTTCCTGAGCCTGTTCGAGGGCTTCGAGTTCAATCAGTGGGACGAAACCACCGTGAAAAAGTGGTTCGAAAATACGCTGATCCAAGCGCGCTTTCAGTTGGAGAATTGCTTTCAAACTGTTTACGAAGCTCAGATCCAATTCGCCCGTATGGCCAGCACCCTGGTGCTGGGTATCCTGACCAAGAGCGATATCTACATTTTTTGGATCGGTGATTCCCGTGCGTATCTGCTGTTTGAAAATCAGGCAAAACTGGTTACGAAAGACCATAATTTGTACAACCAACTGGTCGCCATGAACGCGGATGAGAAACTGCTGTTGAGCTATTCCAATCAGCTGCTGGCGCTGACGAACACCATCTCCAAAGAAACCAAGCGTCCTCTGGTCTACGGCTTTTACAATACCAAAATTGAACAACAGGAGTTTTTGCTGCTGTGTAGCGACGGTCTGTACAACTTTGTCGAAAAAGAACTGTTCTTTGAGATCATTACCAACTCTAAGAATCTGAAGCAGGCAGTGTTCAATTTGTACCGCAAATCTATCGAAAATGCGAGCAATGACAACATTACCGCGGCGCTGGTTAACTTGCAAAAATGGAAACAGTCCTGA,False,59.53953488372093,429,429.0,0.0,60.40889830508475,471,471.0,0.0,981
BBF10K_002038,perfect,D6,ATGGATAAGAATATCTTTCAGCTCGTGCAGTCCTTTGCTAAGACGCAGAATGTCCGTGCTAATTATACCAGCCAGGATAAGAATATCTCTCTGGATTTTGTCAGCTTTGAAACCGTGAGCCAGAGCCTGACCGGTTTCTTGATTTTCAACAACTTTAATAAACTGCTGCAGCTGATTGAACTGATCAAACAAAAGCAGACGTGGCTGTATGTCGATCAGCTGTGGATCGTAGACTTGAGCAACAATAAAGCTCTGACCGACGCGACGGTTTGGATTATTAAGCAAGAAAAGCTGCCGGTGAGCGTTGCGGCCTTCAGCAATCAACAACTGAACCAAGTGTATCGCAATAGCTCCACCTCGCCGTTATACCTGAGCTATGTGAAACCGATTGAAGTTCAGCAGTTCTTCACCCTGAGCCCAAGCATCAACAATAACCCATTTCTGAATCAAAATCCACTGACTGAAAGCCCGTTCGACAACAATAACCAACTGTTCCAGGCAACCAAAAGCGTCGAGCCGAGCATGGAAACGATGGAGTTTAGCCGTTTTATGGATGAGTTCGACCAGATCACGAAGAACTTTAGCGATATCGAATTGGAACCGATGCAGTTCACCCAAAGCTTTGATGATTGGAGCAAGGATTGA,False,60.22142857142857,559,559.0,0.0,59.68287937743191,513,513.0,0.0,843
BBF10K_002062,mutation_1.0-1.0,E6,ATGATTACGCAACACCTGAACAAGGAGAATACCCGTTGGGTTTTCATCCCGAATTTCAGCCCGGACATTTGGACGGGTGCCGGCTATCGCAAAGCGAATAATAACAATAACGGCATTCCGTTTGAGCAAGTTAAACCGAGCAATAGCTCCACTCCTTTTAATCCGACCAGCGCCGGTGGTAGCAGCGCGAAAAAGACGACGACCTACAGCTTTTTGCCAAACAGCATTTCACCGACGTCGGACTGGATCAACGCCCTGACCTTTACGAACAAAAATAATCCACAGCGTAATCAGCTTCTCCTGCGTGCATTGCTGGGTACCATCCCGGTGCTGATCAATAAGAGCGGTGACAGCAATGATCAGTTTAACAAAGACTCGGAACAGAAGTGGGACAAGACCAATGAGAAGGATGGTAATTTGCCGGGTTTTGGCGAGGTGAACGGCGGTTTCTATAAAATCTTTACCTACTTAATTGTGAAAAAGGTCCTGAATTTCTCCTGA,False,59.73406193078324,548,547.0,1.0,60.08961303462322,490,489.0,1.0,699
BBF10K_002080,perfect,F6,ATGGCAAAGTTGAAAGTTATCCAATTTGACGGCAGCTTCAAAGGCGAAATCCAGCCTGCTAATCATCTGCTGCTGAAGAAAGCAGTTATCCAGCCGGTTTTCGACGCTATTTTGTTGGAACAGGCGGCCTGCCGTCAGGGCACTCACTCTACGCTGACCAAGGGCGAAGTGAGCGGTGGTGGTAAAAAACCGTACAAGCAGAAACACACGGGCAAAGCGCGCCAAGGTAGCATTCGTAATCCGCATTATGTTGGCGGCGGTGTTGTTTTTGGTCCGAAACCGAACCGTAATTATAAATTGAAACTGAACAAGAAAGCCTATCAGCTGGCCCTGACCAGCGCCTTCGCCCAGAAGCTGAACAATAACCAAGTGATTGTCGCCGAAGCGAAACTGTTTGAACAGACCAACGCGAAAACCAAGAAAATGCTGACCTTCCTGAAAAATGCGAAGCTGACCGAGCAGAAACTGCTGTTTGTTATCGATACGATCTCTAAACCGCTCCTGCTGAGCACCAACAATCTGAAACAAATCGTGGTAAAGCAGTTTAACAAGGTCAGCGTTCGTGATCTGCTGCTGGCAAAGACGATCATCATTGAGAAGGCAGCATTCACCAAACTGGAGGAACGTCTGAAGTGA,False,57.98076923076923,311,311.0,0.0,56.60310421286031,450,450.0,0.0,834
BBF10K_002097,perfect,G6,ATGGAATTGCACCAGCTCAAGAGCGTGTCAAAAAGCCGTAACCACAAGAGCAAGGTAGTCGGTCGCGGTCACGGTAGCGGCCTGGGTAAAACCAGCAGCCGTGGTCAAAAGGGTCAGAAGGCACGCAAAAGCGGCCTGACTCGCCTGGGTTTCGAGGGCGGCCAGACCCCGCTGTATCGTCGTCTGCCTAAGTACGGTGTCGCAAATAAGGGCATCCTGAAGAAGCGCTGGGTAGTTCTGAACCTGAATAAAGTCGCAAAACTGAATCTCAAGACCGTGACCCGTGCGACCCTGATTGAAAAGAAGGTCATTAGCAAGAAGAATAATCTGCCGCTGAAGCTGATTGGTAACACCAAGCTTACCACGCCAATTCATTTCGAAGTGCAAAAAATCAGCAAGAACGCGCTGAACGCGGTTCAGACCAGCAAAGGCAGCGTTAAAATTATTACCTGA,False,58.57692307692308,467,467.0,0.0,60.41477272727273,527,527.0,0.0,651
BBF10K_002105,perfect,H6,ATGGAGAAATTCCTGAAATATGAGATTAAAGTGAACAACAACCAGCCGACCAACACGAACCCGAATTATGGTATCTTTGAAGTGGCTCCGCTGGAGAGCGGTTTTGGTATTACCATTGGTAACGCAATGCGTCGCGTTCTGCTGTCGTGTATTCCGGGTGCTAGCGTTTTCGCAATTGCAATTTCCGGTGTTAAACAAGAATTCAGCAACGTGGAAGGTGTTCTGGAGGATGTCACCGAGATGGTACTGAACTTCAAACAACTGGTCGTCCGTATTAGCGACCTGTTGTTCGAAGATGGTGAGATGATCGAACCGCCTCTGGAGCGCTGGCCGGTGCTGAAAGTCACCGCCGAGAAAAAAGGTGCGGTTTACGCGAAAGACCTGGAGTGTCCAGCCGGTTTTGAGGTTATTAATAAAGACTTGTATCTGTTTAGCTTGCAAAAAGACATGAAACTGACCGTTTCCGTGTATGTCAAGCAGGGCCGTGGTTTCACCAGCTTCCTGGAGAATCGCGAACTGATTAACAGCTTGGGTATCATTGCCACCGACGCGAACTTTAGCCCGGTCCTGCACTGCGGTTACGAGGTGCAGGAGGTCAAGACCAGCAAGCAAAAACTCACTGACCATTTGACGTTTAAAATCGCAACCAATGGTGCGATTAAAGCAGTCGACGCGTTCGCCATGGCCGCTAAAATCCTGATTGAACACCTGAATCCGATTGTCTCGGTGAATGAGAGCATTAAAAATCTGACCATTATTCAAGAGAAGGCGGAGGAGCGTAAGGTTAAGAGCTTCGCCAAGCAGATTGAGGAGCTGGATTTCACTGTCCGCACTTTCAATTGCCTGAAGCGCAGCGGTATCCATACGCTGCAAGAATTGCTGAGCAAATCGCTGACCGACATTCGCGAGATTCGTAATCTGGGCAAAAAGTCCGAACGCGAAATTATTAAGAAAGTTCAGGAGCTGGGTTTGAAGTTCCGTTCCTGA,False,60.05117270788912,468,468.0,0.0,61.02165354330709,507,507.0,0.0,1185
BBF10K_002110,perfect,A7,ATGGCACGTTACTTGGGCATTGTTTCGTATGACGGCAGCTATTTCAAGGGTTGGGCAATCCAGCCAAATCTGGCCACGATCCAGGGCCTGCTGGAACAAAGCTTTAGCCTGATCATTGGTCGCAAGATTAAGGTTATTGGTAGCGGCCGTACGGATAAGGGTGTTCATGCCATCAATCAAACCTTCCATGTGGATATCAACGGCGAGATCAACCTGAATCTGCTGATTCGCAAGATTAATCAGCTGATCAAGCCGCACTGCATTGTTAAAACTTTGGTCCTGGTCAACGACAGCTTCCACGCGCGTTTTCAAGTGAAAACCAAAGTTTACGAGTATCTGATCAATTGTGGTAATCTGAACCCGCTGCAATTCAATTATGTGTGGCAACTGAACCAACAACTGGACCTGGAGAAGCTGAAAGCGGACGCCACTTTATTTCTGGGTAAGAAGAATTTTTTGAGCTTCAGCTCCAGCATCCACACCGACAGCATTCGCACTATCAGCAAGATCACCATTCAAAAGGAAACCAACCAATTGGTTCGTCTGACGTTTTTTGGTTCAGGCTTTCTGCGTAGCCAAGTCCGCATGATTGTTGCGTGCTTGGTAAATCTGAATACCAACAAAATGGCGCTGGAAACGGTCGCGAAACTGTTCGAGCATCCGAAAAAAGGTAGCTGCGTCGTTAAAGCGCCGAGCTGCGGTCTGTATCTGAAAACGGTTGTTTACGAAAAGTGA,False,59.83693516699411,508,508.0,0.0,59.31736526946108,500,500.0,0.0,933
BBF10K_002132,mutation_0.0-2.0,B7,ATGCGCGTGAAGGGCACCAACACTACGCGCATCAGACGCAAAAAGTGGCTGAAGCAGGCTAGCGGTTCTTTCGGCACTCGCAAGGCGTCTTTTAAAGCGGCAAAACAGACCGTGATTCAGGCGTCCAAATACGCATATCGCGATCGTCGTCAAAAGAAACGTGAATTTCGTAGCCTGTGGATCCTGCGTCTGAACGCCGCGCTGCGCGCCCAAGGTATGACCTATAGCGTTTTTATCAATGAGTTAAAGAAAGCGAAGATCGTCATCAACCGCAAGGTGCTGAGCGAACTGGCCATCAAGGAGCCGAATAAGCTGAACCTGATTATCAACACGATCAAAAAGCCGACGAACAAACCGACCGTGGCCAAGACCTGA,False,60.13292433537832,488,488.0,0.0,59.49896480331263,464,462.0,2.0,573
BBF10K_002140,perfect,C7,ATGCAAAACAAACTGATTAAGGTTCTGGTTATTGCGGACACCCACGGCCAAAATCAGCGTTGGATTGAGCTGAAAAACTATCACAATCCGGACGTTATCATTCACGCGGGCGACCACATGACTACCAAGCAGTTCATGGACCAAAACGCCACCTTTTGGGTTGCCGGTAACAATGACAGCATCGGTAATGAGATTGAGATTTTCCAACTGGGCCAGATCAACTTCGTGCTGATGCACGGCCACCAGGCACCGCGTGATAACCTTAAGAAATGGTATCAGCTGTTGGTCCTGAAGGCGCAGCAATATCCGTGCGACGTCCTGATCTTTGGCCATAGCCATATCGAATACACCAACAAAATCAACATGATCCAGCTGATCAACCCGGGCTCTCTCCAACTGCCGCGTAACCAGACGAACACGCCGAGCTACTGCACGTTTATCGTCAACAAGGACGAGCTGACGGACCTGACTATTCACTATTACCAAGCCAGCAAAGTGTCCTGA,False,59.82835820895522,401,401.0,0.0,59.817142857142855,524,524.0,0.0,702
BBF10K_002148,perfect,D7,ATGGACAAGCTGTTCAAGACCAGCTTTCGCTTCATTATCCGTTTTCTGCAAATTCTGTCCCTTCCGGTTGTTTTCCCATATTTTCTGCTCAGCTTTCTGGCGTGTCTGATTACCAGCAAAAATTATGAAAGCCTGCCGTACAACTACCCTCCGGAAATTCGTTTTAAGAAAGTCTACCGTCTGGTATCCATGTGGCTGTATATTAAAGGCATTAAAGTCGTTACCGTTAACGACAAGATCATTCCGAAGAAACCAGTGCTGGTTGTGGCGAATCACAAGTCTAATCTGGACCCGCTGGTTCTGATTAAGGCGTTTGGTCGTCTGAAGAACTCGCCGCCTCTGACCTTTGTGGCGAAAATTGAACTGAAGGATACCGTTCTGTTCAAGCTGATGAAGCTGATTGACTGCGTCTTTATCGATCGTAAGAACATTCGCCAGATTGCGAACGCCCTGGAAACGCAACAGCAGCTGATCCGCCAAGGTACTGCTATCGCTGTCTTTGCCGAGGGTACCCGCATCCTTTCTAATGACATTGGCGAGTTCAAACCAGGTGCACTGAAGGTGGCCTATAACGCGTTCGTTCCGATCCTGCCGGTTAGCATCGTGGGTAGCCTGGGTAAAATGGAAAGCAATAAACGTTTGAAGGAGCATGGTGTTAAAAAGTCGAGCAACTATGAGGTGAAAGTCATTTTTAACAAGCTGATCAACCCGATTAGCTTCAACCAAATCGACAGCAACAACCTGGCAAACAACATTCGCAGCATCATTTCGGATGCGTACACGTCTGAGAAGCCGAGCAATGATTGA,False,57.12385321100918,217,217.0,0.0,59.015533980582525,514,514.0,0.0,1005
BBF10K_002156,perfect,E7,ATGCGTACGAGCTATTTGAAAAAGATCCCGATCATGAACAGCGACAGCGACCTGAAGCTGCAAAAGGTTTGGATCGAACGTCATGTAGATCAGGATGAGCTGTCGCTGACCACGACGGCAGTTGAATTGAAGAAGTCGGATGAGCAAAAACCTGTGGCAATCAAAAGCAGCGACTTTATTGGCCATGAAGAACTGATCAGCGTGCCAGTCCTGTTGATTCCGACGCCGGTCGTCAAAGAAATTGATCAGCCGGCTGTAATCCCGCCGGTCAAGGCGAAGCCGAAGGCGACCAAGAAGAAAACGCCGGTTAAATCAAAACCGACCAGCAAGAGCACCAAGCAAACCAAGCCAAAGCAATCTAAACCGAAATCCAAACAAGTCCAACAGACGAAGGCTAAACCAACCCAGATTCAGACCAAAAAGTCCAATAAGAAAACTCGTTCCTGA,False,59.53719008264463,362,362.0,0.0,60.707692307692305,519,519.0,0.0,645
BBF10K_002247,mutation_1.0-0.0,F7,ATGGCAGCGAAAAACCGTACTATTAAAGTGGCAATTAATGGTTTTGGTCGCATCGGTCGTCTGGTTTTTCGTAGCCTGCTGTCCAAGGCGAACGTTGAAGTTGTGGCAATTAACGACCTGACCCAGCCGGAAGTGCTGGCGCATCTGTTGAAGTACGACTCCGCACATGGCGAACTGAAGCGTAAGATTACGGTTAAGCAGAATATTCTGCAGATCGACCGTAAAAAGGTGTATGTTTTCAGCGAGAAAGACCCTCAAAATCTCCCGTGGGATGAACACGATATCGACGTCGTTATTGAAAGCACGGGCCGCTTTGTTAGCGAGGAGGGTGCGAGCCTGCACCTGAAAGCGGGTGCCAAAAGAGTGATTATCTCGGCGCCGGCAAAAGAGAAAACCATTCGTACTGTGGTTTACAACGTCAATCACAAGACCATTAGCAGCGACGACAAAATTATCAGCGCGGCCAGCTGCACCACGAACTGCCTGGCTCCGCTGGTCCACGTTCTGGAGAAAAATTTTGGCATTGTTTACGGCACGATGTTGACCGTCCACGCATACACCGCTGACCAGCGTCTGCAGGACGCTCCGCACAACGATCTGCGTCGCGCGCGTGCGGCAGCTGTCAACATTGTTCCGACGACCACCGGCGCGGCCAAGGCTATTGGTCTGGTTGTTCCGGAAGCAAACGGTAAACTGAACGGCATGAGCTTGCGTGTCCCAGTTCTGACCGGCAGCATTGTCGAGCTGAGCGTGGTTCTGGAGAAAAGCCCGTCGGTCGAACAGGTTAACCAGGCCATGAAAAGATTTGCAAGCGCATCTTTTAAGTATTGTGAAGATCCGATCGTGAGCTCGGATGTCGTCAGCTCCGAATACGGTAGCATCTTTGACAGCAAACTGACGAACATCGTTGAAGTGGACGGCATGAAACTGTACAAGGTGTACGCGTGGTACGATAACGAGAGCAGCTACGTTCATCAACTGGTCCGTGTTGTGAGCTATTGCGCCAAGCTGTGA,False,59.42465753424658,437,436.0,1.0,59.74618320610687,523,523.0,0.0,1212
BBF10K_002270,perfect,G7,ATGAAGCGTGCGGACTTTTGTATCATTGGTCTGGGTCGCTTCGGTATGCAAGTGGCTCAATCTCTGAAGGAGAACAACTTTAATCTGCTGCTGATTGATCTGGACGACAAAAAGACCGACACCGCAAGCCAACAATTCGACTATGTGATTTGTTGCGACGCTAGCAATCTGACCGCACTGGAGGAGCTGCAAATTGATGAATTCGCGGGCGTTATCGTTGGCGTTACCAACATTGAGGCGAGCATCATGATCTGTGCGAATCTGCGTGAACTGGGCCAGAAAAACATCATTGCCAAGGCGAAGAACGAAGTGCACAAACGCGTCCTTTCAACCATGGGTATCCGTGAGGCGCTGATTCCGGAGAAGATTGTTGGCAAAAACCTGGTAATCCGTCTGATCCATGGTCTGGAGAATGAGATCATTAACCTGGGCAACGAGATTATTTTTATCCGTAGCGCGGTGAACAACAAAGCCTTTTTCAATAAGCGTCTGGAGGAGATCAATTTCCGTCAGAACACCGATGCGAACATTATCAGCATTATGCGTTCGAACAAAACCGTTGTTTTTCCGCTGGGCCCGAACACCGAAATCCAGCCGGGCGATATCATCACGGCAGTGTGCCAACAAAAGAGCCTGAATAAATACCTGAACTACATTAACCCAAAGACCAAAAATAAGAACTGA,False,60.23790322580645,495,495.0,0.0,59.739776951672866,537,537.0,0.0,882
BBF10K_002290,mutation_3.0-0.0,H7,ATGAAGTTGACCTACAACTCTAGCAGCGGTAGCAATAATCAGATTAGCTTCGACAGCACCAGCCAGGGTGAGAAGCCGTCCTACATCGTCGAATTTACTAACTCCACGAACGTGGGCATTAAATGGACGATGGTCAAAAAATATCAGCTGGATGTCCCTAATGTCAGCTCCAACATGAACCAAGTGTTGCAGGAGCTGATCCTCGAGCAGCCGCTGACGAAGTACACCCTGAATAGCAGCCTGGCGAAACAAAAAGGCAAGAGCCAAATTGAGGTCCATCTGGGTAGCAATAGCAATCAATGGCGCAGCATGCGTAATAGCATCGGTTTGAATAACAACCCGTCCCCGAATGCGAGCACGGGTTTCAAACTGACCACCGGCAACGCCTACCGCAAACTGGACCAGAGCTGGCCGATCTACCAGCCGATTGACGGTACCAAGCAGGGTAAGGGTAAGGATAGCAACGGTTGGAGCAGCACTGAAGAAAACGAGGCTAAAAATGATGCACCGTTGAGCACGGGCGGTGGCACCTCTGACAACGCCAGCAAATTCACGAAGTACCTGAACACCAAGCAGGCTCTGGAGCGTATTGGTATTCTGTTCGACGGTGACGGCATGCGTAACGTGGTTACGCAACTTTATTACGCGTCCACCAGCAAGCTGGCAGTGACGAACAACCACATCGTCGTTATGGGTAACAGCTTCCTGCCGTCCATGTGGTATTGGGTTGTTGAACGTAGCGCGACGACCGATTCTAGCAGCAAGCCGACGTGGTTTGCTAACACCAACTTGGATTGGGGCGAGGACAAACAAAAACAGTTTGTTGAGAATCAACTGGGCTATAAAGAAACGACCAGCACGAATAGCCACAACTTTCATTCCAAATCCTTTACCCAGCCGGCGTACCTGATCTCCGGTATCGACTCTGTGAATGATCAGATCATTTTTAGCGGTTTCAAGGCTGGCAGCGTCGGCTACGATAGCAGCAGCAGCAGCAGCTCCTCTTCCAGCACGAAGGATCAGGCTCTGGCGTGGTCTACTACGACCTCCCTGGATAGCAAAACGGGCTACAAGGATCTGGTGACCAACGATACGGGTCTGAACGGCCCGATCAACGGCAGCTTCAGCATCCAAGACACCTTTTCTTTTGTTGTGCCGTACTCTGGTAACCACAGCAATCAAATTAGCAGCGGTACCATCAAGACCGCTTACCCTGTGAAAAAAGACGAAGCCTCTCAAGTCGCAATTAATAGCCTGATCAACGCAACGCCGCTGAATAGCTACGGTAGCGGTATCTTCTTCCTGTTTCAGCCGCACCCGAAGGTGGCAAAACGCTGA,True,0.0,3,0.0,3.0,58.49235474006116,653,653.0,0.0,1536
BBF10K_002296,mutation_0.0-1.0,A8,ATGAGCCACAAGATTAATGACCAAACCCTGGTTAATGAACAGCGTTTACTGGCCTACGACTTCTTCCAGAATTCCAATAAAGTCGGCTTGTTGTCAACCTTGCAGTACCTGGATTTCGTGAATTTCCTGGTGCGTAGCAAGAAGGTCAATTATCTGCTGGTGAACAAGGTCAGCTTGCCGATTTACCAAAAGATTTACTTCGACAACTTTCCGTTCCTGGGCTTTGACAATAATTTGTGGAGCGCGTTCGGCCTGGCCCTGCGCAACAAATCCCAAAATGACACCGTGTTCGCGTTCGTCGAGAAAACCAAGAATACGGACACCGAGATTAATAAATTTCTGAAAATCCTTAAGACCTTTAAAGGCCTGAAAATTGTCTTTCTGCTGATTAATAGCCCGGAGGAAAAGACGACGATCAAGCTGTCCGATAGCCTGATCAAAGAGATTAAAAAGCAGAAGATCAAGCACGAGGTGTACAGCCTCCGCAGCTTCCAAAACAAGTTCTTTAAACTGGTGCGTAAACTGGAAAAGAAACACAAATCTAAGAATAATGTTATGTTCGTTGAACTGAATGGTGTTTTTGGTTACGAAACCAATTTCGAGAAAAGCAATATCGACTTCAGCTTCACGAGCTTCCAGGATCGTTTCACCATTGAGAAAAAGCTGAAAATCACGTCACACTTCATTTTGCCGCATAAGTATCTGCTGAAGAACCTGGAGAACATTAAGCACCCGAATTTTGAGCAGAAAAACCTGATCTGGCAACAGACCGTAAAAGACTTTAATCAACAGTTCCTGTTGCACTATAGCAAGCTGCAAGTGTTTTCTAACAGCCCGACCAAACTGAAAGTTGATGCATTAATTTTTGATCTGGAGTTCCACCTGATTGTGGAAATCATGAAGGGTTTCAACTTTGATGAAAACTGTATTTGCCTGCTGGAGGGTAACAAAGAACAAAACCCAAATCTGCCGACCGTGTCCCTGGATACCAAAGTGGCAGACATCAAGACGTATCAGGGCTGCTACTTTCTGAACAACTGA,False,60.5010752688172,464,464.0,0.0,58.9609375,511,510.0,1.0,1239
BBF10K_002305,perfect,B8,ATGGACAAATTTTTAATCGATGTTATCGTGGAGATCCCGAAGAACAGCAAGATCAAATACGAATATGACCGCCAAACCGGCCAGATCCGTGTCGATCGTATTCTGTTTGGCAGCGAGAGCTATCCGCAAAATTACGGTTTTATCAAAAATACGCTGGACTGGGATGGCGACGAGTTAGACTGCTTTATCTTCGCCGATCAGCCGTTCCTGCCGGCCACCGTGGTTCCGACGCGCATCGTGGGTGCTCTGGAGATGATTGATGATGGTGAAATTGACACTAAACTGCTGGGCGTTATTGATTGCGATCCTCGCTACAAAGAGATTAATCAAATTTCGGACTTGCCGAAGCACCGCATCGAGGAAATCCTGATCTTTCTGAAAACGTATAAGCTGTTGCAGAAGAAAACCGTTATCATTAAGGGTCTGAAGGATGTCTGCTGGGCCAAAAAGGAGTACGAGATCTGCCTGCAACTGATGAAAGATTACGGCCACCTGAGCAAGGATCAGTTCATCCAAAAGATGCAGATTCTGCACCCAGAGCACTACCAAAAGTGA,False,59.99340659340659,454,454.0,0.0,59.2430426716141,538,538.0,0.0,753
BBF10K_002338,perfect,C8,ATGATCAAACTGGGTTGGGCGAGCTTCAGCAACACGGAGTTCGCCCAAGATATCTTTATCAAATTTGCCAACCAGTTTTACAAGCAGGACGACGCCGGCACCATTCTGTTTGAATTGAAGAAAACCCTGGGTGTGAACCAACTGGACGAAATCGAGAAAAATAAAAAAGTCATTATCGTGAACCAATTCCAGAATAGCCTGGGTAAATTCCTGTTGTTTAATAAGGAGAACACCAAGCGTATCAATAGCCTGGCGAATGAGCATATCAGCAGCTTCCTGAAGAAGATTTTCCGCTTGAGCGGCTTCAAAGACATGCTGATCGACGTTCAACACCACAAAAAGCTCCAAAAGTGTTTGCTGCGTGAGATTCATCTGCTGGTATGTCTGATCAACAGCAACCAGTTTAGCGACGAGCTGATGCAAATTATTGAATGGTACCAGTATCTGAAAAAACACAGCTCCAAACTGTTCGTGATTACCGCGAGCAGCGATAAAAAACCGGTGATTGAGCCGACCATTAACGAATATAAGGCTATTTTCGGTGAATACCTGAGCAGCTTCCATTTGGATCTGAAAAACAATCAGTCCAATGATCTGTTCCAGAAACTGCTGGATCAGATCAAGATCAAAGCGACGTCCAAGACCAGCCTGCGCTGA,False,59.977375565610856,441,441.0,0.0,59.73848987108656,542,542.0,0.0,855
BBF10K_002339,mutation_0.0-1.0,D8,ATGGACGAGAAGGGTATCTTGGTTGCGATCAGCGGTGGTAGCTGCAGCGGCAAGACGACCGTCGCAGAGATGATTTACCAGCTGCTGAGCAAGAAACTGAAAGTTGCGATCATCTGCCAGGATAATTATTACAAAAGCTACAAAAACAAGCCACTGTTAAAACGCAAGACCATTAATTTTGATCATCCTGATGCCTTCGATTGGAAACTGCTGCGTAGCCATATCGAAGATTTGCTGAATGGTTCCATCGTTAATGTCCCGCTGTATGATTACATTAATTATACGCGCGCGAAAAAGACGGCGAAGATCGGTCCGATTGACGTCGTGATTCTGGAGGGTTTGATGCCGTGGTTTGACGAAAAGCTGTCCCGTCTGTCCAAGCTGAAGATCTTTATTGAAACCAATGGCGAGGAACGCCTGATCCGCCGTATCGAACGTGACTGGCAACGTGGTCGCAATATCGACTCGATCATCAAACAGTGGCGTGAGATTGTGGCACCGATGTACGAGATTTTTGTCGAAAAAATGAAACGTAATGCGGACCTGATTTTGCCGTGGTCACAGCGTCGCGAGGTGTCCACGTCCGTGCTGGATGTGGCAATTGAACATCTGTTCCACAAAACCGTGGAGAAAAATAACTGA,False,59.807760141093475,566,566.0,0.0,60.17453798767967,486,485.0,1.0,840
BBF10K_002347,mutation_0.0-2.0,E8,ATGAAGCAGAAGATCCTGGGTATTACGATTGCGTTTATTATTCTGCTGCTGACCACGGTGGCAATCCTGTTTAGCGTAAAGGTGAAGCAATATCTGAATGTGAACTTGTGGACCACGCAACAACAAAACTTTCTGATGTTTAAAAATGAGAAAGACGAGAATCTGTTCAACAACGTTAGCTGGACGAACTTCCAAGCAGAAACTACCGAAAAGAGCGCAAAAAAGGCATTTCGTCTGTACAAGAAGAAAATTAGCACCAGCGAGATTAGCAGCGAACTGAACAAAAATCTGGTAAAGGTGGACCTGTCCGTCACGCTGGAGCAAGGCTGGTATAATATTACCATCATGCTGCCGTCCAAAGATCTGTTCGAGGTGATCTTTTGA,False,58.63061224489796,489,489.0,0.0,59.456204379562045,490,488.0,2.0,582
BBF10K_002362,perfect,F8,ATGGTTAAAGCGAAGAAACTGGTCTTTAAGTGGAGCCTGCTGGTTTTCAGCTTTTTCACCCTGTCTTTATTCCTGGTCAGCTGCACGGAAAACGTACGCGAAATCAAGAGCTCCAGCGTAATCAATGAGCTGTTTCCGAATTTCTGGGTTTTCATTACGCATCTGCTGGCGTTTTTCATTCTGCTGACGCTGATGATCTTCCTGTTTTGGAAGCCGACCCAGCGTTTTCTGAATAATCGCAAGAACTTACTGGAAGCCCAGATCAAACAAGCCAATGAACTGGAGAAGCAGGCGCGTAATCTGCTGGAAGAGAGCAACCAACGCCATGAAAAGGCTCTGATTGTCTCCAAAGAAATCGTGGACCAAGCTAATTATGAGGCGTTGCAACTCAAGAGCGAAATTGAGAAAACGGCGAACCGCCAAGCCAACCTGATGATTTTCCAAGCGCGTCAAGAGATCGAGAAGGAACGTCGCAGCCTGAAAGAACAAAGCATCAAGGAGTCTGTCGAGCTGGCCATGCTGGCCGCGCAGGAACTGATTTTGAAGAAAATCGACCAAAAGAGCGATCGCGAATTCATCGATAAGTTTATCCGTGACCTGGAAGCCAACGAAACGGAGGACGATTGA,False,60.34537246049661,442,442.0,0.0,60.50547445255474,547,547.0,0.0,825
BBF10K_002389,perfect,G8,ATGGCTACCAAGATTGAACTTATTAAAGAACTGCGTAAGAGCACGCAGGCCAGCGTGATGGACTGTAAGCAGGCGCTCGAGAAGAATAACGACGACTTCGAGAAAGCAGTTAAGTGGCTCCGCGAGAATGGTATTGTTAAAAGCACCAAAAAACTGAATAAAGTTGCATCGGAAGGCATTATTGTGCTTAAGAGCAATTTGCACAAGGCGATCATGGTCGAAATTAATAGCCAAACGGACTTCGTGGCGAAGAACCAGGAACTGAAAGAGTTTAGCGATCTGATGCTGGAGAAAATCTTCGAGAAGGTGAATCCGAAAACGGAGCTGGTTGAGATTGAGAAGATTCAAATTAATAACGATGAGAAAGTGAGCGAGAAATTAGCGCTGATTGCCAGCAAGACGGACGAGAAGATCGTTCTGCGTCGTGTTGTTGTTTTTGAAACCAAAACCAACCAAATTTTCACCTATTTACATGCGAATAAGCGCATCGGTGTCATCATTGAGATCCAAGGTAAGCTGAACGAAGATGACGGCAAACACCTGGCCATGCATATCGCAGCGAACAGCCCGCAGTTTATCGACCAGTCCGATGTGAACCAAACGTGGCTGCAGAACGAACGTAATATCATTCGTAGCCAAGCCGAGCTGGAAGTGAAGGAAAACCCGAAAAAAGCCATTTTTCTGGAAAAAACCATTGAAGGTCGTGTTAATAAGCTGTTGATCGATACGTGCCTGATCAACCAGAAATACCTGATTGACGAAACCAAAACCATCGGTCAGTTCCTGAAGGAAAAGCAAGCTAAGGTCCTGAAATTTATTCGCTATGAGGTTGGTGAAGGCATTATCAAAGAAACTGTCGATTTTGTTAGCGAGGTCAACGCACAAATCAAGCAGTGA,False,60.266536964980546,513,513.0,0.0,59.10034013605442,587,587.0,0.0,1095
BBF10K_002404,mutation_1.0-0.0,H8,ATGCGTATCGCGTTCCTGGTGGATTCCGTTAGCAATCTGAAAGAGGACAAGAACAGCCACCTGTACGTCCTGCCGTTGTATATCATTGAAACGATTGCAGAGCACCAAGAAACCTTCAAAAGCGGTTTCAACATTGACTTAAAGACGCTGACCGACAAGATGATCAATGCACCTAAAGGTGTGAAGTTCAGCACGAGCCAAACCAGCGAAGAAGAAGTTCGTGATAAGGTTAAGAGCATCATTAATGACTATGATCTGATTATTGGCATCCCGATTGATAAAGAAATTAGCACCAGCTACCTGAATTGGAAAATCGTGGAAAAGGAGTTCGAAGATAAATTCCACGTTCTGGATAGCCGTATTGTTGAGGTGTTGATTGCATGGTTGATCAGCGATATCAAGGTTTGGTTGAAAAATAACCAGTATAGCCGCGCCGGCCTGGACGAGTTTGTTTATAACTTCCGTAACAAATGCGGCGCTATCCTGTTCGTGACGGACACGAAACCGCTGGTCGCGGGTGGCCGTCTGAGCAACCTGAAGTCGTTCATCATCAAGTCGTTCAAATTCCATCTGCTGATTAGCTTTCTTGGCGAAACTGGTAAGCTGCAATTCTTTAATAAAGCTCAAAGCGCCAGCAGCGCCCACAAGTTGGCAGTGCAATTTCTGGAGAAAAAATTACTGAAGAAGGAAGTTAACTTTCGTCGCGCGGCATTACTGACCACCATGTTCGAAACCGACAAGAACCAGTTGATTAAACAAGAATTTGTGACGCTGCTGAATAACGCCGTTGACGTTAGCGAACATTTGCTCAGCCCGGTTATTTGCACGCACACCGGCATCAATAGCTATGCGTTTCTGATTCAGACCGAGTGA,False,60.70220588235294,543,542.0,1.0,58.783303730017764,562,562.0,0.0,1071
BBF10K_002426,mutation_1.0-0.0,A9,ATGAGCATCAACAATAAGAAAAAACGCTTCTTTTTCGACCTGGCCCAAGACGACGATCCGGAGCAATCTCTGCTGGAGGAGGATCTGTTCTCCATTAAAGAAAAAGTTACGCCGCAGAATAAGAACAAATTTAACCAGAAACAGAATCTGTCCAAACGCGAGGAAACGAGCTTCGACAAGGATTCTAGCAGCTTTGACTTCGGTCCGCTGAGCGCGTTCGAAAAGACTTTTCCTAAGAGCTTCTGGTCCAAGAATAACTCATTTCAACAACCAGAACAGATCAACCAGCAAAACGAGAATAACCTGGAAAACTGGAATGAAGAAAAGAGCTTCAGCAGCAATTTCAGCGGTAAGCCGAAGAAGGAGCGCTACTTTCAAGAAGAACAAAACTTCCAGTATCACAACAACGGCTTCTTGCAGCAGAAAAACCAGAATTTTCAACAACAATTCACGCAGCCGCAACCGATTCCGCCGCAGCCGAAAACCAAGATTCCTGGCATTGTTCCGGTCGAACGTCAGGAGAAATTGGATACCGGCGTGCATTTTTACACGTCCCAACGCGTCTGGCAAAAAGTCCGCAATTACAGCAAAGCAGTGAATATTCCGATTTCGCGTATTCTGACGATTATTCTGGATAATGTCATCGAAGAGTGA,False,60.0,543,542.0,1.0,60.05,559,559.0,0.0,852
BBF10K_002438,perfect,B9,ATGAAGTTCAAGTACCTGAGCATCCCGTTCCTGTCGAGCACTTTGCTGTTCAGCGCGTACGCGAGCATCCAGAGCGATCTGCGTAATTTAATTCAAGAAACCACGAAACAAGACGTCGACGTCTATAAAGTCATCAAGACGAGCGAGGGTCGTAAAAACTTGATTACCTCTTTGAAGAAAAGCTATGAAGTCAACCCGGACAAAACTACCAAACTGCTGTTGGACGCGTGGAAACAGTCCGCGGAAAAGGGTGAAATCGATATTGAGAAAATCAATTTTCCTGATGTAGGTATCTACGCCACGGGCAACGATCCGCTGAAAATCGAGCTGAAAGTCGAGTACTTTGACATGGAGTATCAAGATCTGAACAATTTTTCGATTAACGCAAAGCTGAACTATAATTTTAATTGGCATGGTAATTACAGCAGCAACGGCTTTGCTGCGAAGAAAGGCGATAAGCACGTCTTTGATCTGCCGCTGGCAATTAAGCCGTCCAGCAAAAACCAGAGCAAAACGATTAGCTTTATCACCAAAACCGGCGAGGGTGTGGACACTGAATGGATTGAATTTCCGGTTAGCCTGAGCTGGAGCCTGCAAGGTAAAATTAACAAGGTCAAGGAGATTCTGCGCAAAAGCTTCTGGAAAGCTATGATCCTGGAGCAAATCTTGAATACCCAGTTGATCTCCCTGGATACGTGCTTCTCCTGA,False,61.140977443609025,531,531.0,0.0,59.92224622030238,462,462.0,0.0,906
BBF10K_002453,perfect,C9,ATGGATAAGAATACCATCTTGGAATTCTGTTTCTTCGGTGATCGCTACCAGCTGATGGCGCTGAAAAATCCGAACAAACTGGTCAAGAACAAACAGGTGAAGGCGGCGTTCAACGTTTTTATGAAGCACCGCACCACGCTGAGCGCGACCAACTACATGGCACAAATCGTGGAAAATTTTGAACAATTTCTGGAGTATATTCACGACAAGCTGCAACCAGGTAAACTGCTGGCCCTGTTGTTCAAAAACAAACAGTTCCTGGGCTGGTTTTGTGTGGGCCAATGGGGCAACATGCCGGTCCTGAGCTTTTGGATTGATCCGAGCCAGCAACAGAGCGGTGTGGCGCTGGAAACGATCAGCTTCTTCTTGAAGTATTACCAGCGTACCCTGCAACCACGTGAGCTGGTTTGGAGCTTCTACGAAAGCAATCAACGTAGCAGACATCTGGCAAATAAACTGGGTTTTCCATCTCTGTTCTATTTTAAGAAGGCCGAACCGAACGCGCCGAAGGTTTACTTCGGCACCAAAGACTTCAAGGGCGAATCTGTGATCGAAACGAAGCCGTATCTGGGTTGGGGCAGCGGTTGGAAGGTGAATCAGATGCTGAAGCCGACCAAAAACCTGACCGTTAACCTGATTAACATCGGTTTTGACGCATACGCGGACAGCCAAAAAGCGTTGCTGGCTTGGTTTAAAACGCATAAGCTGACCAAGGGTCAGGTCGAAGTATTCTTTAACTACGAACTGTGCTGCCTGTGTATCAGCTATAACCACAAGCAGAGCTGGGTGGTCTATTCCTTTCAACAACTGCTGGCCAAACGCTGA,False,59.78135048231511,310,310.0,0.0,60.53900709219858,563,563.0,0.0,1023
BBF10K_002469,bad_clone,D9,ATGAGCGTGCTGCAAAAACCTCGCGGCGTGAAAGATTGGTATGGCGAAGAGTTGATTTACTTTAACTGGACGGTGCATCAAATTACGAACCTGGCCTGGAAATGGGGTTTTTCTGAAGTTAAGACCCCTCTGCTGGAGTACGCCGAGGCGTTTAAGCGTACCAATGCGAATGCGGACATCGTCAAGAAGGAACTGTACGAATTCCACGACAAATCCAACCGTCTGCTGGCGCTTCGTCCGGAGGCGACGGCTGGCATCGTTCGTCTGGTGTGCGAGAATAAGCTGCTGCAGCCGCAAAATTATCCGCTGCGCCTGTTCACCATCGGCACGATGTACCGTTACGAACGCCCGCAAAGCAACCGCTATCGTGAACATTACCAGTTTTCCTGTGAGGTGATTGGCGATACGAATCCGACCGTGCTGCTTGACACCCTGCTGCTGGGCCATGCGATTATCCAGCAACTGGGCATCGAAGGTGTCATTTTGAAGCTGAACAACCTGGGTAATAGCGCGACGATTCAGCAATGGAACCAGGCCCTGCAAGCATATCTGACCCAATTTAAAGCCCAACTGACCGAGCTGAGCCAGTCCCGTCTGAGCACCAATCCGCTGCGTATCTTAGACGACAAGGTGGACGGCCAACTGCCGTTTATTTCCGATGCGCCACAAATCGAACAGTTTCTGGACGCGGAGCAACAGGCTCTGAACACCTGGCTGCAGCAGCAACTGACGCAGCAGCAAGTCCCTTTTGAGTGGAATCCGACCCTGGTGCGTGGTCTGGATTACTACACGGGTGTCGTGTTCGAATTTGTCAAGGATGACACCACGGTTCTGGCCGGTGGCGTGTATGACAATCTGGTTGAGGAACTGGGCGGTACCCCGACCAAGGCGCTGGGTTTCGCGTGTGGTATTGAGCGTAGCATCAATTGTCTGTCCGCCGTGAAGAAGCAGGCGATTCTGGCTAACCAGCCGCCGCGCCTGCTGGTTATCGGTCTGACCGAAGCGGCCTTGGAGAAGCTGTTGCAGCTGTCTCTGGGCTGGCGCGCGTATCACCCGGTGACCATTTATCCGAAGGTGATTCGTATCATTAATGGTATCCGTGCGGCACAACGTCTGGGCTACCGTTTTCTGGGCGTGATCGGCGGCAACAACCTGGAACAACAAACCATTACCGTCAAGGATCTGGCGACCGAACAGCAGACCACCTACACCTGGGATGAGTTTCGCCAACGTCAGGTTCTGTGA,False,59.73939393939394,494,215.0,279.0,60.59439252336448,534,236.0,298.0,1443
BBF10K_002491,perfect,E9,ATGAACATTGTCAACCTGATTAGCAAAAAACAACGTGGTAAAGCACTGACCGAAACGGAGATCAACTGGTTCGTTCATAGCGTTAATAATAAAAGCCTGGCAGACTATCAAGTCTCTGCATTTCTGATGGCGGTCTGGTTCCAAGGTATGAACAGCAAAGAACTGTTCTGTCTGACGAAAGCAATGGTGAAATCTGGCGAGTCCCTGCATTTTAATCACCACAGCAAACTGAGCGTTGATAAGCATAGCACCGGTGGTATTGGCGACAAAGTGTCGATTGCGCTGATTCCGATTCTGACCGCCCTGGATTACTCCGTGGCTAAACTGAGCGGCCGCGGCTTGGGCTACACCGGTGGTACCATCGACAAACTGGAGGCAGTCGGCGTTAAGACCGATTTCACTCCGACTGAAGCTCAGAACTTACTGGATCAAAACGACTGTTTTATTATTGGCCAAAGCGAAGGTATTGCCCCGGTGGACAAGGTTTTGTATGCTCTGCGTGACACTACCGCGACCGTGGACAGCTTGCCGTTGATTGCCAGCTCCGTAATGTCGAAGAAACTGGCGATTAACAATGACTATATCTTCATTGACTTAAAGTATGGTAAAGGTGCATTTTGCAAAACGAAAACGATGGCGAAGGAGCTGGCACAGTACATGTACTCGATCGCGAAGCAATTCAAACGCAAGCTGTACATCAAATTAAGCGACATGAACCAGGTCCTGGGTAAAACCATTGGTAACGCCCTGGAAGTCCTGGAAGTGGTCCACTTTTTAAAACGTAACTGGACTGAGGTGGGTGCCGACTTCATCCAACTGATGGAACAGATCGTCACGGAAATCCTGATTGAAACCAAGCGTGCCCCGAACAAGCGTGCGGCGGTTGCTCTGTACCACGCGACGCTGGAAGGTGAGAAACCGTGGCAGCGTTTCCTGAAGTTTATCGAGCTGCAAGGCAGCAGCTGGGAGCGTTTCTTGGATTTAAAGGAGCTGTTTAACCCGCAGTACAAAGCGCCGGTGCTGGCTAGCCAGAGCGGCACGTTGAGCTACACGTCCCCGGTCGATCTGGCAATGGTCAGCATCTCCCTGGGTGCTGGTCGTATGGTGAAAACCGATCTGATTGATCCGATGGCGGGCATCAAACTGGTTAAACAGGCTAATGAAGTTGTCAAGGCCGGTGACACCGTACTGGAGCTGTATAGCAGCAAACCGATCACGCCGGCGCACATCGAGGCAGCGCAGCACACCATCATCATCAAACAGTGA,False,58.755868544600936,212,212.0,0.0,60.31931166347992,522,522.0,0.0,1464
BBF10K_002499,mutation_1.0-2.0,F9,ATGGATAAGAAAACGCGTCTGAAGCTGGACGGCGTCATCGTTTGTGAAGGCAAGACCGATCAAGCGCGTCTGCAACAGCTTTTTGACGTTAGCGTCATTACCACCAATGGTTCCGCCTTGAATCAGCGCACGATCAATCTGATCAAGGCCGTGGCTAAGAAACAGCCGGTCATCTTATTTCTCGACCCGGATGTCGCAGGCCAAAAGATTCGCCGTCAACTGGAACAACACCTGGACAAATATGAGAGCTGCTTTATTGCTCGTAAGGACATGAAACCTAACAGCACCAAGATTGGCGTTGCGGAGGCAACCGACGCCGCGTTAATTCAGGCATTGCAGCAACGTCAGGTTTTCACTAAAACGACCCAGCCGACCCTGAGCTGGGAGCAATATCTGGAGCTGAACCTGAACAGCAAAAGCAAGCGTCTGGCATTGTGCAACAAACTGCATCTGTCCTATTTTAACCACAAGCAGCTGTTCCGTAAGCTGAATCTGTTGCAACTGACTTTCGATCAAGTGTGCCAGTTACTGAAGTGA,False,60.926086956521736,459,458.0,1.0,60.67181467181467,517,515.0,2.0,735
BBF10K_002526,perfect,G9,ATGATCGACCAATCAAAACTGATTGAACGTTGGAAAACCACGTTCGAAACCGCGCAGAACCCGACGGAACTGTTAGCATTCAAGAACTCGTTTCGTAATGCCGACCTGAAACCGCTCCTGAGCCAGATTAAAGAAACCACCGACATCGAAACCAAGCGTCACCTGGGCCAGCTGTACAAGCAACTGGAGTCTACCCTGCAGACCCTGCACGACACCCAGCTTCAGGTGTTCACTCAGGCGCAATCTTCTTCCGTGCTGACCCACGGTGACGTGATGCTGCTGGCTACCAGCTTCGCGCCGGGCAGCTCTAATATTATTTATCAGGTGATTGACGAATTGGTCAACTACTTCAAAAAGTTTTTGTTTACGGTTAACTACGATTCCGAACTGACCACGATTGCGGATTGCTTCGATCTGCTGAATATCCCGAAAGATCACCCGTCCCGTAACCTGACCGATACCTTTTACCTGGATAAAAACCGCCTGCTGCGTACTCACTGTACTGCGGCAACGCTGCGCGCGGTGAAAGAAACGAAGAAAAGCAACAATCCGGACATTAGAATTGCATCATTCGGCGCGGTGTTCCGCAAGGATGATGACGATGCTACCCACTCCCACCAATTCAATCAGCTGGACTTTATGTGGATTAAAAAAGATTTTAGCTTAACGAATCTTAAATGGTTTATGCAAAATATGATCAACCACATTTTCGGCGAGAATACCAGCGCCCGTTTTCGTCTGAGCCATTTCCCGTTTACCGAACCGAGCTTCGAGATCGACATCCGTTGCTGGCTGTGCCAGAACGGTTGCGGTGTTTGTAAGAAAACCCGTTGGATTGAGGTGTTGGGCGCGGGTATTCTGCACCCACAGGTTATGGCAAATATGGGCTTTAGCGACACGGACAATATCCGCGGTATCGCGGCTGGCATTGGCATTGAACGTCTGGTGATGCTGAAACATGGCATCAGCGACATTCGTGATTTATATGATAATAACTTCAAGTTCCTGGCGCAGTTTACTGATTGA,False,60.666666666666664,482,482.0,0.0,60.38037865748709,580,580.0,0.0,1224
BBF10K_002548,mutation_2.0-0.0,A10,ATGAAGGAAAAAACCCCGTTCAAGAACGAGAAGGAATTCCATGACATGGTGAAGAAAACCAAGAAAGGCACCTTTAGCGGTTGGTATATCGTGAATCCAGAAAACAACTCCGTTGAATTCAGCGGCAACTTTAATCGCCAGTTCAAGCTGAATAAACCGGTAATTCCGGTCAACACCGAATATGTCACCCGTAAGGAGTTTAATGAGTACAAAGACAGCAACGACCAACGCCTGATTAAAATTGAAACGACCCTTGCGGCGCAAGGCGAACAAATCAGAATTCAAGGTGAGCAAATTAAAGAATTACAAATCGAACAAAAAGCGCAGTCCGAAACCCTGAAGCTGATTCTGCAGACCCTGCAAAAGATGAGCGATCGTCTGGATAAGATGGACGTCAGACTGGATAAACTGGAGAGCAAGTGA,False,59.862385321100916,544,542.0,2.0,60.838582677165356,507,507.0,0.0,621
BBF10K_002557,bad_clone,B10,ATGAAAGAAAAGATCCCGTTCTACAACGAGAAGGAGTTCAACGAAATGATGAAAAAGACCAAGAAGGGTACGTTTAGCGGCTGGTACATCATCAACCCGGAAAATAAAAGCGTGGAGTTCAGCGGTAACTTCAACCGTCAGTTTAAACTGAATAAACCAGTGATCCCGGTGAACACGGAGTACGTTACCCGCAAGGAATTCAACGAGTACAAAGATTCGAACGACCAGCGTCTGACGAAAATCGAAAATAAAGTTGATAAGCTGGAAGTGAAGGTCGACAAACTGGAAGAGAAAGTGGATAAACTGGAGGCCAAGGTCGATAAGCTGGAAGAAAAAGTCGACAAGCTGGAGGCAAAAGTTGACAAATTGGAGGAAAAAGTGGACAAGCTGGAGGCGAAGGTTGACAGCGGTTTTGAAATGCTGGCCAAAATTTTGGCAGCTATCAATAAGCGTCTGGATTCTATCGAAGGTCGCCTGGATAAGATTGAGCCGCCGAAGTGA,False,61.13461538461539,451,237.0,214.0,60.74285714285714,461,239.0,222.0,699
BBF10K_002582,bad_clone,C10,ATGATTGATCGCTTCTTCTGGAGCATCCTGTCCTTCCTGCTGACGAACCTGGTTTTCTTGTTCGTTGCGTTCCTGATCCTGATCATTTACCTGATTTCCGAAATTACCCAGCAATTCGCTTTCGCCTTTATCGCGACCATCGTTTTCATTATTTTTTACAATATCCTTTTCCTGTCGTACCTGTTGACCATGTATATCAAAGGTTTGAAACAAATCGAACAGAAGTCTCGCTATCTGCTGCTGGTGCTGGACGTTAAGGCGGACGAACTGCTGCCGTTCAGCTTTTTGGGTTCCCTGCGTAAGTCACACATGCTGGAAGAAATGCTGCTGGAGCAGTGA,False,60.83549783549783,461,191.0,270.0,60.742753623188406,551,212.0,325.0,537
BBF10K_002600,mutation_1.0-0.0,G1,ATGAGCAAAATTGGTAATCGTACCATTACGCTGGACCCGGCGAAAGTGAACCTGAATTTCCAAAAAGATCATATCGCGGTCAAAGGTCCGCTGGGCCAAATCGAATTGAAGCTGCCGCCAAATCTGCCGTTAAAATTCGAACTGAAAGATAACAATCTGCAAATTACCCGCAACAATGAATTGAAGCAATCTAAGATTTTCCACGGCACCTATAACGCCTTGATCACGAACGCGATTATCGGTGTGACCCAGGGTTTTGAGAAAAAACTGCGTCTGGTGGGTGTTGGTTACCGTGCAAACGTTGAGGGTGAAACGCTGAATTTGCAATTAGGTTATAGCCACCCGATTAAGGAGAAGATCCCGAAAGGTCTGACCGTCAAGGTTGAGAAAAACACCGAAATCACCATTAGCGGCATCAGCAAAGAGCTGGTGGGCCAATTCGCGACGGAGGTCCGCAAATGGCGCAAGCCGGAGCCGTATAAGGGTAAAGGCGTCCTGTACTTTGACGAAGTGATTGTGCGTAAAGCTGGTAAGACCGCGGAAGGTAAGAAGTGA,False,59.37007874015748,380,379.0,1.0,60.160427807486634,560,560.0,0.0,753
BBF10K_002602,bad_reverse,D10,ATGACCGACCAAAATCAGAAAGCAAATCAAGGCAATGGCCTCCAAACCACGAACTTGCAAGCCCATGCTCAGCGTAAGCACAACTTGCGCCCGAGCAGCGAGGGTATTAAAAAAGCGGTGAGCAAGAAAGAAGGCGGTGGCCACAACCGCAACAACCAGAATCGCCGTTTCCAGAAGCCGGCATTCAAAAGCGAGTTTGAGGAGCGTATCGTCAAGCTGAAGCGCATCAGCAAGACTACCAAAGGCGGTCGCAACATGCGCTTTAGCGTTCTGGTGGTTGTTGGCAATCGTAAAGGCAAGATCGGTTACGGTATCGCGAAGGCTCTGGAGGTGCCGAACGCCATCAAAAAGGCCATCAAAGCCGCGCACAATAGCCTGCACACGATTGAGATTCATAAGGGCAGCATTTACCACGAGGTTATTGGTCGCTCTGGCGCTAGCCGTGTTCTGCTGAAGCCGGCACCGCAAGGTACCGGCATTATCGCTGGTGGTGCGATTCGTGCTATCATCGAGTTGGCTGGTTACAGCGATATTTACACGAAGAACCTGGGCCGCAACACCCCGATCAATATGATCCACGCGACGATGGATGGCATTCTGAAACAACTGTCCCCGCGTCGCGTCGCGATTCTGCGTAATAAAAACCTGAACGAACTGTGA,True,0.0,3,0.0,3.0,10.750830564784053,300,95.0,205.0,858
BBF10K_002603,mutation_1.0-2.0,H1,ATGGAACTGAACCAGTTAAAGAGCGTGCCGAAGGCGCGTAACCATAAGACCAAAACGTTGGGCCGTGGCCACGGCAGCGGCCTGGGTAAAACCAGCGGTCGTGGCCAAAAAGGCCAAAAGGCACGTAAAAGCGGTTTAACCCGCCCTGGTTTCGAAGGCGGTCAAACCCCGCTGTATCGTCGCTTGCCGAAATTCGGCAATGCGCGTAAAGGTTTCTTGAAGCAAGAGTGGGTGGTTCTGAACCTGAACAAAATCGCCAAACTGAAACTGGATAAGATTAATCGCGCGAGCCTGATCGAGAAACAAGTTATCAGCGCAAAGTCCCAACTGCCGATCAAACTGATCGGCCATACCAAGCTGGAAAAACCGTTGCATTTTGAAGTGCATAAGGTCAGCAAGCAAGCTCTGAAAGCAGTTGAAAATGCGAATGGTTCCGTCAAATTGCTGGAGAAGTGA,True,49.164556962025316,157,156.0,1.0,58.87213114754098,579,577.0,2.0,654
BBF10K_002605,perfect,E10,ATGGTGATGGAGAATAAATTTCTGTTTCTGGGTGCGCCGGGCGTGGGTAAGGGCACCCTGGCAAAACAGGTCGCCAATACCACGGGTCTGTTTCACTTGTCCACCGGCGACATTTTTCGCTCCGTAATGCAGGAGCAAGGTGCACTGAGCCAAACCCTGGCACATTACATGAATCAGGGCTTGTACGTCCCAGATGAACTGACCAACCAAACCTTCTGGCACTTCGTCACCACGCATCAAAACGAGCTGCATAAAGGTTTCATTTTGGATGGTTATCCGCGTACGCTGAATCAGCTGGAGTTCCTGCAAAGCAAACTGCAACTGGACCAGGTTTTTCATCTGAAACTGAGCGACCCACAGGTTTTGGTTGCCCGCATTCTGAATCGCCTGGTTTGTCCAAGCTGCGGTAGCGTTTATAACAAACAAAGCAAACCGCCGCTGAAGGCGAATCAATGTGATCGCTGCCACGCAACCCTGCAGGCGCGTAACGACGACACGGAGGCAGTCATCCTGAAGCGTCTGACTCTGTATGAGGACACTGTCAAGCCGCTGATTGAGGCCTTTACTAAGCAAGGTATCCTGACGGTGATTGAGGCGCAACTGCCGCTGGAACAGCAAGTTAATCTGGTCCAACAGTTGGTCCATTGA,False,60.605,399,399.0,0.0,59.830882352941174,543,543.0,0.0,846
BBF10K_002653,perfect,F10,ATGAATCGTGTGTTCCTGTTTGGTAAACTGTCTTTTGATCCAAACAAACTGCAAACCCGTACGAATAATATTGGCGCGTCTTTTAGCTTGGCGTGCATCGACAGCAGCGGTTTCAACGACAGCAAAAGCTATATCCGTATTACCGCTTGGGGCAAGGTTGCTAGCTTTGTGCTGACCCTGAAGCCGGGTGATAGCGTTTTTGTCGAGGGCCGCCTGAGCACTTATAAGATGAATAATCGTTCCGATGACCCGAATAGCAAAGCCACGTACGCCCTTCAGGTTATCGCGGACAAAGTGTACCGTCCGGATGAAGAAAATTCCCTGGAGCAGCCAGTTGACAAAGCCACGGTAATTGATAGCCCATTCCTGGCAGCGAAAACCAACGCCACGGAGAACGAACTGGCGCAGGCATTCCCGATCTCCTTAGACGATGAGGATGACGACATTAATCCGATTCTGAACAACGATAGCCAACTCGAGGAAGAGTCTGATGATGAGTGA,False,60.49108910891089,504,504.0,0.0,59.8747591522158,518,518.0,0.0,699
BBF10K_002689,bad_reverse,G10,ATGGTGACCGAGATCAAAAGCCTGAAACAGCTGGGCGAACTGTTTGCATCGAATAACAAGGTGATTATCGACTTCTGGGCGGAATGGTGTGGTCCGTGCAAAATCACCGGCCCGGAATTTGCTAAGGCCGCGAGCGAGGTGAGCACGGTAGCCTTTGCGAAAGTGAACGTCGACGAGCAGACCGACATTGCAGCTGCTTACAAAATCACCTCTCTGCCTACCATCGTTTTGTTCGAGAAAGGCCAGGAGAAACACCGTGCCATTGGTTTCATGCCTAAGGCCAAAATCGTGCAACTGGTGTCTCAGTGA,True,0.0,3,0.0,3.0,11.83435582822086,325,102.0,223.0,507
BBF10K_002717,perfect,H10,ATGCAAATTAAGACCTACAAAATTAAGGACATCTGTGACATTAAACGCGGTCGTGTCATTAGCAAACTCTACATTAAAAACAACCCGGGTGAATTTCCGGTTTATAGCAGCGCCACCGTTAATAACGGCGAGATTGGCCGTATTAAGGACTGCGACTTGAAGGGTGAATATGTCACTTGGACCACGGACGGCGCCCAGGCGGGCTCCGTGTTTTATCGTAATGGTCAGTTTAATGCAACGAACGTTTGTGGTATTCTGAAAGTCAACAACGATGAAATTTACCCGAAGTTTCTGGCGTACGCGCTGCGCCTGAAGGCTCCGAAATTCGTCAACTATGCGTGTCCGATTCCGAAGCTGATGCAAGGTACCCTGGCGGAGATCGAGCTGGATTTCACGAGCAAGAAAATTCAAGAGAAGATTGCGACGATTCTGGATACCTTTACGGAGCTGAGCGCGGAACTGAGCGCGGAGCTGTCCGCCGAGCTGAGCGCGGAGCTGCGTGAACGTAAAAAACAGTACGTGTTCTACTCCGACTACCTCCTGAATCCGAAGAACTGGAAGTGA,False,59.777517564402814,426,426.0,0.0,59.06060606060606,494,494.0,0.0,762
BBF10K_002732,bad_reverse,A11,ATGGGCTGCACGTATATTGGTCCGTCGGGTTCCAATTTTGGTAAAAAAGAAAGCATCGAGGACACCGCGAAGGTGCTGGGCTCTATGTATGACGGTATTGAGTTCCGCGGCTTTAAGCAAAGCGACGTTGATGCTCTGGTTAAATATTCCGGCGTCCCGGTTTGGAACGGCCTTACCGACGCCGAGCACCCGACCCAGATGCTGGCGGACTACATGACCATTAAAGAACTGAAAGGTGACCTGAAGGGCCGTAAGATCGTGTTCGCGGGTGACATCAAAAATAACGTTGCACGTTCCCTGATGATTGGTGCGGCTTTTGTGGGCATGGACATCGTCCTGGTCGGCCCGAAAGCTCAGCATGAGCTGGTCCAGAACGGTGCAGGCTACAAAGAAGTGTTCGAGCAATGTCAGGCGCTGTTCCAGCTGAATGGTGGTAGCGTCAGCTTTTCTACCGATAAACTGCAGGCGGCAAAGAATGCGGACGTGATCTATACTGACGTTTGGCTGAGCCTTGGTGAAGATTTCTCCCTGTTCGAAGAACGTATTCAGGAGTTAGGTCAGTTCCAAGTGGACATGGCCATGATCAAGGCTGCGAAGTCTGATGTGATTTTTCTGCACTGTTTGCCGGCGTTCCACGATGATCATACCAGCTTTAGCCTGGAGATCAAACAGAAACTGGGTAAGAAATACCCGGTGGTAAAGACCGGCGCAATGGAAGTCACGGATACGGTTTTCCAGAGCAAGCACAACATGGCATTCATCCAGGCAGAAAACCGTCTGCACACCATCAAGGCAGTCATTTTGGCGACCCTGGGTTACTGA,True,0.0,3,0.0,3.0,11.753333333333334,449,134.0,315.0,1020
BBF10K_002752,mutation_0.0-2.0,B11,ATGCATGCGATCGTGGTTTGCGGTAGCAAACAGTACCTGGTTCACGAGAATGATACCTTCTTTGTTGAGAAACTGGAAGCACCGGTGGGCAAAGAGATTCAGCTGGATAAAGTTTTAATGCTGGACGAGAAAATTGGTGCACCGTACCTTGAGAAAGCTCGTGTGGTGTGTGTCGTGGAAAAACATGGTCTGCAACGCAAAGTCAATGTCATCAAGCACATCAGCCAAAAGCACCACCTGAAAAAGTATGGCCACCGTCAACCTTACACCAAACTGAAAGTGGTTCGCTTTGTTCATGATTGA,False,60.77707006369427,422,422.0,0.0,59.2520325203252,423,421.0,2.0,501
BBF10K_002754,mutation_5.0-2.0,C11,ATGAACAACAAGTATTTCCTGACCAAAATCGATCTGCAGTTCTTCGCGTCCAAGAAGGGCGTTGGTAGCACGAAAAACGGTCGTGACTCACACGCGAAACGCCTGGGCGCCAAGAAGGCTGATGGTCAGATGATCCGCACCGGCCAGATCATTTATCGTCAACGTGGTACCCGTGTCTATCCTGGCGTTAACGTCGGTCTGGGCTCCGATGATACCCTGTTTGCGCTGAGCGACGGCCTCGTTAAGTACCAGAAGTTTGGTCCAAAACAGGGTAAAACGCGCGTTAGCGTCGTGAAACACAAGCTGGACGCCTGA,False,58.896162528216706,442,437.0,5.0,59.56346153846154,423,421.0,2.0,513
BBF10K_002763,mutation_0.0-1.0,D11,ATGCGTAAGAAAATTGTCATCTTCGGCGGTGCGTTCGACCCATTGCACCAGGCGCACATCTATATCGCGAAGCGTGCCGTGCAGGCCATCAAAGCGCAAAAACTGTATTTCGTGCCGACCGCGAAAGCGTTTTTTAAATCGCCGATCAAAGCGAGCAATCAAGCTCGTCTGGCAATGTTACGTGTCGCATTGAAAGCACTGCCGCAGATGGCGGTGAGCAATTTTGATATTAAAGCGCAGAACGGTTTTTCGTTCAATACCGTGCAACACTTCAAGCAACGCTTTCCGAACGCGGAGCTGTACTTTCTGATCGGCAGCGATAAACTGTCAGAGCTGGCAAAATGGCACAACATCGAACAGCTGCAAAAGCTGTGTCGCTTCGTTTGTTATGAGCGTTTCGGTTATCCGATTGACGAACAGCTGGTGCAGCAGTTCAATGTCCGCCTGCTGGGTAAATGTCCGCTGGACCTGGCGAGCTCGGAAATGTTTGGCAGCCACAAGTTTCGCCAGATCCCGGCGAAGGTTCTGCACTACATTCATCAGCATAACATTTATTTGAAAACCATCCTGCAAACCCTGCTGGATGAGCCTCGTATGCAACACTGTCTGCGCGTCGGTCAACTGGCTAAAACCCTGGCAGTTGCCAACAAACTGGACGGTAAAACCGCCTACACTGCAGGCGCGTATCATGACTTAGCCAAGCAACTGCCGCAGGCACAACTGGAGAAACTGGCCAAGGTGGCAGGCGTCAATGACTACCCGAGCTGGAAGGTTCTGCACTCTTATGCGGGTGCGTATATCCTGAAGCACTGGTACGGTCTGAACAATAGCGCCGTGTTCAGCGCGATTTGGAATCATACCGTTCCTCCGCAAAAAATGAGCCAACTGGACATGATCATCTACCTGGCTGACAAGCTGGAACCGATGCGCGTTCATGAGGAATGGGCAAAGGGTATCGATATTACCGCGTTGGTGAAGCTGGCGAAGAAGGACCTGAAATTGGCCTACCAAATCACCCTGAAGTATGTGCGCAGCCTGCAGAAGAACTGA,False,54.63291139240506,236,236.0,0.0,60.54690618762475,500,499.0,1.0,1248
BBF10K_002786,perfect,E11,ATGAACTACAGCTACAGCTTCAAAGAGTACATCGAGCGCTTCGCTAAGAAAGTCAATAGCATTGATAGCGAGTATTTCGAATTCAGCAGCTACATCGAGCGTATGCGTACCGTGTTCGGTCTGCTGATCGCTCTGATCTGCTTCAGCAATGTGCTGTGCTTCCTGTTCATTGCGACGTGGTTTAGCACGAAAGGTTTTGGCCAGCATTACCGTGCCCTTATTTTTACCCTGTTCATTCCGTTCGTGACGAGCTTGTTGGCGAACATTATCTTCATCAACCTGAATCGTGCTTTCCGTGAATACTTTAAAATTTCCTCTAAGAGCCGTAGCTTTCTGGTTATCTGCGCGTTCAGCAGCCTGCCGATTGTGAATATTTGGCTGATGCTGTGGTGGGTGGCCATGATTAAAAGATTTACGAGCAATTATGCTTTCGCGATTTTTGATAAGTATAATGGTCTGACCAGCGGTGTTTTTATCTTCGACTTTGCAGATAACGTCAATTTTGAAGGTAAACTGGTTAGCTTCGATAATACGAAAGACACCAATCGCGACTTCGTTCATTTCTATAGCGAGGCGAAACTGAAACGTGATAAGATCACCCTGCAGACCAACCCGATCCCGCACGAGCGTATGTACGTTAATCGCATGTATTACCAACAGAAGCTGAGCATGGGTGCGAACCAGAACTCCCCGAGCACCGCATTTGCCAACTTGAAAAGATATGTCGAACATAAACAGCAAAAGATTATCAAGATTAAACAATTCATCCTGACCTGA,False,58.73621103117506,416,416.0,0.0,59.48922413793103,463,463.0,0.0,975
BBF10K_002827,perfect,H9,ATGGAGCTCAACAAAAACTATCTGACCGAGGAAGGTCTGAAGCAGCTGGAGGCGGAGCTGGAACATCTGATTCAAGTTAAACGCCCGGCTATTATTAAGCTGCTGCAGGAGGCACGTGATCAGGGTGATCTGTCCGAAAACGCAGACTATGATGCAGCCAAAGCTCAGCAGGGCGAAATCGAAACCCGTATCGCAGAAATCCAGGATATCCTGGCTAACGTGAAGCTGATCAATGAAAGCCAGACCAAAAAGGCTAACAAGGTTACGTTGGGTAGCACTGTTGAGATCTACGATTATTCCAGCAAGACCCACGAGAAGTATACCATTGTCGGCGCTCTGGAAGCGAATCCGGAGGAGCATCGTATCTCGAACGAGTCGCCGCTGGCACACGCCATTTATGGCCGCCTGGTGGATGATGAGTGTGATGTGGTGGGCATCGAAGTGCCGTATCGTGTGAAAATCGTTAAGATTATTAATTGGTGA,False,60.39565217391304,459,459.0,0.0,60.41199226305609,516,516.0,0.0,681
BBF10K_002847,mutation_1.0-1.0,F11,ATGCAATACATCCTGGGTATTGACTTCGGTCTGAAGCGCATCGGCACCGCGTTAGTGAACACGATCGATCGCTTCCCGAGCCCGTTCCGCGTTTTTGCAGTTCAAAACAATCTGCAACAGGCAGTGAATACCCTGTTTAAAGATTTGAAACAGGCAGGCTACGAACTGGTTCAAATCGTTATCGGTTTCCCGCATTTCCACTACCAAAGCTCGATTCAGGTTTCTATTCACAAATTCGTAGAGCTGATTAAAACGCGCTTTAACGTGCCGGTCACCCTGATTGATGAAAGCGGTACTACGAGCGAGGTTAAGGCAAATCTGCAAGAGCTGGGTCTGAAGAACCGTACGTTCAAGAAGGCGAAAGATACGTTGGCGGCCACCCTGATCCTGGAGCGCTTCCTGAATCAGCAGAAGCCTAACTGA,False,60.23684210526316,540,539.0,1.0,59.997933884297524,483,482.0,1.0,621
BBF10K_002854,bad_reverse,G11,ATGAGCTTTATCCACAAGCTGATCCAGAAATTTAAACCGAAGAAAAAATTGGTGGACCAGGTCCAGCAAGCCGTTCAAGAAAAGAGCTTTTTCCAGGCGAACCAAAAGAGCTACTATCAAGGTCTGAATAAAAGCGCAAATAGCTTCGCGAATACGATTAATAAACTGGCGGCGAACTACGTTACGGTGAACGAACAATTCCAAGAAAGCTTGTTTGAGGAACTGGTTCTGCTGGACATCGGCTATCACGCAGCTACTAAAATCTGTGACGCAATTGTCCAGGAACTGAAACTGCAGCGTGTGAGCGATCCACAGCTGATTCAGGAGATTATCGTTGATAAATTGATTGTCTACTACATTCAGGATAAACTGTTCGAAACGGATTTAACCGTTGAGGCGAACAAAACCAATGTGTATCTGTTTGTTGGTGTGAACGGTGTTGGTAAAACTACCTCTCTGGCGAAACTGGCCGACCAGCTGACGAAGCAAAACAAGCGTGTCCTGATGGTTGCCGGCGACACCTTTCGTGCGGGCGCGGTGGCTCAGCTGGCCGAGTGGGCTCAACGTATCGGTTGCGACATCGTCTTGCCGAATCCTAAAGAGGAAACCCCAGCGGTGATTTTCCGTGGCGTTCAGCAAGGTATCCAGAATGAATACGATTTCGTCCTGTGCGACACCTCGGGTCGTTTACAAAATAAAACGAACCTGATGAATGAGTTGAAAAAGATTTATCAGATTGTCCAGAAGGTGAGCAGCGCGAAGCCGCAGGAAACTCTGCTGGTGCTGGATGGCACCACCGGTCAGAGCGGTTTGGCGCAAGCAAAAGTCTTTAATGAATTCACCGAACTGACCGGCATCATTCTGACCAAGATGGATTCTAGCAGCAAAGGTGGCATCATCCTGGCGATTAAAGATCTGTTTAATCTGCCGGTGAAATTGATCGGTTTTGGCGAAACCACCGCGGACCTGGCGGCATTCGACCTCGAGCAGTACGTGTTGGGTTTGACCAAAAATCTGAGCCTGAATCATGAGCCTAACCAAACCTGA,True,0.0,3,0.0,3.0,13.850515463917526,387,143.0,244.0,1245
BBF10K_002871,bad_reverse,H11,ATGCACAGCCGCAGCAAGTTTGGCATTATCCTGAAATTCAATCACTTTCTGTGGCCAGGTATGCGCCTTGAAATCGAAAACGGTTTGGAGTTTGTCTGTGACCCGTTCCTGAATGAACGTGGTAAGATTTTCTTTCTGCACGCCTTCACCGGTAATATCACCAATAAGCTGAGCTTCCGTACGCACTTCAAAGACTATAGCTTCTATGGTATTAATTTCCCGGGTCACGGTAACAGCGTTATCCACAATCAGAGCGAACTGGACTTCAATTTTTGGATCAAACTGGTTCAACAATTCTTCAATAAGTACCAGCTGAAAAATGTCGTTCTGTTTGGTCACAGCATCGGCGGCGGCCTGGCGATTGCGCTGACCCAAGTTTTAACGAAAGAACAAATCAAGGGCATCATCCTGGAGGCCCCGCTGAATCCGGGTATCCGTGCCACCCCGCCGTCTATTATCAGCGCGTTGGTCCCGGACACGAATGAAGATTTTGAGGCGGTCCAGCGCGCTCTGATCTACAATATCGAACAACGTTTTGGTGCAAATTTCAAGGATTTCTGTGCGAAACAAAAGCAGAAAATGATTCAAAAATACGCGCCACTGAAGGTGATGCTGCAGCCGGAACAAGCAGAGCAGCGCCTGCAACTGATCGACGCGGCGTTTAAACGCCTGTCTTATCCGACGCTGTGGATTCACGGTCAAGAGGACGGTATTGTCCGTTATCTGCCGAGCAAAGCGTACCTGGAGTCTCTGCACAATCCGCTGATCGAATTGGTTGGTCTGAGCAACACGGCGCATACCACCTTCTTCGAACAGCCGCAGCAGTTCCTGCAGTTGGTGGAGCAGTTCCTGAATAAACTGAATAAGTGA,True,0.0,3,0.0,3.0,12.698275862068966,463,157.0,306.0,1068
BBF10K_002906,mutation_3.0-0.0,A12,ATGAACAAATTGATCTCAATTTTGGTTCCGTGTTACCAGTCACAGCCATTTCTGGACCGTTTCTTCAAAAGCCTGCTGAAGCAAGATTGGAACGGCGTTAAAGTCATTTTCTTTAACGACAACAAGCCGGACCCTACCTACGAAATTTTGAAGCAGTTCCAACAAGCACACCCGCAACTGGCGATCGAAGTCCACTGCGGTGAGAAAAATGTCGGTGTGGGCGGTAGCCGTGACCAGCTGATCAACTACGTTGACACCCCGTACTTTTACTTTGTGGACCCGGATGATGAGTTTAGCGATCCGAACTGCTTTAAAGCGATTGTTGAAACCATTCAGGGTGAAAATTTCGATATTGCGGTGCTGAACAGCATCGTGTATCTGCAAATGCTGAAGAATGACTTTTTGATTAAACATATCCCACTGAAAAATATTTTTCAAGGCAAAGTGAAACTGAACCCGGACAACACGGTGAACCATCTGCATTATATCCAGAATAACGATCAGTACATCTGGAATATTGTTATCAACACCGCGTTTTTTAAGGCTCTGGACTTGCAGTTCGTCAATCGTTTCATTGAGGACATTGCCGTGTGGTTTCCGATTATGTTCAAAGCCCAAAAAGTGTTGTGGATCGATGTCAACGGTGTCAACTATTATCTGCGTCCTAATTCCGCAAGCACCCAAAAGAATAGCATTAAACTGCTGAGCTTCATCGAGGCGTATGAGCGCTTGTACTTCCACCTGAAGAAAGTGGGCAAACTGGCGGATTTCATCGACCCGAACAACAAGATCGAATCTCGTTTCTGGCGCCGCCAAGCGTTCATTTGGTTTAGCTTCATTAATGTGTCTTGGATGAAGGCGGAATTTGAGCAGACGAAGTCGGTGCTGCAGAAACTGTTCGACTTTATGGAGGCTAATGGTATCTATGATCGTGTGTTTACCAATAAGCACCATGGTATTTATCTGTTGTGGGTGAACAGACTGAAACATTTCAAGAAGCTGGTGCAAGCGCAGCCTCACCTGTGA,True,0.0,3,0.0,3.0,60.1554054054054,591,591.0,0.0,1224
BBF10K_002937,perfect,B12,ATGCGCTATAGCTTTGTGATTCAGTGGGATTTTGAAACGGTGTACACCGGCGTGAACTCCACGACTAACCTGGCATTTAGCGTTAAAGCCATGACGACCAATTTTGCAAATCTGCAAGAACTGCAGGACAGCCTGGTGCTGCGTGGTCAGAATCTGACTACGCAGCTGTTCTGGAAACCGACCGTCAAGCGCCTGGTTCTGGGTAATAACAACGATCTGACGACGGTCGCTAAGGCAGCAGTCGGTGATAATCTGTTCACGACGCAGGCCAACCTGACTAAAAGCGTTCTCGATCAGACGGTGCTGAAGGAGGCGGAGTCTCGCTTTGAGGCGACTGTCTTAAAACCGTTTATCGAAGCGCGTCAAAAGGCACTGGCGGAGCATCAGGCGCACCAAAAAGTCCTGGAGGAACAACGCCAAAAGCAACTGGAGGAGCTGAAACAAAAACAAAAAGAAGCGGAGTGA,False,59.50709939148073,492,492.0,0.0,59.40357852882704,502,502.0,0.0,663
BBF10K_002939,mutation_0.0-2.0,C12,ATGGAACAAGATATCAACAATCAAACGGGCAAGAAAATTTTCCTGAACGAAGAATGTTTTCTGGAACTGGACAAGCTGCCGCAACACGTGTCGGTGCTGGGTGTTAGCGGCTTCGGTAAAAGCAACATCCTGTTGCATTTCCTGAAATATGCAATTGATAACGACCATCCGCTGATCTTTGTAAACGGTAAGGGCGACAAGGAACTGATTACGCAATTTGAGCACTATCAGACGAGCGCGAAGCAGCTGAGCCCGGAGGACGGCTTCGACACGGTCAAACTGGTGGCTCTGAAAAATACCAGCGCGAAGATTTGGAGCCTGGATGATCGTATCGCGACTATTAAATACAACCCGTTCAAGTGA,False,58.33731343283582,334,334.0,0.0,59.70989010989011,454,452.0,2.0,561
BBF10K_002990,perfect,D4,ATGACGAAAAATCTGCTGAATTACCTGAATGAGCTGGAGGCTTGGCTGACTAATTATGTCAATGAAGCGCATGCCCAAGGTGTGGTTGTGGGCCTGTCCGGTGGCGTGGATAGCGCGGTCGTTGCCGCCATGACCAAGAAGCTGTTCCCGCAAAATCACTTGACCCTGGTTATGCATATTAATAACAGCGAATTGGACCATAAAGCAACGACGGCGTTAGTGGAACAGCTGCAATTGAATAACAAGCAAGTCGACCTGGAACCGCCGTACCGTGCAATGTTGCAAGCGTTGACGATCGATCCGCAAAAGGAGCTGATGGTTGCTGGTAATTTGAAGGCGCGTTTGCGCATGGCGTGTCTGTATACGCACGCGCAGAAACACAACTACCTGGTGCTGGGTACCGGCAATTTCATCGAATATTCTCTGGGCTATTTTACGAAGTGGGGTGACGGTGCTTGTGATGTCGCCCCGTTGGCGTTCCTGCTGAAAAGCGACGTGTATGCTCTGAGCCAACATTTTAATGTTCCGGAGCTGGTCATCGAGCGTGCACCGACGGCGAGCCTGTTCGCAGGCCAAACCGATGAAGCGGAAATGGGTCTGACGTACAAGGAGCTGGACCAGTACTTTCAGGGTCACTTGCAGCTGTCAGCGACGAAACAGCAACGTGTGGATCATCTGCGTCAATCTAGCCAACATAAACGTAGCCTGCCAAAGACCTTCAAGCCGCTGTACAGCTTCCAAATTTGA,False,59.888888888888886,539,539.0,0.0,60.6213768115942,551,551.0,0.0,945
BBF10K_002993,perfect,E4,ATGGAGCAGTTCTTTCAATCCACGGCTAAGCGCAAGACGCCGGCATGGCTGACGGGTTCTTTCAGCTTTTTTCTGGTGTTTGTGTATTATATCATCGTCTGGGTGCTGCTGGGCGAGATTAACGCACTGGGCTTTAATTTCGTGATCGCCCCGAATAACCGTACGCTGATGGGCCGTGAAGTGGAGCCGATTTTCGATCTGGTGCTGCTGTGGTTTTTGCTGGTGCCGCTGGTGGTTTATGCACTGCTGCTGCTGCTGCTGTTCTTTACGACTCCGTATCTGATCGTGGAAGCGATTCCTTTTTGCTACGGTATCGCGCTGATGATGATTTCTCTCTTTATGAGCGGTATGTTTCCGCAGGCGTGGAACGTGTGGGTCATTTTCGGCCGCTTTGTCCTGGTTCTGGTTGTTCTGATGCTGAGCTTTTTTGTCATTAATAAGCTGACCAATCTGGTCCTGCTGCGCTCCCGTTATGCAATGGTGGTCGCGCAGGGTCTGGTCCACACGGGCAAAGTGAAACAACAATCCCAGCAAGCAATGAGCGACATCAAGACTAAGTGGGATAAGGAAAAGTCGAAAACCGTTGTTGTGACGATTAAGAAGAAACGTGTTAAAAGCAGCGATTGA,False,60.98076923076923,519,519.0,0.0,60.35645472061657,518,518.0,0.0,825
BBF10K_003009,perfect,D12,ATGCAACTGGAGAAGGTGCCGCGTGCGGAATACCAGACCAAATGGGCGACGAACACGGTGCCAAAACCGACGGATTTCTACCATCAGCTGTATAATCTGAGCTTTTCACTGACTCTGACCTCTCAACGCTGGAATACTTACGGTACGGGTTGGCTTATCGACTGGAAAGATACCAGCACCAATGAGAATAAGTTCACCGCGTACTTAGCAACTAATTTCCACGTGGCGGATACCCTGAAAAACCCTCATGACTACCCTCCGTATAACCAGGTGGACAACACTCAAGACCTGACCACCTCTTTTCGTATTGGCAAGTACACCGATCCGAGCCTGTTTGGTCTGTACACCAACGTGAAACATGCCTTCGTTGACGTCCAGCTGGCTGCCCTGCCGAAAATGGCTTACGCGGCCGTCGATTTCGTTGATTACCGTTTCGACAATAAACACTGGAAGTCGCTGAACGAGATTTGTCCGGAGGTTGGTCTGAAGCCATACGCGGATTTTGCTGTGTTGGAAGTGCCGTTGTACCTGAACAACAAACTGGATTACCAGGTCTGGGAGAACTTTATCAAACCAGCAATTGCTACCTACAAGGCACTGGGTGATAGCACCAACTTATTCGCCAGCACCAGCAGCAGCGATCTGCAGAATGACACCTATTTTGCGTTGGGCTACCCGCTGCTGGAAAGCAACATCGACGCCATTCACTTCAATCAGACCGGTGCCACCTTAACGAGCGTGCCGGTGAAGGACCGTATTAAAGTTAAGAATCAAAGCTTCTGGACCCTGAATAAGTGA,False,60.653179190751445,518,518.0,0.0,60.220489977728285,448,448.0,0.0,996
BBF10K_003015,perfect,E12,ATGCGTCAAACGATCTACTTGACCGTCAATTTGATGCAAAACTGGGTTGAGCGTTGGATTCTGGACTGGGCTAATATTCTGACGTGGAAAACCCTGTGCCACCAAACCAAAATCGGTCTGCCGAATGGCGCGCAAGCGTTTGTCTCCGCGCAAACGTCTACGATCCCAAAGACCGCGTTCACCGCGCATGACTTCGTCGACTATACTCTGCCGCAGGAACAGAAGGGCAAAGAACAGAAGGAGCAGCAGTGGATGAAGAATAGCCAAACCAAGGACACGGACGTCCATCCGTATGCGGACTTTGCGGTTCTGGAGATTCTGCTGTTCCCAGACAGCAGCACCGATCGCAAAATTTTCAACCACTTCATTCAGCCTGCGATCCGTGCGTACAAACAGTTAGGCGACAGCCTGAACATTTTCGCGAATCAGACCCTGGATCAACCTAAACATAACCGTTATTATTTGCTGGGTTATCCGTTCCTGAGAAATAAAGCTGCGTCTTTGTTCCTGAATCAGACCGAACAGCGTAAGGAGCATATGGACAAAACCACGCAGATTCTGCACGAAAAACCGTTCGTGGTGCTGACGGATCCGGCGAAACCTACTCTGATTCGTAATAAGGGTGCGAATTTTACTGGCAACACTTGGACTAGCAATTACGATTTAAGCAAAAAGAGCGGTCTGTATCATAAATTCCTGGGCAAGAAATATCAGATCTATGGTAAGTCTATTGTGATCAGCGACCTGAACTTGAGCAGCGGTAGCAGCGGTAGCCTGCTGCTGAACGACCGCAAACAGATTGTTGGCATTTATTTCGGCGTGGACGGTCCGAAGGATGAGCTGGGTTTTAGCCAACTGCTGCGCTGGCAGGCCAAGAACAATGACGAAGAGAAGGACAGCGTTGCATACGACTTGATTTTCGGTAACAAGAACACGACCAAATACTATGCGCAGTTCGCGAAAGAGCATAAAACCCATCTGTACGAACAGATTGATCGTTCGAACGATCAACAGTTTACGTTCGTCAAGAACCAGAAGTGCTGA,False,59.32258064516129,340,340.0,0.0,59.837606837606835,467,467.0,0.0,1242
BBF10K_003028,perfect,F12,ATGAAGAAAGAAAACATCACTTATGGTAAAGTCCATCAGGTCATCGGCCCGGTTGTGGACGTTATCTTCACGGAGAGCTCCCAGCTGCCGCGTATCTACGACTGTCTGAGCGTGAAACTGGCCGGTGAGGAGCTGTTCCTGGAGGCTGCACAACTGATCGGTGACGATATCGTGCGTTGTATCGCCCTGGGCCCGACCGAGGGTTTGGCACGCAATGAGAAAGTTACCAACTACAACCACCCGATCGAAGTGCCGGTCGGTAAAAATGTTCTGGGTCGTATGTTCAATGTTCTGGGCAAACCGATTGATGGTAAGGAGGAGCTGCCGAAAAAGCCGCAGCTGCCGATTCATCGTAAGCCGCCGAGCTTCGATGATCAGAGCAACACGTTGGAGATTTTCGAAACCGGTATTAAAGTTATTGACTTACTCACTCCTTACGCGCGCGGTGGCAAAATCGGTCTGTTCGGCGGCGCAGGCGTCGGTAAAACTGTTTTGGTGCAGGAACTGATCCACAATATCGCGAAGGAACACAGCGGCCTGAGCGTTTTCGCCGGCGTCGGTGAACGCACGCGTGAAGGTAACGACCTGTACTACGAAATGATTCAAGGCGGCGTGATTGATAAGACCGCGCTGGTCTTTGGTCAAATGAACGAGCCGCCAGGTGCTCGTATGCGTGTGGCCCTGACCGCGCTGACCATGGCGGAGTACTTCCGTGATCATGATAACCAGGACGTTCTGCTGTTCATTGACAACATCTTTCGTTTCACGCAGGCGGGTTCTGAAGTCTCTGCTCTGCTGGGTAGAATGCCGTCCGCAGTTGGCTACCAGCCGACGCTGGCAACCGAAATGGGTCAGCTGCAGGAACGTATCGCTAGCACCAAAACCGGTTCGATCACCAGCGTACAGGCGATCTATGTGCCGGCAGATGATCTGACGGACCCGGCTCCGGCCACCACGTTTACGCATCTGGACGCAAAGACGGTGCTGGATCGCAATATCGCGGCGCTGGGTATTTTCCCAGCCATTAATCCGCTGGAGTCCACCTCCCGCTTGCTGGATCCGAACATTGTTGGTATCAATCACTACAAAGTTGCGCTGGGTGTTCAGAATATCCTGCAGCGTTTCGCTGAGCTGCAAGACATTATCGCGATTCTGGGTATCGATGAACTGGCTGACGAGGACAAGATCATCGTTGAGAGAGCCCGTCGCATTCGCAACTTCCTGAGCCAGCCGTTTTTCGTAGCGGAAAAATTTAGCGGTATTGCGGGTAAGTACGTCCCGCTGAGCGATACCATTCAAAGCTTTAAGGAGATTCTGGATGGCAAACATGACGATTTGCCTGAGCAGGCGTTTTTCTTTGTGGGTACGATTCAGGAGGCGGTTGAAAAAGCTAAACGTCTGAAAAAAGCCACTGTCGAGGAGAAGTGA,False,59.240694789081886,402,402.0,0.0,58.70356472795497,532,532.0,0.0,1626
BBF10K_003041,perfect,B3,ATGCCAGTCTTTTTAAAACTGACCCATACGATCCGTAAAGTATTGCGTGTTGCCCGCCTGAGCCGCCTGGCACTGCTGTCATTGACCGCAGTGATCTTTTCGGGCTGTGCTAATATCAATCTGATCAGCGCCGTCGGTAGCTCGTCCGTGCAGCCGCTGCTGAGCAAACTTAGCTCCCATTATGTCCTGAACCACAACGATAAAGACAACCTGGTCGAAATCAGCGTTCAAGCAGGCGGTAGCAGCGCGGGTGTCAAAGCGATCACGAAGGGCCTGGCAGATATCGGTAATGTGAGCAAGAATACGAAAAGCTACGCGGAAGAAAATAAGCAACTGTGGATGGACAAGAAGCTGAAAACCATCACGCTGGGTAAGGACGCCATTGCCGTCATTTATAAGGCCCCGAGCGAGTTCAAGGGCAAGCTGGTTCTGACCAAAGATAACCTGAATGATCTGTACGATCTGTTCGCGGGTTCCAAATCTGTAGACATTAACAAGTTCGTGGAGAATGGTCAAACCACCAAAAATTCTAACCATAACTTGATCGGTTTTCCACGCACTGGTGGTGCTTTTGCAAGCGGTACGGCCGAAGCGTTTCTGAAGTTTAGCGGTTTGACCCAGACGAAAACGCTGGATAAGGACAGCAAAGAAATTCTGGAAGGCCAGCGCAACTACGGTCCGAACGCACGTCCGACCTCTGAAACCAATATTGAGGCGTTCAATACCTTCGTGACCACCCTGCGTCAGCCGAACCTGTACGGTATGGTTTATCTGTCTCTGGGTTTCGTTAATAACAACATGAATCTGATCAAGAGCGAAGGTTTCGAAGTGCTGAAGGTGAAGTATGACAACAACGCCGTTACGCCGAGCTCTCAAGCAGTTAGCTCGAACACGTACAAGTGGGTTCGTCCACTGAATTCCGTAGTTAGCCTGCTGCCGAAACAGAAAACCCTGCCGAGCATTCAGCGCTTTTTTAATTGGTTGTTGTTCAGCAATAACAGCGAAATTAAAAAGATCTACGATGATTTCGGTGTCCTGGAGCTGACCGCGGACGAGAAAAAGAAAATGTTTAAAACGGGCAACGCAGAGATGTCCAATATCGCCAACTTTTGGGTTGACGACTACAGCCTTAACAACCAGACCTTCGGTGCACTGTGA,False,60.22051282051282,584,584.0,0.0,60.36140350877193,569,569.0,0.0,1356
BBF10K_003070,mutation_3.0-0.0,A1,ATGAAACTGAAGCTGTATTTGATCCCGCTGCTGGCGAGCGGTATCATTCTGTCCGCATGCAGCAGCACCACCAGCCAAGTGATCAGCTCTCTGTCCAGCGCGCAGAAATATTTCGAGGCAAACAAAGGCGAACTGAATAAAAACAACGTCATCAACATCCTGAAGGATGGTTATAATAGCGACCCGAATAAGACGGTTAACGCTCTGCTGGCGGGCTGGAAGTATACCCTGATGGATCAAAAACTGCTGGAGAACAACCTGGACCCGAGCCGTTTTAAGAACACCTTCGGCCCGAACAAAAACAAAGACGATGTTACCCCGAACATCAGCGAAAAAGGTCTGTTCCTGAACGAAACGTTTACGGGCCTGGGTAGCCAGATCGCAGAAGTCTTTAATGTCCAAAAACAAATTGTCAGCGGCTTCAGCTACTCCTGGACCTCTCCGAAATCCTTTAAAGTCAACATTCATATCAAAATGGAAGGTATGATTAATGAAAAAAGCAAAGAAACCATCAAGTCCTTTTTGAGCAATAAGGACTCTAATGGCAGCAATAGCGTTGAAGAAAGCGAGTACACGGGTGATAAGGCAAAATTCACCGCGGACTTCATTTTCAGCTATACCCCGCCGACCGGTGGTACCCGCAGCCTGACGGATAAAAGCTTCGATGTGATCACTAACATGATCAATTTTCCGGCCGACGTAAAGATCGATGTGAATACTAGCCACAACAAACTGAATGAGTTATTAGAGAAAAATGATCAGGTGAAGCGCATGAAAAGCAGAACCTTCAATGGTCGTAACATTGACTTGCTGCCGTTCTTTTATTATGCACTGCTGTGA,True,0.0,3,0.0,3.0,59.9868804664723,685,685.0,0.0,1038
BBF10K_003086,mutation_0.0-1.0,G12,ATGGACTGGCTGAAACGTTGGTTTACCCGTAAGGACCAAGATAAAACCGAAACCACCAGCGCTAGCAAACGTGCGAAGATTACCAGCTCGTTACTGATGTTCAGCGCCTTGTATGAAGCGAAAAAGCCGTTGAAGTATACCATTGTCTATATTTTGGCGCTGGTCAATGCGTTTTTTCTGCTGGTGTTCATCCAGCAAACGGGTCTGTATAGCTTCGGCATCAGCAGCTTGACGCAGGGCTTTGCGCGTCTGCTGTTTGTCCTGCTTAAGAACCTGGAGGACGGCCAGCGTAACTTGGTTTTCAATATCTTTTATTGGTTGTTTTACGTCATTGTTAATATTCCGCTGATCATCTTCAGCTATAAGAAAATTGGTAAAAGATTTACGATCCTGAGCACTCACTATGTGGTCGCAAGCAACGTTTTTGGCTTCATTTTTAGCATTATTCCGGGTGCAAACCAACTGCCTAGCATGCTCTCCGCGGTCCACCACACGGAGTTTTGGGAGGACGCAAAGAAAGCGGAAGGCGTGGATCAAAGCGCGCTGTTCGTTCCGTTCCTGTGGAACGATACGAGCCAGGGTAACGTTATTATTAGCACCTTCATCTATGCGGGTATCTACGGCTTCGTTAATGGCACCAGCTTGGCGATCCTGTACATCCTGGGTAGCTGCGCTGGCGGTGCTGATTTCCTGACCCAATATTTCGCCCGTAAAAAGAACCGTAGCGTTGGTCCGATCCTGTTTTATGTTAACACTTTTATTCTGATTATCGCTATCCTGATGGGTAGCTTCGTGGCGGGCAGCATCGTCCTGCAAGATATTCCGGACTACAAAAAGAGCGCGTGGCAAGTTAACCTGTTCTTTTCTCCGAACCTGATCGCCACTTTCTTTAGCGTTCTGTTCACCGGCACCGTGGTCAGCCATCTGTTCCCGCGTTACAACTTCGCAGAGATTAAAGTCTTTACGGACAAAATCGAGGAAGTCAGACTGGCACTCCTGAATGATAAGGCGACCCATTCCCTGTCCATTCAAGAAACCATGGGCGGTTATAGCCTGGCTAAGAAACGCATGATCGTTAGCGTGACGATGTATGTAGAGATTCCGAATCTGATTCGTATCATCCGCAAGATCGACAAGGACTGCCTGGTTTCCATCACCCGCATTCGTGGCATTGACGGCTATATTTATTTACGTAGCCAAGATTGA,False,59.82198952879581,381,381.0,0.0,59.70955882352941,543,542.0,1.0,1404
BBF10K_003093,perfect,H12,ATGGCAAATGCGCCGAAAGGTGTGAAATTCAGCACGAGCCAGACCACGGAGGAGATCGTCCGTGCAAAGGTAAGCGAGCTGGTGGAGCAGTACGATCTGATTATTGGCATTCCGATCGACAAAGAGATTAGCGCTAGCTACGCGAACTGGAAGCTGGTGGAAAAAGATTACGCGAGCAAGTTCCACGTTCTGGATGCCCGCGCGGTGGAGATGATTATTGACTGGCTGATCAATGATATCAAAGGCTGGCTGAACACCAATCCGTATTCCAGAGAGGGCCTGGATCGTTTCGTGGAGCAGTATCGTAAAAAGACCGCGGCGGTGCTGTTCGTGACCGACACGAAGCCGCTGGTGGCGGGTGGTCGTTTGAGCAATCTTAAGAGCTTCATCATCAAAAGCCTGAAGTTCCATTTACTGATCTCTTTCCTGGGTGAAAACGGTAAACTGCAATTTTTTGATAAAGCACGCAGCGCCCATGACGCGCACAAACTGGCGGTCAAGTTCCTGAAAAAACAATTGTTGAAGCACAGCGCCAAGCTGAAGCGTGGTGCATTCCTGACCACCGTTTTTGACGAGCAAACCAATACGAACTTGGTGCAGGAGTTCGACAAGCTGCTGGACCATAGCATTAATATTGAACAGAGCTTGCTCAGCCCGGTCATTTGCACGCACACCGGTCTGAACAGCTACGTTATTGTGCTGCAAGGTGAGTGA,False,58.94267515923567,313,313.0,0.0,59.677477477477474,554,554.0,0.0,912
