part_id,outcome,manual,mut_type,new_outcome,seq,small,address,forward_qual,for_raw,for_align,for_score,reverse_qual,rev_raw,rev_align,rev_score,seq_length
BBF10K_001996,mutation_1.0-1.0,1-1,L-*,cloning_mutation,ATGGTGTTGAATCAAAATAAGAATAGCAATAAAGCGGAATACGGCGGTATTGTCGTCAGCGTTTTTTACTTAATCCTGTTTTTTCTGATCTTGAATATCACCATTTACTTTCACAAAAGCACCAACTTTACCGTTGTAGTGAAAAATAGCGTGCTGACCTCCTTTTTTGTTAATCTGTTGCTGGTGTGTCTGCAAGGCATTTTTCGTCTGAAAACGTGCGACGGTATGCGCTATGAGATCTCCAAATTTAATCGTTATCTGAAGCTGGGCTCTGTGTACGCCAAGCCGTTGGTGAGCTTTAATCAATACCAGGACCAGAGCGCGACCTATCGTCAAAAAACCAGCGGTTTCTGGTGGATGAACCTGATCGTTTACCTGGTCGGTTCCCTGGTGAGCGGCTTGGTCAGCCTGCTGTGA,FALSE,A6,59.67973856,458,457,1,59.94747899,475,474,1,615
BBF10K_002062,mutation_1.0-1.0,1-1,S-F,cloning_mutation,ATGATTACGCAACACCTGAACAAGGAGAATACCCGTTGGGTTTTCATCCCGAATTTCAGCCCGGACATTTGGACGGGTGCCGGCTATCGCAAAGCGAATAATAACAATAACGGCATTCCGTTTGAGCAAGTTAAACCGAGCAATAGCTCCACTCCTTTTAATCCGACCAGCGCCGGTGGTAGCAGCGCGAAAAAGACGACGACCTACAGCTTTTTGCCAAACAGCATTTCACCGACGTCGGACTGGATCAACGCCCTGACCTTTACGAACAAAAATAATCCACAGCGTAATCAGCTTCTCCTGCGTGCATTGCTGGGTACCATCCCGGTGCTGATCAATAAGAGCGGTGACAGCAATGATCAGTTTAACAAAGACTCGGAACAGAAGTGGGACAAGACCAATGAGAAGGATGGTAATTTGCCGGGTTTTGGCGAGGTGAACGGCGGTTTCTATAAAATCTTTACCTACTTAATTGTGAAAAAGGTCCTGAATTTCTCCTGA,FALSE,E6,59.73406193,548,547,1,60.08961303,490,489,1,699
BBF10K_002404,mutation_1.0-0.0,1-1,L-L,sequence_confirmed,ATGCGTATCGCGTTCCTGGTGGATTCCGTTAGCAATCTGAAAGAGGACAAGAACAGCCACCTGTACGTCCTGCCGTTGTATATCATTGAAACGATTGCAGAGCACCAAGAAACCTTCAAAAGCGGTTTCAACATTGACTTAAAGACGCTGACCGACAAGATGATCAATGCACCTAAAGGTGTGAAGTTCAGCACGAGCCAAACCAGCGAAGAAGAAGTTCGTGATAAGGTTAAGAGCATCATTAATGACTATGATCTGATTATTGGCATCCCGATTGATAAAGAAATTAGCACCAGCTACCTGAATTGGAAAATCGTGGAAAAGGAGTTCGAAGATAAATTCCACGTTCTGGATAGCCGTATTGTTGAGGTGTTGATTGCATGGTTGATCAGCGATATCAAGGTTTGGTTGAAAAATAACCAGTATAGCCGCGCCGGCCTGGACGAGTTTGTTTATAACTTCCGTAACAAATGCGGCGCTATCCTGTTCGTGACGGACACGAAACCGCTGGTCGCGGGTGGCCGTCTGAGCAACCTGAAGTCGTTCATCATCAAGTCGTTCAAATTCCATCTGCTGATTAGCTTTCTTGGCGAAACTGGTAAGCTGCAATTCTTTAATAAAGCTCAAAGCGCCAGCAGCGCCCACAAGTTGGCAGTGCAATTTCTGGAGAAAAAATTACTGAAGAAGGAAGTTAACTTTCGTCGCGCGGCATTACTGACCACCATGTTCGAAACCGACAAGAACCAGTTGATTAAACAAGAATTTGTGACGCTGCTGAATAACGCCGTTGACGTTAGCGAACATTTGCTCAGCCCGGTTATTTGCACGCACACCGGCATCAATAGCTATGCGTTTCTGATTCAGACCGAGTGA,FALSE,H8,60.70220588,543,542,1,58.78330373,562,562,0,1071
BBF10K_001443,mutation_1.0-3.0,2-1,E-K,cloning_mutation,ATGGGCGAACATGTGATCGCTCTGAATAAAAAGGCGAAGTTTAATTACGAAATCCTGGAGACTTGGGAGGCGGGCATTGAGCTGTACGGTCCTGAGATCAAAAGCATTCGCAACCACGAGGCAAATATCGCCGAAGCCTTTATCCTGATCCGTAAAAAAGAGGCGTTCCTGATTAACGCCAACATTAAAAAATACGACTACGCGAATTTCGTCAAAGGCATTGATCCACTGCGTACGCGCAAGCTGTTACTGCACAAGAAGGAGATTAATAAAATCCTGAAGCGTGTGATGCTGGAGAAATTGACGATCGTTCCGCTGCGTCTGTACCTGAAAGGCAACTACGCGAAGCTGGAGATCGGTCTGGGCCGCGGTAAGAAAATTCACGACAAGCGTGAAACGATTAAAAAACGCGACATTGAGCGTAAGGAGATGCGTAAATATAAATACTGA,FALSE,G2,58.67813268,406,405,1,59.2047532,546,543,3,648
BBF10K_002499,mutation_1.0-2.0,2-2,Y-C,cloning_mutation,ATGGATAAGAAAACGCGTCTGAAGCTGGACGGCGTCATCGTTTGTGAAGGCAAGACCGATCAAGCGCGTCTGCAACAGCTTTTTGACGTTAGCGTCATTACCACCAATGGTTCCGCCTTGAATCAGCGCACGATCAATCTGATCAAGGCCGTGGCTAAGAAACAGCCGGTCATCTTATTTCTCGACCCGGATGTCGCAGGCCAAAAGATTCGCCGTCAACTGGAACAACACCTGGACAAATATGAGAGCTGCTTTATTGCTCGTAAGGACATGAAACCTAACAGCACCAAGATTGGCGTTGCGGAGGCAACCGACGCCGCGTTAATTCAGGCATTGCAGCAACGTCAGGTTTTCACTAAAACGACCCAGCCGACCCTGAGCTGGGAGCAATATCTGGAGCTGAACCTGAACAGCAAAAGCAAGCGTCTGGCATTGTGCAACAAACTGCATCTGTCCTATTTTAACCACAAGCAGCTGTTCCGTAAGCTGAATCTGTTGCAACTGACTTTCGATCAAGTGTGCCAGTTACTGAAGTGA,FALSE,F9,60.92608696,459,458,1,60.67181467,517,515,2,735
BBF10K_002296,mutation_0.0-1.0,0-1,N-N,sequence_confirmed,ATGAGCCACAAGATTAATGACCAAACCCTGGTTAATGAACAGCGTTTACTGGCCTACGACTTCTTCCAGAATTCCAATAAAGTCGGCTTGTTGTCAACCTTGCAGTACCTGGATTTCGTGAATTTCCTGGTGCGTAGCAAGAAGGTCAATTATCTGCTGGTGAACAAGGTCAGCTTGCCGATTTACCAAAAGATTTACTTCGACAACTTTCCGTTCCTGGGCTTTGACAATAATTTGTGGAGCGCGTTCGGCCTGGCCCTGCGCAACAAATCCCAAAATGACACCGTGTTCGCGTTCGTCGAGAAAACCAAGAATACGGACACCGAGATTAATAAATTTCTGAAAATCCTTAAGACCTTTAAAGGCCTGAAAATTGTCTTTCTGCTGATTAATAGCCCGGAGGAAAAGACGACGATCAAGCTGTCCGATAGCCTGATCAAAGAGATTAAAAAGCAGAAGATCAAGCACGAGGTGTACAGCCTCCGCAGCTTCCAAAACAAGTTCTTTAAACTGGTGCGTAAACTGGAAAAGAAACACAAATCTAAGAATAATGTTATGTTCGTTGAACTGAATGGTGTTTTTGGTTACGAAACCAATTTCGAGAAAAGCAATATCGACTTCAGCTTCACGAGCTTCCAGGATCGTTTCACCATTGAGAAAAAGCTGAAAATCACGTCACACTTCATTTTGCCGCATAAGTATCTGCTGAAGAACCTGGAGAACATTAAGCACCCGAATTTTGAGCAGAAAAACCTGATCTGGCAACAGACCGTAAAAGACTTTAATCAACAGTTCCTGTTGCACTATAGCAAGCTGCAAGTGTTTTCTAACAGCCCGACCAAACTGAAAGTTGATGCATTAATTTTTGATCTGGAGTTCCACCTGATTGTGGAAATCATGAAGGGTTTCAACTTTGATGAAAACTGTATTTGCCTGCTGGAGGGTAACAAAGAACAAAACCCAAATCTGCCGACCGTGTCCCTGGATACCAAAGTGGCAGACATCAAGACGTATCAGGGCTGCTACTTTCTGAACAACTGA,FALSE,A8,60.50107527,464,464,0,58.9609375,511,510,1,1239
BBF10K_002339,mutation_0.0-1.0,0-1,L-L,sequence_confirmed,ATGGACGAGAAGGGTATCTTGGTTGCGATCAGCGGTGGTAGCTGCAGCGGCAAGACGACCGTCGCAGAGATGATTTACCAGCTGCTGAGCAAGAAACTGAAAGTTGCGATCATCTGCCAGGATAATTATTACAAAAGCTACAAAAACAAGCCACTGTTAAAACGCAAGACCATTAATTTTGATCATCCTGATGCCTTCGATTGGAAACTGCTGCGTAGCCATATCGAAGATTTGCTGAATGGTTCCATCGTTAATGTCCCGCTGTATGATTACATTAATTATACGCGCGCGAAAAAGACGGCGAAGATCGGTCCGATTGACGTCGTGATTCTGGAGGGTTTGATGCCGTGGTTTGACGAAAAGCTGTCCCGTCTGTCCAAGCTGAAGATCTTTATTGAAACCAATGGCGAGGAACGCCTGATCCGCCGTATCGAACGTGACTGGCAACGTGGTCGCAATATCGACTCGATCATCAAACAGTGGCGTGAGATTGTGGCACCGATGTACGAGATTTTTGTCGAAAAAATGAAACGTAATGCGGACCTGATTTTGCCGTGGTCACAGCGTCGCGAGGTGTCCACGTCCGTGCTGGATGTGGCAATTGAACATCTGTTCCACAAAACCGTGGAGAAAAATAACTGA,FALSE,D8,59.80776014,566,566,0,60.17453799,486,485,1,840
BBF10K_002426,mutation_1.0-0.0,0-1,_-_,sequence_confirmed,ATGAGCATCAACAATAAGAAAAAACGCTTCTTTTTCGACCTGGCCCAAGACGACGATCCGGAGCAATCTCTGCTGGAGGAGGATCTGTTCTCCATTAAAGAAAAAGTTACGCCGCAGAATAAGAACAAATTTAACCAGAAACAGAATCTGTCCAAACGCGAGGAAACGAGCTTCGACAAGGATTCTAGCAGCTTTGACTTCGGTCCGCTGAGCGCGTTCGAAAAGACTTTTCCTAAGAGCTTCTGGTCCAAGAATAACTCATTTCAACAACCAGAACAGATCAACCAGCAAAACGAGAATAACCTGGAAAACTGGAATGAAGAAAAGAGCTTCAGCAGCAATTTCAGCGGTAAGCCGAAGAAGGAGCGCTACTTTCAAGAAGAACAAAACTTCCAGTATCACAACAACGGCTTCTTGCAGCAGAAAAACCAGAATTTTCAACAACAATTCACGCAGCCGCAACCGATTCCGCCGCAGCCGAAAACCAAGATTCCTGGCATTGTTCCGGTCGAACGTCAGGAGAAATTGGATACCGGCGTGCATTTTTACACGTCCCAACGCGTCTGGCAAAAAGTCCGCAATTACAGCAAAGCAGTGAATATTCCGATTTCGCGTATTCTGACGATTATTCTGGATAATGTCATCGAAGAGTGA,FALSE,A9,60,543,542,1,60.05,559,559,0,852
BBF10K_002752,mutation_0.0-2.0,0-1,_-_,sequence_confirmed,ATGCATGCGATCGTGGTTTGCGGTAGCAAACAGTACCTGGTTCACGAGAATGATACCTTCTTTGTTGAGAAACTGGAAGCACCGGTGGGCAAAGAGATTCAGCTGGATAAAGTTTTAATGCTGGACGAGAAAATTGGTGCACCGTACCTTGAGAAAGCTCGTGTGGTGTGTGTCGTGGAAAAACATGGTCTGCAACGCAAAGTCAATGTCATCAAGCACATCAGCCAAAAGCACCACCTGAAAAAGTATGGCCACCGTCAACCTTACACCAAACTGAAAGTGGTTCGCTTTGTTCATGATTGA,FALSE,B11,60.77707006,422,422,0,59.25203252,423,421,2,501
BBF10K_002754,mutation_5.0-2.0,0-1,_-_,sequence_confirmed,ATGAACAACAAGTATTTCCTGACCAAAATCGATCTGCAGTTCTTCGCGTCCAAGAAGGGCGTTGGTAGCACGAAAAACGGTCGTGACTCACACGCGAAACGCCTGGGCGCCAAGAAGGCTGATGGTCAGATGATCCGCACCGGCCAGATCATTTATCGTCAACGTGGTACCCGTGTCTATCCTGGCGTTAACGTCGGTCTGGGCTCCGATGATACCCTGTTTGCGCTGAGCGACGGCCTCGTTAAGTACCAGAAGTTTGGTCCAAAACAGGGTAAAACGCGCGTTAGCGTCGTGAAACACAAGCTGGACGCCTGA,FALSE,C11,58.89616253,442,437,5,59.56346154,423,421,2,513
BBF10K_002763,mutation_0.0-1.0,0-1,R-H,cloning_mutation,ATGCGTAAGAAAATTGTCATCTTCGGCGGTGCGTTCGACCCATTGCACCAGGCGCACATCTATATCGCGAAGCGTGCCGTGCAGGCCATCAAAGCGCAAAAACTGTATTTCGTGCCGACCGCGAAAGCGTTTTTTAAATCGCCGATCAAAGCGAGCAATCAAGCTCGTCTGGCAATGTTACGTGTCGCATTGAAAGCACTGCCGCAGATGGCGGTGAGCAATTTTGATATTAAAGCGCAGAACGGTTTTTCGTTCAATACCGTGCAACACTTCAAGCAACGCTTTCCGAACGCGGAGCTGTACTTTCTGATCGGCAGCGATAAACTGTCAGAGCTGGCAAAATGGCACAACATCGAACAGCTGCAAAAGCTGTGTCGCTTCGTTTGTTATGAGCGTTTCGGTTATCCGATTGACGAACAGCTGGTGCAGCAGTTCAATGTCCGCCTGCTGGGTAAATGTCCGCTGGACCTGGCGAGCTCGGAAATGTTTGGCAGCCACAAGTTTCGCCAGATCCCGGCGAAGGTTCTGCACTACATTCATCAGCATAACATTTATTTGAAAACCATCCTGCAAACCCTGCTGGATGAGCCTCGTATGCAACACTGTCTGCGCGTCGGTCAACTGGCTAAAACCCTGGCAGTTGCCAACAAACTGGACGGTAAAACCGCCTACACTGCAGGCGCGTATCATGACTTAGCCAAGCAACTGCCGCAGGCACAACTGGAGAAACTGGCCAAGGTGGCAGGCGTCAATGACTACCCGAGCTGGAAGGTTCTGCACTCTTATGCGGGTGCGTATATCCTGAAGCACTGGTACGGTCTGAACAATAGCGCCGTGTTCAGCGCGATTTGGAATCATACCGTTCCTCCGCAAAAAATGAGCCAACTGGACATGATCATCTACCTGGCTGACAAGCTGGAACCGATGCGCGTTCATGAGGAATGGGCAAAGGGTATCGATATTACCGCGTTGGTGAAGCTGGCGAAGAAGGACCTGAAATTGGCCTACCAAATCACCCTGAAGTATGTGCGCAGCCTGCAGAAGAACTGA,FALSE,D11,54.63291139,236,236,0,60.54690619,500,499,1,1248
BBF10K_002847,mutation_1.0-1.0,0-1,_-_,sequence_confirmed,ATGCAATACATCCTGGGTATTGACTTCGGTCTGAAGCGCATCGGCACCGCGTTAGTGAACACGATCGATCGCTTCCCGAGCCCGTTCCGCGTTTTTGCAGTTCAAAACAATCTGCAACAGGCAGTGAATACCCTGTTTAAAGATTTGAAACAGGCAGGCTACGAACTGGTTCAAATCGTTATCGGTTTCCCGCATTTCCACTACCAAAGCTCGATTCAGGTTTCTATTCACAAATTCGTAGAGCTGATTAAAACGCGCTTTAACGTGCCGGTCACCCTGATTGATGAAAGCGGTACTACGAGCGAGGTTAAGGCAAATCTGCAAGAGCTGGGTCTGAAGAACCGTACGTTCAAGAAGGCGAAAGATACGTTGGCGGCCACCCTGATCCTGGAGCGCTTCCTGAATCAGCAGAAGCCTAACTGA,FALSE,F11,60.23684211,540,539,1,59.99793388,483,482,1,621
BBF10K_002939,mutation_0.0-2.0,0-1,_-_,sequence_confirmed,ATGGAACAAGATATCAACAATCAAACGGGCAAGAAAATTTTCCTGAACGAAGAATGTTTTCTGGAACTGGACAAGCTGCCGCAACACGTGTCGGTGCTGGGTGTTAGCGGCTTCGGTAAAAGCAACATCCTGTTGCATTTCCTGAAATATGCAATTGATAACGACCATCCGCTGATCTTTGTAAACGGTAAGGGCGACAAGGAACTGATTACGCAATTTGAGCACTATCAGACGAGCGCGAAGCAGCTGAGCCCGGAGGACGGCTTCGACACGGTCAAACTGGTGGCTCTGAAAAATACCAGCGCGAAGATTTGGAGCCTGGATGATCGTATCGCGACTATTAAATACAACCCGTTCAAGTGA,FALSE,C12,58.33731343,334,334,0,59.70989011,454,452,2,561
BBF10K_003086,mutation_0.0-1.0,0-1,_-frag,sequence_confirmed,ATGGACTGGCTGAAACGTTGGTTTACCCGTAAGGACCAAGATAAAACCGAAACCACCAGCGCTAGCAAACGTGCGAAGATTACCAGCTCGTTACTGATGTTCAGCGCCTTGTATGAAGCGAAAAAGCCGTTGAAGTATACCATTGTCTATATTTTGGCGCTGGTCAATGCGTTTTTTCTGCTGGTGTTCATCCAGCAAACGGGTCTGTATAGCTTCGGCATCAGCAGCTTGACGCAGGGCTTTGCGCGTCTGCTGTTTGTCCTGCTTAAGAACCTGGAGGACGGCCAGCGTAACTTGGTTTTCAATATCTTTTATTGGTTGTTTTACGTCATTGTTAATATTCCGCTGATCATCTTCAGCTATAAGAAAATTGGTAAAAGATTTACGATCCTGAGCACTCACTATGTGGTCGCAAGCAACGTTTTTGGCTTCATTTTTAGCATTATTCCGGGTGCAAACCAACTGCCTAGCATGCTCTCCGCGGTCCACCACACGGAGTTTTGGGAGGACGCAAAGAAAGCGGAAGGCGTGGATCAAAGCGCGCTGTTCGTTCCGTTCCTGTGGAACGATACGAGCCAGGGTAACGTTATTATTAGCACCTTCATCTATGCGGGTATCTACGGCTTCGTTAATGGCACCAGCTTGGCGATCCTGTACATCCTGGGTAGCTGCGCTGGCGGTGCTGATTTCCTGACCCAATATTTCGCCCGTAAAAAGAACCGTAGCGTTGGTCCGATCCTGTTTTATGTTAACACTTTTATTCTGATTATCGCTATCCTGATGGGTAGCTTCGTGGCGGGCAGCATCGTCCTGCAAGATATTCCGGACTACAAAAAGAGCGCGTGGCAAGTTAACCTGTTCTTTTCTCCGAACCTGATCGCCACTTTCTTTAGCGTTCTGTTCACCGGCACCGTGGTCAGCCATCTGTTCCCGCGTTACAACTTCGCAGAGATTAAAGTCTTTACGGACAAAATCGAGGAAGTCAGACTGGCACTCCTGAATGATAAGGCGACCCATTCCCTGTCCATTCAAGAAACCATGGGCGGTTATAGCCTGGCTAAGAAACGCATGATCGTTAGCGTGACGATGTATGTAGAGATTCCGAATCTGATTCGTATCATCCGCAAGATCGACAAGGACTGCCTGGTTTCCATCACCCGCATTCGTGGCATTGACGGCTATATTTATTTACGTAGCCAAGATTGA,FALSE,G12,59.82198953,381,381,0,59.70955882,543,542,1,1404
BBF10K_001463,mutation_1.0-0.0,1-0,A-A,sequence_confirmed,ATGTACAAGATCGCGTTTGACGTGATGGGTTCTGATAACGGTAGCGCTGTGGCGATCGAAGCCGCCAGCCGTTTTATCAAGAGCCGTAAAGATCTGTACCTGGTCTTTGTAGGTGACGAGGACCAGATTAAAACCTCGCTGGAGAAATTTCCGATCGACGAATCCCGCTTCGAGATTCTGGCCACGAAAGAATTCATTGATATGAACGGCAGCATCATGGATATCCGTCGTAAGAAGGATTCGTCGATGGTGCGCGCCTTGGAAACGCTGAAGGACAAGAAGGTTGACGCCATGATCACCGGCGGTAACTCTGCTGCATTTATCGCCGGTAGCCACTTTATTCTGGGCGAACTGAACGGTATTTCCCGTCCTGGTTTCATGCCGACTTTGCCGACGGCAGTCTCCAACAAGCTGACCCTGTTGCTGGACGTAGGTGCGAACTTAGAAGCGGATATCGAAGATATCATTGGTTACGCGAAGATGGCGAACATTTACGCGAAGAACGTTCTGAAAATTGAAAATCCACTGATTGCTCAACTGAATATTGGTGAGGAAAAGTCTAAGGGTACGTTGCTGCAGAAGGAGATCTATAAAGAATTGGAGAGCGACGAAAATATTAACTTTTTCGGCAACCTGGAGTCCCGTGACATCCTGGCGGGTAAGGTCGATATTATCGTTACCGACGGTTACACCGGCAACATGTGCCTGAAAGCATTCGAGGGCGCAAGCAAGATTCTGATGACCGAGATCAAGAGCCAGCTGTACAAAACCATTTTCACCAAACTGAAGGCGCTGACGTTGAAGAAAAGCTTTGACAACGTTAGCAAGAAGTTTGACTATAAAAATCACTCTGGTGCAATTCTGCTGGGCGTCGAGGGTATTGCGTTTAAAGCCCACGGCAGCTCGGATGTCAAGAGCTTTGAAGCCACCCTGCGCATGACCTGTGATGCAGTGGAAAACGACGTCCTGAACAAGATTAAGAAAGAGCTGAACTGA,FALSE,A3,59.29666667,299,298,1,59.07952623,590,590,0,1194
BBF10K_001606,mutation_0.0-2.0,1-0,_-_,sequence_confirmed,ATGGCGAACCATAAAATCAAGGGCCGTAAGGAGGCGACCATCCTGCGCGAGCTGACCATTATTATCGAGCGCGAAATGAAAAACGACGTGCTGCGTGCACTGAGCATTGCCGAGGTCCGTCTGACCAACGATAGCGAAATCGCAAAAATTTATTGGAGCTTTCTGCCACTGAATAAAGAGATTACGAAGGAGCTGATTGCGTCTGAACTGGAGGAAAACAAGAAAACTATCCGCATGAAACTGGCGCACAAACTGAATACGCGCACTGTTCCTGATCTGTTTTTTGAATACGACACGAGCCTGGAGAACGCGAACCGTATTGAGGAGATTCTGAACAAAGTTAACAAGTGA,FALSE,F3,60.48583878,458,458,0,58.77060134,426,424,2,549
BBF10K_001742,perfect,1-0,del,cloning_mutation,ATGTTTTTTACCCTGAAGAAGGAAAAACTGACGGCTTGGTATAAAAACTACACGTTGAAGGACTGGCGTTTCTGGTATAAGACGCTGTTTGTCGTGCTGATGACCTTCATCGTTTTGTTTAGCTACATTCAACTGTTCGTTAATATGAGCAGCGTTGTTAAACAAATTAACGACCTGAATCTGTCCTCTGATATTGCCTCCGACAAACTGAAAGAGGTGCTGGATAACCTCAACCTGAGCAAGTCCATCCAGGAGCGCCTGATCTTCTATAAAACGTCCGATGGTCTGCTGCACGCCGGCTACCAGCCGTTTGAGCAATTCATCCAAATGAGCTCTTTCTTTACGTTGATTAGCAACTTGCTGATCCTGATCTGGATGTACGTGGCGCTGTTCAAGCCACTGAATGAAGGTAAAAAAGGCATTCTGAACAAGCGTACCTCCATTATTTTCGCGGCGTACATCACCGTGACCTTTCTGCTGTACAATCTGATCCTGCGCATTACCGTTAGCGAAATTGCGAACAATTTCATGTCCCACTTCGTGAATGAAATGTTCCACACGGTTGCTCCGATCTTTTTCATCGGTTATGTCCTGTTCGGCGTTAAATGGGAGAAGGGTACGGCATTTAACTTCAAAGAATTAAGCACCACGTGGGTTTTTGGCATCTTGGGTCTGTGCAGCTACGGTGCGTACGCGATCATCCGTGGTCTGCTGAAGGTTGCGGGTGGTACGCCGGGCAGCAGCCAGCAGGCCTTCCCGTATCCGTTTCTGCAAGTGACCGAGCTGAATGTGAAGATGGGTGCCATTGAACTGCCGGGCATCGTCCTGTTCCTGATCTTCATGATCGTGATTGCCAGCATCTGCATCGGCTTTACGTCGCTGTATAACTTTATTATCATTAAGAACGCGAACAAGGGTGCCAAAAAGGGTGTTAACAATGAAAAGTGA,FALSE,C1,54.14634146,122,122,0,60.82922535,567,567,0,1146
BBF10K_001983,mutation_1.0-2.0,1-0,_-_,sequence_confirmed,ATGGAAAACCAGAACTCCTGCAGCTCCGTCAAAGAAAAAGAACTCTATAATCCGAAGAAACCGTTCCTGTTCGCAGTGATTAGCTTTTTCGTTTTTATTATCTTCTTCGCGCTTGCGGGCAGCTTTACGAAATTCGCCTTGGAAGAAAGCCGTGGTTACAGCTTTCTGGTTATCGTCTGCTATCTGCTGGGCACCGTGTGCTTCTTTGTTTTCATTTATTTCTGGTTCTGGTTCCTGAGCGAATTCTTCGCCAATCGTGTTTTGGTGAAACTGTGGGATCTGCCGACGAAAAAGCGCCGTAAACGTCACGCCAAGAAGCAGCGCTGA,FALSE,G5,59.67493113,362,361,1,60.43267108,417,415,2,525
BBF10K_002038,perfect,1-0,_-_,sequence_confirmed,ATGGATAAGAATATCTTTCAGCTCGTGCAGTCCTTTGCTAAGACGCAGAATGTCCGTGCTAATTATACCAGCCAGGATAAGAATATCTCTCTGGATTTTGTCAGCTTTGAAACCGTGAGCCAGAGCCTGACCGGTTTCTTGATTTTCAACAACTTTAATAAACTGCTGCAGCTGATTGAACTGATCAAACAAAAGCAGACGTGGCTGTATGTCGATCAGCTGTGGATCGTAGACTTGAGCAACAATAAAGCTCTGACCGACGCGACGGTTTGGATTATTAAGCAAGAAAAGCTGCCGGTGAGCGTTGCGGCCTTCAGCAATCAACAACTGAACCAAGTGTATCGCAATAGCTCCACCTCGCCGTTATACCTGAGCTATGTGAAACCGATTGAAGTTCAGCAGTTCTTCACCCTGAGCCCAAGCATCAACAATAACCCATTTCTGAATCAAAATCCACTGACTGAAAGCCCGTTCGACAACAATAACCAACTGTTCCAGGCAACCAAAAGCGTCGAGCCGAGCATGGAAACGATGGAGTTTAGCCGTTTTATGGATGAGTTCGACCAGATCACGAAGAACTTTAGCGATATCGAATTGGAACCGATGCAGTTCACCCAAAGCTTTGATGATTGGAGCAAGGATTGA,FALSE,D6,60.22142857,559,559,0,59.68287938,513,513,0,843
BBF10K_002110,perfect,1-0,R-C,cloning_mutation,ATGGCACGTTACTTGGGCATTGTTTCGTATGACGGCAGCTATTTCAAGGGTTGGGCAATCCAGCCAAATCTGGCCACGATCCAGGGCCTGCTGGAACAAAGCTTTAGCCTGATCATTGGTCGCAAGATTAAGGTTATTGGTAGCGGCCGTACGGATAAGGGTGTTCATGCCATCAATCAAACCTTCCATGTGGATATCAACGGCGAGATCAACCTGAATCTGCTGATTCGCAAGATTAATCAGCTGATCAAGCCGCACTGCATTGTTAAAACTTTGGTCCTGGTCAACGACAGCTTCCACGCGCGTTTTCAAGTGAAAACCAAAGTTTACGAGTATCTGATCAATTGTGGTAATCTGAACCCGCTGCAATTCAATTATGTGTGGCAACTGAACCAACAACTGGACCTGGAGAAGCTGAAAGCGGACGCCACTTTATTTCTGGGTAAGAAGAATTTTTTGAGCTTCAGCTCCAGCATCCACACCGACAGCATTCGCACTATCAGCAAGATCACCATTCAAAAGGAAACCAACCAATTGGTTCGTCTGACGTTTTTTGGTTCAGGCTTTCTGCGTAGCCAAGTCCGCATGATTGTTGCGTGCTTGGTAAATCTGAATACCAACAAAATGGCGCTGGAAACGGTCGCGAAACTGTTCGAGCATCCGAAAAAAGGTAGCTGCGTCGTTAAAGCGCCGAGCTGCGGTCTGTATCTGAAAACGGTTGTTTACGAAAAGTGA,FALSE,A7,59.83693517,508,508,0,59.31736527,500,500,0,933
BBF10K_002132,mutation_0.0-2.0,1-0,_-_,sequence_confirmed,ATGCGCGTGAAGGGCACCAACACTACGCGCATCAGACGCAAAAAGTGGCTGAAGCAGGCTAGCGGTTCTTTCGGCACTCGCAAGGCGTCTTTTAAAGCGGCAAAACAGACCGTGATTCAGGCGTCCAAATACGCATATCGCGATCGTCGTCAAAAGAAACGTGAATTTCGTAGCCTGTGGATCCTGCGTCTGAACGCCGCGCTGCGCGCCCAAGGTATGACCTATAGCGTTTTTATCAATGAGTTAAAGAAAGCGAAGATCGTCATCAACCGCAAGGTGCTGAGCGAACTGGCCATCAAGGAGCCGAATAAGCTGAACCTGATTATCAACACGATCAAAAAGCCGACGAACAAACCGACCGTGGCCAAGACCTGA,FALSE,B7,60.13292434,488,488,0,59.4989648,464,462,2,573
BBF10K_002247,mutation_1.0-0.0,1-0,R-H,cloning_mutation,ATGGCAGCGAAAAACCGTACTATTAAAGTGGCAATTAATGGTTTTGGTCGCATCGGTCGTCTGGTTTTTCGTAGCCTGCTGTCCAAGGCGAACGTTGAAGTTGTGGCAATTAACGACCTGACCCAGCCGGAAGTGCTGGCGCATCTGTTGAAGTACGACTCCGCACATGGCGAACTGAAGCGTAAGATTACGGTTAAGCAGAATATTCTGCAGATCGACCGTAAAAAGGTGTATGTTTTCAGCGAGAAAGACCCTCAAAATCTCCCGTGGGATGAACACGATATCGACGTCGTTATTGAAAGCACGGGCCGCTTTGTTAGCGAGGAGGGTGCGAGCCTGCACCTGAAAGCGGGTGCCAAAAGAGTGATTATCTCGGCGCCGGCAAAAGAGAAAACCATTCGTACTGTGGTTTACAACGTCAATCACAAGACCATTAGCAGCGACGACAAAATTATCAGCGCGGCCAGCTGCACCACGAACTGCCTGGCTCCGCTGGTCCACGTTCTGGAGAAAAATTTTGGCATTGTTTACGGCACGATGTTGACCGTCCACGCATACACCGCTGACCAGCGTCTGCAGGACGCTCCGCACAACGATCTGCGTCGCGCGCGTGCGGCAGCTGTCAACATTGTTCCGACGACCACCGGCGCGGCCAAGGCTATTGGTCTGGTTGTTCCGGAAGCAAACGGTAAACTGAACGGCATGAGCTTGCGTGTCCCAGTTCTGACCGGCAGCATTGTCGAGCTGAGCGTGGTTCTGGAGAAAAGCCCGTCGGTCGAACAGGTTAACCAGGCCATGAAAAGATTTGCAAGCGCATCTTTTAAGTATTGTGAAGATCCGATCGTGAGCTCGGATGTCGTCAGCTCCGAATACGGTAGCATCTTTGACAGCAAACTGACGAACATCGTTGAAGTGGACGGCATGAAACTGTACAAGGTGTACGCGTGGTACGATAACGAGAGCAGCTACGTTCATCAACTGGTCCGTGTTGTGAGCTATTGCGCCAAGCTGTGA,FALSE,F7,59.42465753,437,436,1,59.74618321,523,523,0,1212
BBF10K_002347,mutation_0.0-2.0,1-0,_-_,sequence_confirmed,ATGAAGCAGAAGATCCTGGGTATTACGATTGCGTTTATTATTCTGCTGCTGACCACGGTGGCAATCCTGTTTAGCGTAAAGGTGAAGCAATATCTGAATGTGAACTTGTGGACCACGCAACAACAAAACTTTCTGATGTTTAAAAATGAGAAAGACGAGAATCTGTTCAACAACGTTAGCTGGACGAACTTCCAAGCAGAAACTACCGAAAAGAGCGCAAAAAAGGCATTTCGTCTGTACAAGAAGAAAATTAGCACCAGCGAGATTAGCAGCGAACTGAACAAAAATCTGGTAAAGGTGGACCTGTCCGTCACGCTGGAGCAAGGCTGGTATAATATTACCATCATGCTGCCGTCCAAAGATCTGTTCGAGGTGATCTTTTGA,FALSE,E8,58.63061224,489,489,0,59.45620438,490,488,2,582
BBF10K_002600,mutation_1.0-0.0,1-0,T-T,sequence_confirmed,ATGAGCAAAATTGGTAATCGTACCATTACGCTGGACCCGGCGAAAGTGAACCTGAATTTCCAAAAAGATCATATCGCGGTCAAAGGTCCGCTGGGCCAAATCGAATTGAAGCTGCCGCCAAATCTGCCGTTAAAATTCGAACTGAAAGATAACAATCTGCAAATTACCCGCAACAATGAATTGAAGCAATCTAAGATTTTCCACGGCACCTATAACGCCTTGATCACGAACGCGATTATCGGTGTGACCCAGGGTTTTGAGAAAAAACTGCGTCTGGTGGGTGTTGGTTACCGTGCAAACGTTGAGGGTGAAACGCTGAATTTGCAATTAGGTTATAGCCACCCGATTAAGGAGAAGATCCCGAAAGGTCTGACCGTCAAGGTTGAGAAAAACACCGAAATCACCATTAGCGGCATCAGCAAAGAGCTGGTGGGCCAATTCGCGACGGAGGTCCGCAAATGGCGCAAGCCGGAGCCGTATAAGGGTAAAGGCGTCCTGTACTTTGACGAAGTGATTGTGCGTAAAGCTGGTAAGACCGCGGAAGGTAAGAAGTGA,FALSE,G1,59.37007874,380,379,1,60.16042781,560,560,0,753
BBF10K_002603,mutation_1.0-2.0,1-0,_-_,sequence_confirmed,ATGGAACTGAACCAGTTAAAGAGCGTGCCGAAGGCGCGTAACCATAAGACCAAAACGTTGGGCCGTGGCCACGGCAGCGGCCTGGGTAAAACCAGCGGTCGTGGCCAAAAAGGCCAAAAGGCACGTAAAAGCGGTTTAACCCGCCCTGGTTTCGAAGGCGGTCAAACCCCGCTGTATCGTCGCTTGCCGAAATTCGGCAATGCGCGTAAAGGTTTCTTGAAGCAAGAGTGGGTGGTTCTGAACCTGAACAAAATCGCCAAACTGAAACTGGATAAGATTAATCGCGCGAGCCTGATCGAGAAACAAGTTATCAGCGCAAAGTCCCAACTGCCGATCAAACTGATCGGCCATACCAAGCTGGAAAAACCGTTGCATTTTGAAGTGCATAAGGTCAGCAAGCAAGCTCTGAAAGCAGTTGAAAATGCGAATGGTTCCGTCAAATTGCTGGAGAAGTGA,TRUE,H1,49.16455696,157,156,1,58.87213115,579,577,2,654
BBF10K_001344,mutation_1.0-1.0,1-1,A-T,cloning_mutation,ATGATCTTTTTCGCAGAAACGCAGACTGCGGGCGTCCCTGAAATTATCACGAGCCTCTTCCCGAATCTGCCGAACTTTATTGCGCATGTGATCGCGACCATTGTACTGGTTGTGATCCTGAGCAAATTGATGTATAAACCGTTCCGTAAGACGATTAAGGACCGCAGAAATAAGATCAACGAACTGCTGAGCGAAGCTGTTCAAAAACAGACCGAAGCTAATATCGGTGTCCGTAAAGCGGAAGCACTGCTGCAAGACGCTAAGACTGAGAGCAGCCTGATCATCCAAACCAGCAAGGTCGATGCGGATATCCAAAAGACCCACATTATTAGCGAGGCCCACAAATACGCGGATATCATTAAGAATCAGGCCGAAAAAGACATTGCACAAGAGCGTAGCAAAATCGAGGCCGAGATCAAAACCACCATTGTGAACGTGGCTTTCGATGCGGCAGAACAGATCCTGCAAACGGAAATCAACAAGACCAAGAATAAGAAGATCGTTGACGAATTTATTGAGAACTTAGACAAGTGA,FALSE,C2,58.35368957,392,391,1,60.07879925,532,531,1,732
BBF10K_001317,mutation_3.0-0.0,3-0,"G-A,I-I,T-P",cloning_mutation,ATGAGCCGTAAGGACATGAGCGAAAATAATCTGCATTCAGTTGAGAAAATGGTCCTGGCGATCGCAATGCACAGCCCGAATGCACTGCCGGACATCATGACGGGCCTGGTCGCAGACGACTTCCTGGACAGCACTCACAAGATCATCTTTCAGGGCATTATTGAGTTGCACAGCCAAAGCAAAGAAGTCACGATCAGCAGCGTCGCGAACCAAATTGAAAAGAAAGGTAATCTGGAGAGCATTGGTGGTATCCAACGTTTGCAAGATATTGCACTCGACTTCTTTAGCGACGAAGGCATTGAGAACTTCATTGAGGACATCTTCTACGCGAGCAGCAGCCGTAAGTTCGACGCAGCTCTGCGCCGTGTGCAGAACTTAAGACGTGAGGAGCAAATGGATATTGAAAGCAGCATTAACGAGATTCAGAAAGAGCTGCTGAAGATCGATCTGAACGCGCAAAAGAACGACGTACAGTCCATCCACGCTAGCACGGAGAGCCTGATTAAAAAGATTCAAGAGCTGGAGAAACGCTCCGAAACCCTGACCGGCATCCCGACTGACCTGTTTGAGCTGGACGAAATCACCTCGGGTCTGCAGGAAGGTGATCTGATTATTCTGGCGGCCCGTCCTTCTATGGGTAAAACGGCATTTGCCCTGAACCTGGCTTATAATGCTGCCCGCCACAAGAATGGTGTCGCGGTGTTCAGCCTGGAGATGCCGGCAGAGCAACTGACGCAACGTATTATGACCATGGTTTCTAAGATCGACAGCAAAAAGCTGCGTACGGGCAAAAATATTAGCAAAGCGGAATGGTCTAACTTGCTGGCAAGCAAAGAAATTGTGAGCCAATTGCCGATTTACATCGATGATACGCCGGGCATCACTGTGCAACAGATCCAGAGCAAATTGTATAAGCTGAAACGCGATCACGACGTTAAGTTCTGCGTTGTTGATTATCTGCAACTGATCAGCTCTACCAACGGTAGCGCAGATCGCCAAAATGAGATCAGCAATATTAGCCGCCAACTGAAACGTGTTGCCCGCGAGCTGCGTATCCCGATCGTGTGCCTGAGCCAGCTGAGCCGTAGCGTGGAGAAGCGTGAGGACAAACGCCCGATTATGTCCGATCTGCGCGACAGCGGTGCGATTGAGCAGGATGCCGATATCATCATGTTTCTGTATCGCGACGACTACTATAAACACAAAGACGGTAACGAAGAGGAGAATAAGATCGTTGACCAGGTGAGCGCGACCGATCTGATTCTGAGCAAGCATCGTAACGGTGCAACCGGCACGATTAATATCCTGTTCGATAAGAGCCATGGTAAATTCATGGATAAAGGCTGA,FALSE,B2,60.29948365,580,577,3,60.43632959,533,533,0,1545
BBF10K_001537,bad_reverse,bad,,cloning_failure,ATGGAGAAGATCAAGGTGTTCGAGACTTTCAGCGGTATCGGTGCGCAGCATAAAGCCCTGGATATTCTGAAGCAGAACAACTACATTAACTACGAGGTGGTCGGCACGAGCGAATGGGACATCTGGGCAAATATTGCTTATAACGCTATTCATAATAAAAACATTGATCACACGAAGAACATTAGCGAGAAAGAGATCAACGATTTCCTGATCAAGTTTACCCACTCCCGTGATAGCAAGACGCCGCTGACCAACGAACAGGTGATTAAGCTGCCGATCATCATTAAGCAGAACCTGTACAATAGCATCAAGAATAGCAACAACCTGGGCTCGATTGTGGGTGTCACTGGTAATATGATCTCCTCACAAGTGGGCAAGATCGATCTGCTGACTTACTCCTTCCCGTGCCAGGACTTGTCTACGGCAGGCTCCTTTCACGGTAAAAATCAAGGTATGAAAAAGAACAGCGGTACGCGTAGCGGCCTTCTGTGGGAGATCGAGCGTATTCTGAAGGAATTGAAGGCGAAAAAAGAACTGCCGAAGTATTTGCTTCTGGAAAACGTCAATAATATGATCAGCGAGCGCCACAAAGATGATTATCTGATGTGGCTGGACTTTCTGAACAGCATTGGTTATAATACGCAGACCTATGTGTTAGAAGCGAATAAATATGGTTGTCCGCAAAACCGTAAACGTGTTTTCGCTCTGAGCGTCCGCAAAGACGTTACGAAGGAGTTTAAAGACACGTTCCTGGAAAGCAAGCGCACGAGCATTAAAGAAGAAAAGACCCCGTTCGATATTAGCAAAGAAATCGGTATCTACAAGAAAACCCATGAACTGTTGCGCGAGGATTACTCCATTGAGAAATATAAAAACGAGGCAATTAATGCAATCCCAAACCGTACCGACTCCCGTAAGCGCATCTTTTTGAACAATAAGATGCTGAGCACTCAAGAGAATACCAATATTGAAAAGCACTCTAAAAACATCTACATTCAAAACGGCAAAACCTACTCTAATTTTAGCAGCACCATTACCACCAAACAAGATCGCGATCCGAACGGTGGTATCATCAACCTGAAAGGTACCGATCTGCAGAATCGCTACAATGAAAAGAAGCAAATTCGTAAGGCGAACTTCCGTCTGTTGACTCCGCGCGAATGCTATATGTTGATGGGCTTCAGCGAAAATGACTTCGACAAGGTCCTGAGCAAAGCGGAACAGATCAACTTTAGCGTTAGCGTGCGCAAGAAAACCTTTACGGACAGCATCTTGTACCGTCAGAGCGGTAATTCTATTAGCGTTAACGTGTTGACCAGCATTTTTAAAGTTATTGCGGATATCGAGAATAAGACCTTCAAAGGCTGA,TRUE,D3,0,3,0,3,14.25248509,502,184,318,1566
BBF10K_002469,bad_clone,bad,,cloning_failure,ATGAGCGTGCTGCAAAAACCTCGCGGCGTGAAAGATTGGTATGGCGAAGAGTTGATTTACTTTAACTGGACGGTGCATCAAATTACGAACCTGGCCTGGAAATGGGGTTTTTCTGAAGTTAAGACCCCTCTGCTGGAGTACGCCGAGGCGTTTAAGCGTACCAATGCGAATGCGGACATCGTCAAGAAGGAACTGTACGAATTCCACGACAAATCCAACCGTCTGCTGGCGCTTCGTCCGGAGGCGACGGCTGGCATCGTTCGTCTGGTGTGCGAGAATAAGCTGCTGCAGCCGCAAAATTATCCGCTGCGCCTGTTCACCATCGGCACGATGTACCGTTACGAACGCCCGCAAAGCAACCGCTATCGTGAACATTACCAGTTTTCCTGTGAGGTGATTGGCGATACGAATCCGACCGTGCTGCTTGACACCCTGCTGCTGGGCCATGCGATTATCCAGCAACTGGGCATCGAAGGTGTCATTTTGAAGCTGAACAACCTGGGTAATAGCGCGACGATTCAGCAATGGAACCAGGCCCTGCAAGCATATCTGACCCAATTTAAAGCCCAACTGACCGAGCTGAGCCAGTCCCGTCTGAGCACCAATCCGCTGCGTATCTTAGACGACAAGGTGGACGGCCAACTGCCGTTTATTTCCGATGCGCCACAAATCGAACAGTTTCTGGACGCGGAGCAACAGGCTCTGAACACCTGGCTGCAGCAGCAACTGACGCAGCAGCAAGTCCCTTTTGAGTGGAATCCGACCCTGGTGCGTGGTCTGGATTACTACACGGGTGTCGTGTTCGAATTTGTCAAGGATGACACCACGGTTCTGGCCGGTGGCGTGTATGACAATCTGGTTGAGGAACTGGGCGGTACCCCGACCAAGGCGCTGGGTTTCGCGTGTGGTATTGAGCGTAGCATCAATTGTCTGTCCGCCGTGAAGAAGCAGGCGATTCTGGCTAACCAGCCGCCGCGCCTGCTGGTTATCGGTCTGACCGAAGCGGCCTTGGAGAAGCTGTTGCAGCTGTCTCTGGGCTGGCGCGCGTATCACCCGGTGACCATTTATCCGAAGGTGATTCGTATCATTAATGGTATCCGTGCGGCACAACGTCTGGGCTACCGTTTTCTGGGCGTGATCGGCGGCAACAACCTGGAACAACAAACCATTACCGTCAAGGATCTGGCGACCGAACAGCAGACCACCTACACCTGGGATGAGTTTCGCCAACGTCAGGTTCTGTGA,FALSE,D9,59.73939394,494,215,279,60.59439252,534,236,298,1443
BBF10K_002557,bad_clone,"g,switched",,sequence_confirmed,ATGAAAGAAAAGATCCCGTTCTACAACGAGAAGGAGTTCAACGAAATGATGAAAAAGACCAAGAAGGGTACGTTTAGCGGCTGGTACATCATCAACCCGGAAAATAAAAGCGTGGAGTTCAGCGGTAACTTCAACCGTCAGTTTAAACTGAATAAACCAGTGATCCCGGTGAACACGGAGTACGTTACCCGCAAGGAATTCAACGAGTACAAAGATTCGAACGACCAGCGTCTGACGAAAATCGAAAATAAAGTTGATAAGCTGGAAGTGAAGGTCGACAAACTGGAAGAGAAAGTGGATAAACTGGAGGCCAAGGTCGATAAGCTGGAAGAAAAAGTCGACAAGCTGGAGGCAAAAGTTGACAAATTGGAGGAAAAAGTGGACAAGCTGGAGGCGAAGGTTGACAGCGGTTTTGAAATGCTGGCCAAAATTTTGGCAGCTATCAATAAGCGTCTGGATTCTATCGAAGGTCGCCTGGATAAGATTGAGCCGCCGAAGTGA,FALSE,B10,61.13461538,451,237,214,60.74285714,461,239,222,699
BBF10K_002582,bad_clone,"g,switched",,sequence_confirmed,ATGATTGATCGCTTCTTCTGGAGCATCCTGTCCTTCCTGCTGACGAACCTGGTTTTCTTGTTCGTTGCGTTCCTGATCCTGATCATTTACCTGATTTCCGAAATTACCCAGCAATTCGCTTTCGCCTTTATCGCGACCATCGTTTTCATTATTTTTTACAATATCCTTTTCCTGTCGTACCTGTTGACCATGTATATCAAAGGTTTGAAACAAATCGAACAGAAGTCTCGCTATCTGCTGCTGGTGCTGGACGTTAAGGCGGACGAACTGCTGCCGTTCAGCTTTTTGGGTTCCCTGCGTAAGTCACACATGCTGGAAGAAATGCTGCTGGAGCAGTGA,FALSE,C10,60.83549784,461,191,270,60.74275362,551,212,325,537
BBF10K_002602,bad_reverse,bad,,cloning_failure,ATGACCGACCAAAATCAGAAAGCAAATCAAGGCAATGGCCTCCAAACCACGAACTTGCAAGCCCATGCTCAGCGTAAGCACAACTTGCGCCCGAGCAGCGAGGGTATTAAAAAAGCGGTGAGCAAGAAAGAAGGCGGTGGCCACAACCGCAACAACCAGAATCGCCGTTTCCAGAAGCCGGCATTCAAAAGCGAGTTTGAGGAGCGTATCGTCAAGCTGAAGCGCATCAGCAAGACTACCAAAGGCGGTCGCAACATGCGCTTTAGCGTTCTGGTGGTTGTTGGCAATCGTAAAGGCAAGATCGGTTACGGTATCGCGAAGGCTCTGGAGGTGCCGAACGCCATCAAAAAGGCCATCAAAGCCGCGCACAATAGCCTGCACACGATTGAGATTCATAAGGGCAGCATTTACCACGAGGTTATTGGTCGCTCTGGCGCTAGCCGTGTTCTGCTGAAGCCGGCACCGCAAGGTACCGGCATTATCGCTGGTGGTGCGATTCGTGCTATCATCGAGTTGGCTGGTTACAGCGATATTTACACGAAGAACCTGGGCCGCAACACCCCGATCAATATGATCCACGCGACGATGGATGGCATTCTGAAACAACTGTCCCCGCGTCGCGTCGCGATTCTGCGTAATAAAAACCTGAACGAACTGTGA,TRUE,D10,0,3,0,3,10.75083056,300,95,205,858
BBF10K_002689,bad_reverse,bad,,cloning_failure,ATGGTGACCGAGATCAAAAGCCTGAAACAGCTGGGCGAACTGTTTGCATCGAATAACAAGGTGATTATCGACTTCTGGGCGGAATGGTGTGGTCCGTGCAAAATCACCGGCCCGGAATTTGCTAAGGCCGCGAGCGAGGTGAGCACGGTAGCCTTTGCGAAAGTGAACGTCGACGAGCAGACCGACATTGCAGCTGCTTACAAAATCACCTCTCTGCCTACCATCGTTTTGTTCGAGAAAGGCCAGGAGAAACACCGTGCCATTGGTTTCATGCCTAAGGCCAAAATCGTGCAACTGGTGTCTCAGTGA,TRUE,G10,0,3,0,3,11.83435583,325,102,223,507
BBF10K_002732,bad_reverse,bad,,cloning_failure,ATGGGCTGCACGTATATTGGTCCGTCGGGTTCCAATTTTGGTAAAAAAGAAAGCATCGAGGACACCGCGAAGGTGCTGGGCTCTATGTATGACGGTATTGAGTTCCGCGGCTTTAAGCAAAGCGACGTTGATGCTCTGGTTAAATATTCCGGCGTCCCGGTTTGGAACGGCCTTACCGACGCCGAGCACCCGACCCAGATGCTGGCGGACTACATGACCATTAAAGAACTGAAAGGTGACCTGAAGGGCCGTAAGATCGTGTTCGCGGGTGACATCAAAAATAACGTTGCACGTTCCCTGATGATTGGTGCGGCTTTTGTGGGCATGGACATCGTCCTGGTCGGCCCGAAAGCTCAGCATGAGCTGGTCCAGAACGGTGCAGGCTACAAAGAAGTGTTCGAGCAATGTCAGGCGCTGTTCCAGCTGAATGGTGGTAGCGTCAGCTTTTCTACCGATAAACTGCAGGCGGCAAAGAATGCGGACGTGATCTATACTGACGTTTGGCTGAGCCTTGGTGAAGATTTCTCCCTGTTCGAAGAACGTATTCAGGAGTTAGGTCAGTTCCAAGTGGACATGGCCATGATCAAGGCTGCGAAGTCTGATGTGATTTTTCTGCACTGTTTGCCGGCGTTCCACGATGATCATACCAGCTTTAGCCTGGAGATCAAACAGAAACTGGGTAAGAAATACCCGGTGGTAAAGACCGGCGCAATGGAAGTCACGGATACGGTTTTCCAGAGCAAGCACAACATGGCATTCATCCAGGCAGAAAACCGTCTGCACACCATCAAGGCAGTCATTTTGGCGACCCTGGGTTACTGA,TRUE,A11,0,3,0,3,11.75333333,449,134,315,1020
BBF10K_002854,bad_reverse,bad,,cloning_failure,ATGAGCTTTATCCACAAGCTGATCCAGAAATTTAAACCGAAGAAAAAATTGGTGGACCAGGTCCAGCAAGCCGTTCAAGAAAAGAGCTTTTTCCAGGCGAACCAAAAGAGCTACTATCAAGGTCTGAATAAAAGCGCAAATAGCTTCGCGAATACGATTAATAAACTGGCGGCGAACTACGTTACGGTGAACGAACAATTCCAAGAAAGCTTGTTTGAGGAACTGGTTCTGCTGGACATCGGCTATCACGCAGCTACTAAAATCTGTGACGCAATTGTCCAGGAACTGAAACTGCAGCGTGTGAGCGATCCACAGCTGATTCAGGAGATTATCGTTGATAAATTGATTGTCTACTACATTCAGGATAAACTGTTCGAAACGGATTTAACCGTTGAGGCGAACAAAACCAATGTGTATCTGTTTGTTGGTGTGAACGGTGTTGGTAAAACTACCTCTCTGGCGAAACTGGCCGACCAGCTGACGAAGCAAAACAAGCGTGTCCTGATGGTTGCCGGCGACACCTTTCGTGCGGGCGCGGTGGCTCAGCTGGCCGAGTGGGCTCAACGTATCGGTTGCGACATCGTCTTGCCGAATCCTAAAGAGGAAACCCCAGCGGTGATTTTCCGTGGCGTTCAGCAAGGTATCCAGAATGAATACGATTTCGTCCTGTGCGACACCTCGGGTCGTTTACAAAATAAAACGAACCTGATGAATGAGTTGAAAAAGATTTATCAGATTGTCCAGAAGGTGAGCAGCGCGAAGCCGCAGGAAACTCTGCTGGTGCTGGATGGCACCACCGGTCAGAGCGGTTTGGCGCAAGCAAAAGTCTTTAATGAATTCACCGAACTGACCGGCATCATTCTGACCAAGATGGATTCTAGCAGCAAAGGTGGCATCATCCTGGCGATTAAAGATCTGTTTAATCTGCCGGTGAAATTGATCGGTTTTGGCGAAACCACCGCGGACCTGGCGGCATTCGACCTCGAGCAGTACGTGTTGGGTTTGACCAAAAATCTGAGCCTGAATCATGAGCCTAACCAAACCTGA,TRUE,G11,0,3,0,3,13.85051546,387,143,244,1245
BBF10K_002871,bad_reverse,bad,,cloning_failure,ATGCACAGCCGCAGCAAGTTTGGCATTATCCTGAAATTCAATCACTTTCTGTGGCCAGGTATGCGCCTTGAAATCGAAAACGGTTTGGAGTTTGTCTGTGACCCGTTCCTGAATGAACGTGGTAAGATTTTCTTTCTGCACGCCTTCACCGGTAATATCACCAATAAGCTGAGCTTCCGTACGCACTTCAAAGACTATAGCTTCTATGGTATTAATTTCCCGGGTCACGGTAACAGCGTTATCCACAATCAGAGCGAACTGGACTTCAATTTTTGGATCAAACTGGTTCAACAATTCTTCAATAAGTACCAGCTGAAAAATGTCGTTCTGTTTGGTCACAGCATCGGCGGCGGCCTGGCGATTGCGCTGACCCAAGTTTTAACGAAAGAACAAATCAAGGGCATCATCCTGGAGGCCCCGCTGAATCCGGGTATCCGTGCCACCCCGCCGTCTATTATCAGCGCGTTGGTCCCGGACACGAATGAAGATTTTGAGGCGGTCCAGCGCGCTCTGATCTACAATATCGAACAACGTTTTGGTGCAAATTTCAAGGATTTCTGTGCGAAACAAAAGCAGAAAATGATTCAAAAATACGCGCCACTGAAGGTGATGCTGCAGCCGGAACAAGCAGAGCAGCGCCTGCAACTGATCGACGCGGCGTTTAAACGCCTGTCTTATCCGACGCTGTGGATTCACGGTCAAGAGGACGGTATTGTCCGTTATCTGCCGAGCAAAGCGTACCTGGAGTCTCTGCACAATCCGCTGATCGAATTGGTTGGTCTGAGCAACACGGCGCATACCACCTTCTTCGAACAGCCGCAGCAGTTCCTGCAGTTGGTGGAGCAGTTCCTGAATAAACTGAATAAGTGA,TRUE,H11,0,3,0,3,12.69827586,463,157,306,1068
BBF10K_001416,mutation_1.0-1.0,CHECK,,cloning_failure,ATGAAAACGAACAAGAACTTTAAAATCTTCCTGCGTTTGATGAAGGCCCAAACCTTTAATTATATTACCGATCCGATCAACATCATCCTGGGCTTCGTTCTGACGACCGTTACGATGCTGTGTTGGCTCGCCTTTAAGCCGCACGATGCGGAATCCGGTCTGCTGGCGGATAGCTTTGTGCTGGCGAGCGCTATCGGCATTAGCGCAATCCGTAATAGCCAATACAATCTGAACTTGACCCTGGCAGATTGGCGTGAAACCCGTTTTATTCGCAATCTGCTGACCACCCCGGTTAGCAAAAAGGTGCTGTATGCTAGCATTCTGTGCTTCAACTGGATTGTTAATATTCTCGTTACTATTATTCTGATCAGCCTGGCCATGTTATTCAGCAGCCAACGCAAGGTCATTAGCAATGTTCAGTGGACCCCGTTCCTGATTGGCTTCATCTTGAATATTTTTCTGAGCAACGTCATTGCGCTGTTCCTGTCCACCACTTTCAAAAACAAAGAGTACGTTTTCATTATTTCCCTGCTGAGCTATTTCGGTCCGATGTATCTGCTGGGCCTGGGCATCCCGTGGAACGTGGTGGGTCAAATTCCTGCAATTAACATTCTGACCTATATTGCCCCGCATCGTTACACGTTGCACCTGATGCAGGCGGCGTGGGTGGGTAATGCGAGCAACATGAGCTTCCCGGGTGTTGAGTCGAGCTCCTGGTTGGGCGTCCACGGTTTTGGTTACGGCGGCAACGGTTGGTGGCTGCCGGCGCTGATCGCCTGTATTTTCATCTTTATCTTCGCGTTCGCATTCTACTATCGTTTGAAATCTAACTACCAGTTTGGCACTCGTAAATACAGCAAGTTCAAGGGCGTTAAGAAACATGCTAATAATATTGAACTGATCAAACGTACCAACAGCATTGAGGAGTTGAAGATCCTGGTTGAGATTGCCGGCCTGGATTATAAGACTAAGAAGGTTAAGAAGAAAAAGCCGAGCAAGAAGCGTGGTGACAAGTGA,FALSE,F2,58.96485623,625,624,1,60.03191489,563,562,1,1215
BBF10K_003009,perfect,CHECK,,cloning_failure,ATGCAACTGGAGAAGGTGCCGCGTGCGGAATACCAGACCAAATGGGCGACGAACACGGTGCCAAAACCGACGGATTTCTACCATCAGCTGTATAATCTGAGCTTTTCACTGACTCTGACCTCTCAACGCTGGAATACTTACGGTACGGGTTGGCTTATCGACTGGAAAGATACCAGCACCAATGAGAATAAGTTCACCGCGTACTTAGCAACTAATTTCCACGTGGCGGATACCCTGAAAAACCCTCATGACTACCCTCCGTATAACCAGGTGGACAACACTCAAGACCTGACCACCTCTTTTCGTATTGGCAAGTACACCGATCCGAGCCTGTTTGGTCTGTACACCAACGTGAAACATGCCTTCGTTGACGTCCAGCTGGCTGCCCTGCCGAAAATGGCTTACGCGGCCGTCGATTTCGTTGATTACCGTTTCGACAATAAACACTGGAAGTCGCTGAACGAGATTTGTCCGGAGGTTGGTCTGAAGCCATACGCGGATTTTGCTGTGTTGGAAGTGCCGTTGTACCTGAACAACAAACTGGATTACCAGGTCTGGGAGAACTTTATCAAACCAGCAATTGCTACCTACAAGGCACTGGGTGATAGCACCAACTTATTCGCCAGCACCAGCAGCAGCGATCTGCAGAATGACACCTATTTTGCGTTGGGCTACCCGCTGCTGGAAAGCAACATCGACGCCATTCACTTCAATCAGACCGGTGCCACCTTAACGAGCGTGCCGGTGAAGGACCGTATTAAAGTTAAGAATCAAAGCTTCTGGACCCTGAATAAGTGA,FALSE,D12,60.65317919,518,518,0,60.22048998,448,448,0,996
BBF10K_001297,perfect,g,,sequence_confirmed,ATGAAAAAGCACATCAACGAGAACTTGAAGGACATCCTGATCATTGGCGGTGGTCCGGCTGGTCTGACCGCTGGCGTGTACGCGGCTCGTGCCGGTATGAAAACGATTATTCTGGAGAAGGAGGCGCCGGGTGGTAAAATGGTTAAGACTGATACGATCGAGAATTATCCGGGTTTCGATTCTATTAAAGGCCCGGACCTCGCGCTGAAGATGTATATGCAAGTCATGAATCTGGGCGCGGAGTTCGTTTATGATGAGGTTATCAAGATTGAAAAAATGGATAATTACTTCATCGTCACTACGCTCAACGGCCAAATTATTGAAGCGTTGAGCGTCATCGTGGCAACCGGTACGTTGGAAAATAAACTGGGTATCCCGGGTGAAGATAATCTGTACGGTAAGGGTGTCTCCTACTGCGCAGTGTGTGATGGTGCGTTTCATAAGGGTAACCCGGTCGCGATTGTCGGTGGTGGTTACAGCGCTGTGGAGGAAGGTATTTACCTGAGCAAATTTGTGAGCAAACTGTACGTGGTCGTGCGTAAGGACCACTTTCGCGTCGACCCGGTTACGTTGTCTAAACTGGAGCAACTGGAAAATGTTGAGTTCCTGATGAACAGCGTCGTGAAGAAAGTCAATGGTATTGATAAGGTCGAAAGCGTTGAGATCGAGAACGTGATCACTAAAGAGATCAAGACCGTACCGGTGACCGGTCTGTTCCCATACATTGGCGCGACGCCGGTTACGGAGTTCCTGGAAAATCTGAACCTGGATAAAAATGAGGGTTACCTGACTGGTGACGCAAAGTTAAAGAGCAACATCAAAGGCCTGTTTATCGCTGGTGATGTGCGTGACGTTCCGCTGCGTCAGATTGCGATCGCGGCTGGTGATGGTGCACTGGCGGGCCAGATGGCGGTTAACTACGTTCAGGAACTGTGA,FALSE,A2,58.70505051,494,494,0,60.18647166,546,546,0,1134
BBF10K_001299,perfect,g,,sequence_confirmed,ATGTCCTTCGCGCTGACGGTGAAGGAAGAAGTGATTAGCCACACGTTCGATGACAATCTGGGTCAGGCGTTCCTGGCGGGTTTTATTAAATATAACGGCGATTTCATCTGGGGCTCCGGCACCGAGAAGCTGAAATTGACGAGCATCAGCAACAAAATTGCGCGCAGCATCTTCGGTTTGTGCAAGAAGATGTTTGATGGTCATATTGAAATTAGCGTTAGCCAGACGCAAACGCTGAAGCAGAATAAGACGTACCAGATTACCTTGATTGGTAAGATCAGCGAATTCTTGCGCGAGTTGAATATCTGGAACGAGAATAATACCAAGATCGTGGAGTTCAAACCGCTGAAACAGGAGAAAAATAAAGACGAGTTGATCAAGCTGAAGCGTGCGTACATGGCAGGCGTTTTCGTTTCTGTCGGTAGCGTCAATTCGCCGGAAACCACGAACTATCATCTTGAATTGCAGTTCAAAGACGAAGAGTCAGCGCTGTACATCATCAAACTGATGAATAAGTATGGCTTTGACTTCAAAATTTTGAAACGCAACGATAAGCTGTTCATTTGTTACATCAAAAAAGCTATTATGGTTTCCGATTTCTTGAAATTCATTGATGCTTACCAGGCGGTCATGAACTTTGAGAACGAGCGTATCATGCGCGACGTTAGCAATAATGTTAACCGCGTAAATAACATCGATATCAGCAACGAGAAGAAAACGCTCAGCGCGGGTCTGAAGCAGATTGATCAGATCTCGAAAATCCAGGCTAACCTGGCGACGAAACGTCTGTCCGAGAAAGCCGCGTACCTGTGTGATTTGCGCATTCAAAATCCGAACGCCAGCTACGCGGATCTGACCGAACTGATGAATGAATTTGGCTATGAGATCACCAAAAGCGGTGTCTCGAACCTGTTCAAGATTATCGAGAAGCTGAGCCTGGAGTTTAACAACTGA,FALSE,B1,60.42883212,547,547,0,60.62371134,581,581,0,1152
BBF10K_001386,perfect,g,,sequence_confirmed,ATGCAGATTAACAAGAAGGAAATCAAACAGAACCTGAAAAAATGGAATGAGGAGAAAAAATCTATCAAAAGCTTCAGCTTCACGGGCGACATTATTCTGGACAACGTTAGCTACACGTACAGCAAGAAAACCCCTTTCGAGTTTCGTGCTCTGGACAACGCTGATCTGACCATTAGCGATAAGAAGATTACGTGCGTTATTGGTACCACCGGTTCCGGTAAAAGCACCATGATCCAACTGACCAACGGCCTGCTGATCAGCGAAACTGGTCAGACCATCGTTGGTGACTACAAAATCCCGGCGGGCCTGAAAAAGATCAAGGAGGTGAAAGATCTGCGTCGCGAGGTGGGTCTGGTGTTCCAGTTCCCGGAATATCAGTTGTTTCAAGACACCATCGAAAAAGATATCGCCTTCGGTCCGATTCATCTGGGCGCGGATAAAGAAGAAGTTTACAAGAAAATTCCGGAACTGCTGGATTTGGTTAGCCTGCCGCGTGAATATGCGAAGCGCTCCCCGTTCGAGCTGAGCGGTGGCCAAAAAAGACGCACTGCAATCGCTGGCATTATTGCAATGGATGGTAAAACGCTGGTGCTGGATGAACCGACCGGCGGCCTGGATCCTAAGGGCGAGGAGGACTTTATGAATTTGTTCTTGCGTTTGAATAAGAATCAAGGTAAGCGTATTATTATGGTGACCCATAACATGGACCAGGTTCTGAAAGTTGCTGATGAGGTGATCGTTATGCACGAGGGCAAGGTGATCAGCAAAGGTAGCCCTTTCGAAATTTTCTCCAATCAAGAGCTGTTGTCTAAGATCCAAATTGAGCCGCCGAAACTGTATAAACTGATGTACAAACTGAAAGAGAAGGGCACGGACCTCCTGAACAAAAATATCCGCACCATTGATGAGTTTGCCAAGGCATTCAAAGAGGTGCGCAAAGGCAAGTGA,FALSE,D2,57.94859813,427,427,0,60.49391304,574,574,0,1146
BBF10K_001406,perfect,g,,sequence_confirmed,ATGAAGAACAAAGTTTGGTTTATTACCGGTGCATCCCAGGGTTTTGGTTTGGGTATTACCAAGAAGTTGTTAGAGCAGGGTCACCAGGTCGCAGCTACTACCCGTAATCCGCAAAAGCTGGTGGATGAACTCGGCGCGAACAAGAATCTGCTGGCACTGAAGGTTGATCTGAGCAATCAAAAGGAGATCGACGACGCAGTCGCGAAAACCGTGTCCACTTTTGGCAGCATCGACATCTTGCTGAACAACGCGGGCTACGGTCAGCTGTGGACCTTCGAAGAAAGCACCGACAAACAAATTCGCGAGTGCTTCGAAGTGAACTTTTTTGGTACCATTAATGTTACGCGCAGCGTTCTGCCGGTGATGCGTAAGCAGAAGTATGGTCATATCTTCACCACCAGCTCTATCTGGGGCTACGTCGGTGTGCCGTACAACTCCACGTACGCGGCAGTGAAGTTTGCGACCGACGGCTGGACGGAGAGCATCTCCCATGAACTGAAGCCGTTCGGTATTACGGTGTCTTGTATCAAACCGGGTGGCTTCCGTACCAATTTCCTGAGCAGCGGCTCTCTGATTACTGGCGAAGAAACGATTAGCGACTATAAGAGCGGTCGTGACGAATGGTTCACCAACCTGGCGTCCTTCGATAAACAGCAAGACGGTGATCCGGAGCGCTATTGCGATTTTATTATTGATATTACCAAAGGTGACAAGGTTCCGCCGGTTCATATCTTCACGGGTCGTGACAGCTATGAATACGCCGAGAACAAAATTAAGCAGATCAAGGAGGACATGGAGATTCTCAAAACCGAAGCAACTGATTTACACGTTCGCTGA,FALSE,E2,59.66949153,471,471,0,59.27572816,514,514,0,1035
BBF10K_001449,perfect,g,,sequence_confirmed,ATGAATTGGAAGAACACCGAAAACAAGCTGAACGAGTTTATCGATAATAAACTGTTCAACGGTGTGGTGCTGAAAATTACCAATGAGAACAAGACTATCTACTTCAACAGCTTTGGTTACAGCAACCTGGAAGAGGAGGTTAAGATGAATAACGACAACATCTTTGCCCTGTACAGCATGACCAAACCGATTACCGTTATCGCATGCCTGCTGCTGATCCAACGTGGCCTGTTGAGCTTTGAGGACAAAATCTGTTACTTCTACAGCGATTTTAACGAAGAAATCAAAATCAAACACTTGCTGAACATGACCAGCGGTCTGACGTATTTTTGGAATAATAGCGAGAGCGGTAAGGAGATCAAGGATGCTTTTGACTTGGTGGAGAACGAGAATATCAGCCTGCAGAACTTCTGCGAAAAGATTAGCAAGGCGAAGGTTATCAGCAAGCCGGGCGCTGAGTGGCACTACGGTGTCAGCCTGGACATCATTGGCGGTATTATCGAAAAGATTAGCAATCAGGGTTTCAACGACTTCGTTAACGAGAATATCCTGGCGCCGCTGGAGATGCAAGATACGGCGTTTTATATCAAAGACCTGAATCGCAAGACCCAGGTGTACGAATTCAAAAAGACGATTGACGGTAACAAACTGGTGAGCAACAAAGATTTCCACTTTCTGATGCCGTTCACCAATAAACAACCGGCGGCGTCCTTGGGTGGTAGCGGTTTGTTTAGCACTGCCGATGATTACAGCAAGTTTCTGAACTTCCTGATTGATGGTAAGATCAATGGCATTCAGTATCTGGAAAGCGAGCTCCTGGAAGAGATGCGTAGCGATCAACTGAAAGACATTAAGGAAACCTTTAAGTGGACGTTTAACAAGGATTACTCCTATGGTTACGGCGTGCGCGTTCGCCTGCGTAACGAGCTGGACCCGCTGACCGAGATTGGTGAATTTGGCTGGGATGGTGCGCTGGGTTCCGCCGGTCTGGTGGACCCGAAAAACAATATTACCATGACCTTTCTGAGCAGCAGCTATCCGGGTAACAACCGCATCGTCCAGACGGAGCTGTTTGGCGCAGTGTATAAAGATCTGCGTGAACTGAACATTATCAAGTGA,FALSE,H2,59.61884368,466,466,0,59.4702381,503,503,0,1317
BBF10K_001516,perfect,g,,sequence_confirmed,ATGCAAGCTTGGCGCTTCAAATACCTGATGAAAGTGTTCAAAACGGACATTAACAGCATTATTCAGAATGAACGTGAAACCTGTGCAACGATTGGTATGTTTGATGCATTGCACAAGTACCACAAGCTGATCATCGAAAAGACCCAAACGATCGCTCAGGAAAATAATTTGGAGAGCATCATTATTACTTTCGATCATAAACCGACGAAGGGTACGGAAACGCTGCTGAACGAGAATAAGAAAATTAACTACATCAACGAGAACTTCCAAATCGACAAAATGATTATCCTCCAGGTTAACAATGACCTGATTAACACCAGCAAGGAACAATTTGTTAAAATCCTGAAAAATAAATTCAAAGTTATTAAGTTGGTGGAGGGTAGCGACTTTCGTTTCGGTTTCGAAAAAAGCGGTGATGTCGAATACCTGAAAAACAGCTTTGGCGAGAAGAACGTGTTTATCTATGAACGCGATAAAAACATTAGCACCTCCAAAATCAAGAAGCTGGTGAAAGAAAATAAGATCGCGGAAATTGACGACGAGCTGGAGGTCGATATCAACTTACTGTGA,FALSE,C3,60.57487091,580,580,0,60.6705298,603,603,0,768
BBF10K_001572,perfect,g,,sequence_confirmed,ATGAAAACTCTGTTGAGCGTCTTGGGCGCCATCGGCCTGAGCGCCACCGCGGCAAGCCCTATTATTAGCCTGAGCACGGAGGAGAATATCAAGGACATCAAGAACGATAAAGTTAACCTGGAGTACGGTACGAACTCCCTCACGCCTTATGACTTTAGCGACAATTATCTGCGTCGCGCTACGACCATGAACAAATTTAGCGGCCGTGGCGTGGAAACCGTCGAGAGCAATTTTACGGTTCCGTTACCGAACGCCATCACGGTCAATGACATTCTGAACGACAGCAAGATTGATACTATTAACTATGGCGGCATCTTTAACATCGAGGCGGCCTCGGTTAATCAACGTTTCACCGCAATCCTGCTGAAACGTGATCCGAGCCAAAATACTAAAGATAAGGCCGTGTTTATGGGCAACATCCACCAGAACAACAGCGCGACCAGCATTGGTTGGAGCCTGGATTTGGAACTGACGTATTACATCGACAGCAAGGGTAATGCCTTTGCCGATATTAAGCTGAATCAGACCGTTGTGGATGGTTACCGTTACACGAACAGCCTGACGGGCGAAGTGGGTGTTAAGATCTTTTTTAAAACGGAGCGTACGCATTACTACATCAACAACACCGTTAGCACCGAGCAGGATATGGGTACCGAACTGCTGGCAACCATCTTCAATATCTCGAGCAGCAACAGCGCGGTCGTCACGACTAAAGATCGTGTTATCAACCAGAGCATCAGCGGTCTGACCGGTAGCACCGTTAGCACCCAGGGCATCAATCTGCAAAACACCAAGCGTGTTAGCTTTTACGGTACCATGCGTCGCTCCATCCAACAAGCGGGCTATAATTCCAACATTATGCTGGATAGCATTGATTTCATTAAGAATGAGGAGCTGAGCACCGAATATAATTTGGTGTTTGAAACCAATTATGAAACGATTGGCATCAATGAAAGCACCGGTAATTGGAACTCCTCGCTGAATCTGACTCTGAATATTAACATCGACCCTGCCACCAACCGTGTGACTCTGTCCAATAAAGGCATTATTGATCTGGATAATAGCGAAACCACGAATGCGAATACGTGGATGGAAACGACGTGGGTTTTTGATCGCGCCAGCCTGTGGGGCTGA,FALSE,E3,60.72284644,533,533,0,60.51332149,562,562,0,1332
BBF10K_001608,perfect,g,,sequence_confirmed,ATGAAAAATAATAAAAAGATCGCGTTGTTTGGCGGTAGCTTCGACCCGGTCCATACTGACCACTTTAACATGGCAAAGACGTGCCACGACAAACTGGGCTATGAAGAGGTTTGGATCATTCCAACCTTTCTGAATCCGTTCAAGTCATCCACGAAAACGTCCAACGAGGAGCGCCTGAATCTGCTGAACCTGATCTTCGAGGACGAAAACTATATTAAAATTAATCAATTCGAGATGAATAATCAGCGTGTCACCACCACCTTTGAAACTGTTTCCCACTTCAAGAAAATGTACCCGGAGTACGATTTTTCTTTCGTCATCGGCTCGGACAACTTGGACCGCCTGGAGGAGTGGAATAATTTCGATGAACTGATTAACCTGGTCAATTTCATTGTGTTCGAGCGCACCAATGAGTATAAAAAGGATGTTGCGATTAAATATTCTTTGCCGATCTACCATTTCGACAATAATTTTTTGAGCAGCACGAAGATCCGTAACCTGGAGGAGCTGAATCTGCTGACGCCGAAGGTGAATGATTATATCAACTACCATCTGCTGTATCTGCAAACCCGCATGAAACCGTTCATGGACGAGGAGCGTTATCAGCATTGTCTGAACGTGGGTGACATGGCGGCGAAACTGGCAGAGATTAACAATATCGACCCGCAGCAGGCCAAAGTTGCGGGTACCCTTCACGATATCACCAAGCGTTGGAGCGAGGAGAAACAAGCTCTGTATATTAATAAGTATGAGAAGGCACTTCTGGTGGAGCCGAAACCGGTATGGCACTCCTATACCGGCGCCTTCCATCTGAAGTATGATTGGCTGATTCGTGACGAGGAAATTATTAACGCGGTGTACAACCATACCGTGGGTTGTGAAAACATGAGCACCTTGGACATGATCGTTTTCTGTGCCGATAAGATCTCCAGCGAGCGCGACTACAAGGACGTCGAATACTATCGTGAGGAGTGCTTCAAGAACCTGAAGAACGGCTTTATTAAACTGCTGATCAACCAATATGAGGTCGCAATTAAAACCCATGGTATTGATAGCATTGGTGATAAGCTGCTGAAAACCTATAATTTTTATGTCAAGGGTGAGAAGTGA,FALSE,G3,60.05434783,459,459,0,60.1889313,523,523,0,1308
BBF10K_001610,perfect,g,,sequence_confirmed,ATGAACAAGAAAGAGCTGTGGATTGCGTCGAACAACGAGGGTAAAATTAAGGAGTTCAAGCTGCTGCTGCCGGATTACGAAATTAAGAGCGTTAAGGATCTGCCGGAATACGTGGAGCCGGAAGAGAATGGCGAAACCCTGCTGGAAAATGCGAAAATTAAAGCAGAAGCGCTGTCCAAGTATATCAACGGTTGGGCTATCGGTGATGACACCGGTTATTTCTTCGATGCGCTGGACGGTTTTCCGGGTGTTTACAGCCGTCGCTGGGCCTATCCGGTTACCGACTTTAAAGAGATTTGTAAAATGATTATGCAAAAAACCAAGGACAGCGACAATAAAAACATGAGCATGCAAACCGCAATCGTTATTTGTAATTACGAAGAGAACCAGAGCTTCGAGGCACTGGGTATTACGAAGGGTCTGATGGGCGAGGAACTGAAGGTTAGCGACCACACGTTCGGTTATGATTACATTTTTAAACCGGAACCGTTTAACGTCTATTGCGCCGATCTGACCGAAGAGGACAAAATCAATTGTTCTGCGCGTGCTTATGCACTGAACGATATCAAGAAGATTATTGAAAAAGAGATTAAGTGA,FALSE,H3,59.3654267,456,456,0,60.08657244,565,565,0,795
BBF10K_001616,perfect,g,,sequence_confirmed,ATGAAAAAGTTGATCGCACTGTTGGGCGCGATTACCCTGACGGCCTCTAGCGCGAGCCTGGTCGTTGCCTGCGGTAACACCACGGTGCCGGAATACGATAACTTTGCCAAGCTGGCAAATGCAACCCGCCCGACCCTGAATGATAACAATGAGATCGAACAAAAGGGTAGCACCCTGGTCTACTACATCGGTGCGGAGGACAACCTGTCCAGCCTGAGCTTCGAATACGCGCTGAAGAAAAGCGTCGGCCTGGATGAGAGCGCGAGCCTGGACGATGCTTTTGAAAAATTGAACGAGTCGAATTCTTCCACTAATGATTTCGCCGGTAAATTCAAAGGTATTGGTGACACGTTCACTGCAAATAATGTTAATGGTGATGATGCACTCCGCCTGGTTGAAACCAACGTCACTTACAATAAGAAGAAAGACCTGTGGTACTTCGAAAATCAAACGGATCTGAGCACGTTTTCCGCGGAAGCGACCGGCACCAAGATCGAGATGCATGGCACCACCGTGGATACCGTCGGTGATCTGTGGACGGACAAGGCAACCAAGAAGATTCTGAACGATTGGATTAAGCCGTCTATCGCCCGCATGGTGTACGCAAATATTGATAAGCATAATCAAAGCTGGGATAAAACCAAAGACAAAGAACAAATTAAGAAGGTTAACGACGAAATTAACTCCCGCACTGAAGCGATTAAAAACAGCAAGGGTCCTCTGTTTCTGATTATCCGTAATGGTGAGTTCGTTGGCTATCTGGAGGGTTTCGAAGCATACAATCAGGTGAAAAAGGACGGTGATAACCCGGATCTGGGTAAGAGCGACTATAAAGAGAACGATCTGATTAACAACTTCATTAATGGCATGCAAAGCGTAGTTCATACGAAAGACATTATGACCAAGACCTATAAGAGCGACAACACGAACTACAATCTGAATTCAACCGCGAGCAATCAGTGGAAGTGGCAAAACTGGGATAATTGGGTCATCCGCGACTCTAAGACGTCTAGCGAGAGCGGCGAGAGCTACAGCTACAACCTGAATAAATACTGA,FALSE,A4,59.93589744,467,467,0,59.75689655,579,579,0,1254
BBF10K_001626,perfect,g,,sequence_confirmed,ATGGTGCATCAACATATCCAGATGATCCTGAAAATGATTTCACAGCACAGCTGGAATAGCCGTCGCATGAAGATGAAAATTAAGGAACTTTTAGATAAGATGAAAACCAAAAAACTGGAGAGCGGTGAGATCGATCAGGCGCTGAACGATGTTAATGGCTACAGCATGTACGACGAGGAGGACTCGACCACCAAGGAGGAAGTCGAGTATAGCAACGAAAGCGAACTGAATACCATTAATCAAGATATCCCGTCTAAGCGTACGGAGATCATTAAACCGACGAGCTTCAGCGAGGCTGCAAAGATTGCAGACGAACTGAAAATCAATAAGATCGTGCTGATCGATCTGAGCGGTCTGGAAAAGGCTGAAAAGCGTCGTATTATCGATTTCATTAGCGGTGTTATCTATATCAATGACGGCATTTACAAGAAAATCGAAGGTAACATCTATAAGATCTTGATCCGTAAGTGA,FALSE,B4,59.65931864,498,498,0,60.22101449,551,551,0,669
BBF10K_001627,bad_forward,g,,sequence_confirmed,ATGAATAATAATACCCAGGAATTTAGCCAAAAAGCAAAAATTAAAGTTATTGGTGTGGGTGGTGGCGGTAATAACGCAGTCTCTCGCATGTTCGAGCAGGGTGCGCACGGCGTCGATTTTTATATCGCGAACACCGACGCACAGGTGTTGGCGGGCAGCAACGTGCCGAACAAAATCATCCTGGGTGAAAAGAGCACCAAAGGCTTGGGCGCGGGTGCGAATCCGGAGGTGGGCAAAACCGCCGCGCTGGAAAGCGAAAACGATTTGCGTGCGGCACTGGAGGGCGCAGATCTGATTTTCGTTACCGCGGGTATGGGTGGTGGTACGGGCACCGGTGCTGCACCGGTGATTGCACGTATTGCTCAAGAAACCGGCGCACTGGTCGTTGCGATTGTCACCAAACCGTTCCGCTTTGAAGGCAAATACCGTAATACGTTTGCAGAAGAAGGCATCATTGAACTCAAAAAATATGTTGATAGCACGATTGTTATCTCTAACGATCGTCTGCTGGAGTTCATTGGTGCGAAGCCGATCCAGGAGGCGTTTGCCGAGGCGGATGCGATCCTGAAACAAGGTGTCCAGACTATTACGGACCTGATCGCGGTGCCGGCCTTGATTAACCTGGATTTCGCGGATGTGAAAACGGTTATGAGCAAAAAGGGTAATGCATTGTTCGGTATTGGTCTGGGTACCGGTCCGGACAAAGCGAACCTGGCCGCAAATGACGCGATCTCATCTACTCTGCTGGAGGCTGCCATTGTCGGTGCAAAAGACGTGATTGTGAACGTGACGGGCGGTGAGGGCATTTCGCTGAACGATGCATATGACGTTGTCGACGTGGTCAATCAGGCGATTGACAATCCGGAGGTTAACATTGTTTTCGGTGTTGCTATTAACAAAGAATTGACCGAGAAAGATGAACTGGTCGTGACGGTTATCGCGACCGGTTTCGACGAGGAGATGATCAAAAGCAGCGCTAATCTGGGTACGAAAAGCAACGCTGCAAGCACGTTCGCGAATCTGCGCACCTCCTCGTTGTACAAGAGCACCCATGTAGAGGAGGAGCAGAAGGCTCCGACGAGCTTTGAGGAGGACGTCCTGCACGCGCATCAAACGATGCACAGCGTCAACAGCGGTGCGAGCACCTACTCGGACGACACGGAAGATGATTTTCCTACCTTTCTGAAGTGA,FALSE,C4,37.8603352,357,335,22,48.2283237,345,345,0,1389
BBF10K_001757,perfect,g,,sequence_confirmed,ATGAATTTTTACGATGAACTGATTATCGAGCTGAAAGAACTGGTGTTAAAGAACGACTTCGAGACTGCTCTGCTGAAAATTAATCAAGAGCTGAGCATGCCGTATGTGCCGAGCGACATCGAGGAGCAACTGCTGGAGTTCAAGACCCAAATCTTCGAGCAGATTTCTAAGAAGGCGAATTCTAACAACAATTTGAATGCAGAATATATCCTGCAACTGTTGAAAAGCAGCGACCGTGAACAACAGGCTTTCGGTATTAACTTTCTGAATAAGATCAACCTCCGTGACAAACTGAACGACGTGAGCGAACTGCTGACTCTGGAAAAGATCGACAACAGCATTAAGACGCTGATCCTGTTTACGTTGAAAGAACAGGAGATCAACAAGTCCTTCGATGTGCTGTACTCCGGTGTGCAGCAGTCCTGGAACCCGATCGAAATTGATTTTGAAAACAACTTCAAATTCATCACCGAGATCGACGAAGTCATTTCTAAAAGCATTGAAAACGAAAACCCGGGTATTGCGCATGACGCGAAGATGCTGAATATCAACTTCTATTTGAATAATCTGGACAAGTTCAACAATAGCTTTCTGAACGAGAAAGCAGCGGCGTTTATTCTGATCGCCATCGAGATGCTGGAAGAGAAGAAAGAGATGAGCTATATCAAACAGTGGTTCAATTTCGACGAAGATAAGGCGCACGAAATCCTGAAGGAGATTAAGGGTTATGAGCAGTGA,FALSE,F4,60.1002004,498,498,0,60.28690229,480,480,0,936
BBF10K_001796,perfect,g,,sequence_confirmed,ATGAAACTGATTATTAACAAATTGAAAAACTTTATGAAAAGCTCCCTGAACAAGATGCGTTTCCAGGACCAGCTCCCGGAGGAGGTTAAGTTTAAGTTTAATGTGTTTAACCCACTGATCGATGGTATCATTTTCGCCACTAGCGTCCTGTTTGTGCCGCTGATCGTCCTGATCATTCTGAAATTTACGATTAACGCGAATACGGAAGAGGACACGCAGAGCATCATCAACCTCGTTTTCGTTAGCGTGCAGATTTTTTGTTCGGCAATCGGCTGCTTCGTTCTGTATAAACGTGACAATGAGCTGTTTACGCGTACGAATGCATTTGGTATCTACGCCTTCATCGTCCTGCCGTTTCTGTTTGTTATTATTCTGGGCAGCCTGTTTCTGGCTCTGTCCGGCTGGAATTCGAAAAACAACCCGGTGGCCACCCAGTTTGTTAGCATGACCCTGCAGATTATCGCGGAGGTTGTCGTTGGTATTATTCTGTTTATCAAAGTGCCTTTTCTGAAAGACCGTATTTTCCTGACCCTGAAGAAGGAGTGGAAGAAAGTCATTGTTGTGGTGCTGATCATGACTATCGTGCTGTTCGCTGTTAGCTTCGGTCTGAGCTTCATCGAAAAAGAAACTGCGAATCAAAATGCGCTGAGCGAGATCTATAAAAACTCCAGCATCACGGTTAAGATTTTTTATAGCATCTTGCTGTTCATTTTTAGCGTTGTGGTTGCGCCGCTGGTTGAGGAACTCGCTTTTCGTGATTCTATCTTCACGGGCGTTGGTAACAAGTGGTTCGCTATGATTATCAGCTCTCTGGCTTTTGCTATGGTTCACGTGGGTATGGGTGACGTCCAGAACATTTACATTTACCTGATCCCGTCCATTATTCTGAGCGCAACCTTCATCTATACGGAAGGTAATGTGACCTACTCCTGGCTGGTTCACTTGGGTAGCAACCTCATTACCTTTATTTGGATGATCGCGGGTCGTAACTGA,FALSE,G4,60.57685009,526,526,0,60.91082803,470,470,0,1191
BBF10K_001818,perfect,g,,sequence_confirmed,ATGTCTCGTTACACCGGTAGCACGTTTAAAAAAGCGCGCCGCTACGGTTTTAGCATCCTGGAAAATGGCAAAGAGTTCAGCAAGGGTAAAAAGCGCGTCACGACCCCGGGTCAACACGGCAAGGACAAAGCGCGTCTGAAAATGAGCGGCTATGGTGCACAGCTGCAAGAAAAACAAAAGGTCAAGTTCATGTACGGCATGACCGAGCGTCAATTTCGTAACACCTTTGCAAAAGCGAAGAAGGTTCACGGTGGTATTCTGGGTACCAATTTCCTCGTTCTGCTGGAGAGCCGTCTGGATAACATCGTCTTTCGCCTGGGCTTTGCAATGACGCGTCAAGCGGCACGTCAGCTGGTGAATCATGGTCACATCCTGGTGAACGGTAAGAAACTGGATATCCCGAGCTACCAAGTCAAGCCGGGTGATTCTATTGAGGTTAAGGAGGCCATGAAGAAAAACGATAAAATCGCTGAAGCCCTGCAAAACAACGAGAGCACCGTGGAATTCGTTAAAGTCGACAAGGCTAATCTGAAGGGTCAGTTCGTTCGCCTGCCGGAGCGCCAGGAACTGAACCTGGAAATCAATGATGCCCTGATCGTTGAGTGGTATAATCGTCTGATCAAGTGA,FALSE,E1,58.92730845,508,508,0,60.27645051,585,585,0,825
BBF10K_001872,perfect,g,,sequence_confirmed,ATGAAAAAGATTCTGACCATGGGCAGCATTGGCGTTGACCACGTTTTCAACGTCGACAAGCTGCCGAATAAAGGTCAGAGCATTATCAGCAAGAATTTCAATATCTTTTTCGGTGGTAAAGGTGCTAATCAGGCCGTTGCAGCAGCGAAATTGGGTGCTGACGTAAAATACATTGGTCACGTTGGTAACGACGATGCCGGTCTGCACGCCATCGAGAACCTGGTTAAGAACAAGATCGACGCCAGCTACATCAAGAAAATTAACAACATCAATACCCAGGTTGCTAACATCATCGTTGACGATAAAGGTGATAATCTGCTGATCGTGGATACGGGTGCGAATTTTACCTTTCTGAAAGACGAGATTAATGAATATAAAGAATTGATTGATCATAGCGACATTCTGTTGACCCAACTGGAAACGAACCTGGAGTTCGTTGAAGATTTTATCAACTACGGTCATTCGAAAAATAAACTGATCATTCTGAACCCGGGCCCTGCGAAAGTGATTAGCAATAAGATTATTGAAAAATGCGACTTCATTACCCCGAACGAGAGCGAGATCTGCATTCTGCTGGGTAAAGAATACACGGAAAACTATGAACTGCTGAAGAAATACGCGTACGAGCTGTGGGACATTAATAAGAAGAACGTCATCGTTACCCTGGGTGAGAATGGCAGCATTTGGATCGACGAGAAGGGTGAGCTGCACAAATTCGAGGCGTATAAAGTGAAGGCAGTCGACGCAACCGCGTGCGGTGATACCTTCATGGGTGGTATCTCGGCGTACCTGGCCCAAGATAAAACCATCGAGGAAGCAATCAAGTTCGCCACGGCGGCGGCAAGCCTGGCAGTGACGAAAATGGGCGCACAAAGCTCTCTGCCAGAGCTGAAAGAGGTGCATGAGTTCATCAAGAAGAATGGCTGA,FALSE,A5,59.06776181,486,486,0,60.53479853,545,545,0,1125
BBF10K_001889,perfect,g,,sequence_confirmed,ATGATGTTCGTTAGCCTGAATTTGATGAGCAGCCTGAAGATCAAGAAAACGCTGAGCTACCAGGGCAATAACCTGAGCTACACGATCACGTACAAGGAGCAGAAGCACATCATTCTGCGTGTGATCCAAGGCGAAGTGCGTATTTCCGCGCCATTCAATACCCCGGATTGGGAAATTGAGAAAATTATTTACAAGAATATTAGCAAGATTGTATCTGTTCAGAATAAACACATTATCGCATCCGTCTACGACTTTAATACCCTGAAGCCGTGGGTCAAGGTGTTTGACCAAGAAATGGAAATCATCATCGACGAAAATCTGACCCGTAGCAAGATCGAGAATAACAAAATTTACATGAAAAACTATTTCAACCAGGAAGAACAGGTTAAGAAGCTTTACAGCATCCTGGCGAAGCATTACAAGAATTGGTTTATTAGCCGTACCATTGATTGGTCCCTGAAGATGAATGTCCAGTTTCGTAACGTTAACGTTAAACTGATGAAGGCAAAGTGGGGTTACTGCCTGCCGAAAGACAGCAAGATCGCGTACAACACGAAGTTGCTGCATTTCAACGACGAGATTATTAGCTATGTCATTATTCACGAGCTGACTCACATCCTGCACCCGAATCACAGCAAAGAATTCTGGCACTTCGTCGAACGTTACTGTCCGAACTACAAAGAGCTGCAAACCCAGTTGAACAGCACCGGTATTTGA,FALSE,B5,59.38539554,492,492,0,59.65607477,534,534,0,915
BBF10K_001921,perfect,g,,sequence_confirmed,ATGGAGTACTTCGATGCGCATTGCCACCTCAACTGTGAACCGCTGTTGAGCGAGATCGAGAAGTCGATCGCGAATTTCAAGCTGATCAATCTCAAGGCGAACGTCGTGGGTACGGACCTGGACAATAGCAAAATCGCGGTCGAACTGGCGAAAAAATACCCGGACCTTCTGAAAGCGACCATCGGTATTCACCCGAACGACGTCCATCTGGTTGACTTCAAGAAAACGAAGAAACAGCTGAACGAGTTGTTAATTAACAACCGCAACTTTATCAGCTGCATTGGTGAGTACGGCTTCGACTACCACTATACCACCGAATTCATCGAGCTGCAGAACAAGTTTTTCGAGATGCAATTCGAAATTGCTGAAACCAACAAGCTGGTTCACATGCTGCACATCCGTGATGCTCACGAAAAAATCTATGAGATTTTGACGCGCCTGAAACCGACCCAGCCGGTTATCTTCCATTGTTTCTCCCAGGACATCAACATTGCGAAGAAACTGCTCAGCCTGAAAGACCTGAATATCGACATTTTCTTCAGCATCCCGGGCATTGTAACGTTCAAGAATGCGCAGGCTCTGCATGAGGCGCTGAAGATTATCCCGAGCGAGTTGCTGCTGAGCGAAACGGACAGCCCTTGGCTGACTCCGAGCCCGTTTCGTGGCAAAGTTAACTGGCCTGAATATGTCGTACACACCGTCAGCACGGTGGCGGAGATCAAAAAGATTGAAATCGCGGAGATGAAGCGCATTATCGTTAAAAATGCAAAAAAGCTGTTCTGGCATTGA,FALSE,C5,59.73375262,476,476,0,58.12820513,506,506,0,987
BBF10K_001922,perfect,g,,sequence_confirmed,ATGGACGTCCGCACCGAACGTCTGAACGAACTGTTCTTCGTCTACCATAAGAATTTGAAGAACCAGAGCAAGTCCAAATACAGCCGTGCGGTTAATTACCTGAAACGTCGTGGCTTCAATCTGCAAGACTTTTTGAAGGTCGGTGGTGGTGTCGGTTATCTGCAGAACAAAGAATGGCTGAATCTGCCGCTGTATAGCTTTGATGGTAATCTGATTGGTTTCCTGAACCGTAAAGTGAGCTACAAGAAGGAGTTCCTGTATACCCCGTTTAATAAACCTCCGAGCAAGAGCGAGGCGTTTGTCGGTTTGCGTGAACTGGTCATCAAAGATAATAGCATCTATCTGGTGGAAGGTGACTTCGACTGGCTGGCCTTTCGCAAGGCTGGCATCCTTAATAGCCTCCCTCTGTGCGGCTTAACCATTAGCAACCAACAGGTTCAGTGGCTGAAGCAGAAGAAAATCAAGAAGATTTTTATCTGCTTCGACAACGACCTGGCGGGCAAAAACGGTGCAAAGAACCTGAAAGAATACCTGACGAAACAGGGTTTCATTACCAAGGTTATCGAAATCAAGGCCGCCGCAAAGGATTGGAACGACCTGTTCCTCCTGAATAATAGCAACTGGAGCGCAGTTCTGACCAACCAACTGCTGTTTTGA,FALSE,F1,60.8976234,546,546,0,58.82917466,520,520,0,855
BBF10K_001923,perfect,g,,sequence_confirmed,ATGGGTAAAATCAAACTGAAGAACCGTAAGGCGCTGGTGGTGTACGATAATAAAGACGACTTCGAGAAAAACCAAACCTTCGCGCTGTCTCTGATTAAAGAGCTGCAGAAGAAGAAGCTGAACGCGGAGGTGCTGCTGCTGGAGAATAAAGATATTAATTTCGAAGCGAAAATTAACGAGGCTGAGTTGATCTTGAATCGTAGCCGTAAAGTGGATTTTCTTAAGACGAATAACCAGATTAATACCTTTCTGGTGAATCCGTTTAACGTTGTTTTTATCGCGAATGATAAGTACGAGACTTATAAATGGCTGAAACAGAACCGCTTTTTGACCGTCAACAGCAGCCTCCTGAGCAAGGAAACTATCAAATCTTTCCCGGTGATTGTCAAAAAGCGTAACAGCCACGGTGGCAAAGATGTCCATCTGGTCAACAGCGCGGATGAAATCAAACACTTGAACATTGAGAACGCAACCGAGTGGATTGTCCAGCCGTTTTTGAGCATTGGTACGGTGGAGTATCGTGCCTATATTCTGTTCGGTAAGATCATTAAGGTCATTAAAAAGATTAGCAATGCAAATCAGTTCAAAGCGAACTTTAGCCAAGGCGCGGAGGTTAGCCTGTTCAAACTGAAATGGTTTACCAAGCGTAAAATTAAAAAGATCGCCAAACGTCTGCGCGAGGGCTACTACGCGATTGACTTCTTTCTGAATCGTTACAACCGTGTGATTGTGAATGAGATTGAGGATGCCGCGGGCGCGCGTGCGCTGGTTCAACTGTGTCCGGATCTGAATATCACCAAGATTATCATCCGTACCATCATCTCTAAATTTAAGAAGTTCCTGAAGAAAAAGCTGATCTCCTGA,FALSE,D5,60.18448637,476,476,0,60.78053435,523,523,0,1062
BBF10K_001939,perfect,g,,sequence_confirmed,ATGAAGAAAATCTTGGTGATCGTTTACCCGGAAATGAATGACGTGGAATACACTAACGTGATGGTTGTTTTCAGCTTTATTAAAACCATCCAAACGACGTGTTATCACCATTCTCTGAAGAAAATTACGGCAAGCAATGGCGTGGTGGAAGTGAATAACATCGTCAACACCATCAACTTAAGCGAATTCGATGCAGTATACATTCCAGGCGGTATCGGTGCAACCAAGCATCTGGACAAAGACGAAAAACTTCTGAAAACGATTAATTATTTTAAGGTGAACAACCTGTATCTGTTCGCGATTTGCGACACGCCTAACGTCTTGTTCAAACACGGTATTATCACCAAAGACGAGATCTATAGCTCCTTTCCAAACCCGAACTTGGTTATGAGCGAGAACCGCTCTACCGCGAAAGTCACGGTCGCGAACAAGCTGATCACCGCTCGTAGCGCCGGCTGTGCGCTGGAATTCGCGACGGTCATCGTTTGCACCTTTCTGAAAGATAATACCCTGAACGAACTCGTCCACAAGCGCCTGTTTGGTAGCGAAATCAAAGATTGA,FALSE,E5,60.73512476,520,520,0,59.24330357,447,447,0,759
BBF10K_001962,perfect,g,,sequence_confirmed,ATGAATATTATCAACCTGATTAACAAGAAGCAACGTGGCAAAGCACTGAACCTGGCAGAGATCAACTGGTTTGTGAATGCGGTCCTGAACAAGACGATCGCTGACTACCAGATTACCGCGTTTTTAATGGCAATTTGGTTCAAGGGTATGAATCCAAATGAACTGTTTCTGCTGACGAAGGCAATGGTGGATACGGGCGAGATTATTAAGTTTAACCACCACGGTAAAATTTCTGTCGATAAGCACAGCACCGGTGGTATTGGTGACAAAGTCAGCCTGGCGCTGGTCCCGATCTTGACCTCGCTGGGTTTCTCAGTCGCCAAGCTGAGCGGTCGTGGCCTGGGCTACACGGGTGGTACGATCGACAAGTTGGAAGCTGTTGGTGTGAAAACCGAGCTGACGGACCAGCAAGCACAAGCTTGCCTGGATAAGAATGATTGCTTTATCATTGGTCAAAGCAAAGATATCGCCCCGGTCGATAAGGTTCTGTACGGTTTGCGCGACATCACCGGTACGGTGGATAGCCTGCCGCTGATCGCGAGCTCCATTATGAGCAAAAAACTGGCGGTTATGAATGAGTACATCTTCATCGATTTGAAATACGGCAAAGGTGCATTTTGCAAGACGAAGAAAATCGCCAATGAGCTGGCTAAACTGATGCAATCTATCGCCAAGAGCTTTAAACGTAAATTGTCAGTCAAACTGAGCGATATGAACCAAGTGCTGGGCAAGGCGGTTGGCAATGTTATCGAAGTGAATGAAGCAGTCAATTTCCTGAAGCAGGACCTGGACCAAGTCGGTCAGGATTTCATTGATTTGATGCAGACCATTGTCATTAACATTCTGCTGGAAACCAAGCAAGCAAAGACGAAACAGAAGGCCATCGAGCTGTATCAAGATGTTCTGACCTCCAAGAAGGCATGGAATCGCTTTCTGTCGTTCATTGAGAGCCAAGGCGGCAATGTTGAGTTGTTCACGCAGAAGGAAGGTTTCTTTAAACCGAAATATAAAGCAAGCATTAAGGCAGAAAAGAGCGGCATCCTGCACTTCACCGACCCGATCGATCTGGCTAAAATCGGCATCAATCTGGGCGCAGGCCGCATGAAGAAAACCGATCAGATCGATCCGATGGCCGGTCTGTTCCTGATGAAGAAGGATAATGAGAGCGTCGCGGTGGGCGACACGGTGTTGAACCTGTACAGCAGCTCTCCGATTAGCAACGAATACATTAGCGCCGCGCAAAAGACGATCATTATCAACAAGTGA,FALSE,F5,58.19660194,411,411,0,58.15470852,445,445,0,1464
BBF10K_001987,perfect,g,,sequence_confirmed,ATGCACAACACGAATCTGTTTGTCCTGTTCAAAAGCAAGGATGTCAAGCTGACTTATTCATCTAGCGGTAGCAACAACCAGATTAGCTTCGATAGCACCTCCCAGGCTAATAAACCGGCGTATATCGTGGAATTCACCAACAGCACCAACATTGGCATCAAGTGGAGCGTCGTGAAAAAATATAAGTTGGACGTTCCGAGCGTTTCAACCACCATGAATCAAGTGTTGCAAGAGCTGATTCTGGAACAGCCGCTGACTAAGTATACCCTGAACAGCTCTTTGGCAAAGGAAAAAGGCAAAAGCCAACGTGAGGTCCACCTGGGTTCCAATTCCAACCAGTGGCGCTCCATGCGTGATCAGCATGGCCTGAATAACAACCCGAGCCCGAATGCGAGCACGGGTTTCAAACTGACCACGGGTAATGCTTACCGTAAGCTGAGCGAGAGCTGGCCGATTTACCAACCTATTGATGGTACCAAACAAGGCAAAGGTAAGGACAGCAGCGGCTGGAGCTCCACCGAAGCAACCACCGCGAAAAATGACGCCCCGAGCGTGTCTGGTGGTCGTAGCAGCGACCAAAGCAATAAATTCACGAAGTACCTTAATACCAAGCAGGCTCTGGAACGTATTGGTATCCTGTTCGAATCGAACGGCGAAGCCCGTAACGTCGTGAGCCTGCTGCCGCTCCTGAGCACGCAACAGGGCGAGAAGTGGAGCATTCCGAATCATCAACATCTGCAGCAAGTGAACTGGACGTGGCAAGTCACGATCAAGTGA,FALSE,H5,60.5581854,506,506,0,60.39076377,562,562,0,975
BBF10K_002029,perfect,g,,sequence_confirmed,ATGCAGGCGGCGAATGATCACTTTTTTACCGGCCTGAGCAAAAAAGGCCCGGTTCGTAAGGAGAACCAGGACTTTTACGGTTTTAGCTTTAATCAAAACAATTTGCTGATCGTTGTCTGTGATGGTCTGGGTGGCTATAAGGGCGGCAAGATCGCTAGCAACCTGGTGGGTAAACTGTTCCTGAGCCTGTTCGAGGGCTTCGAGTTCAATCAGTGGGACGAAACCACCGTGAAAAAGTGGTTCGAAAATACGCTGATCCAAGCGCGCTTTCAGTTGGAGAATTGCTTTCAAACTGTTTACGAAGCTCAGATCCAATTCGCCCGTATGGCCAGCACCCTGGTGCTGGGTATCCTGACCAAGAGCGATATCTACATTTTTTGGATCGGTGATTCCCGTGCGTATCTGCTGTTTGAAAATCAGGCAAAACTGGTTACGAAAGACCATAATTTGTACAACCAACTGGTCGCCATGAACGCGGATGAGAAACTGCTGTTGAGCTATTCCAATCAGCTGCTGGCGCTGACGAACACCATCTCCAAAGAAACCAAGCGTCCTCTGGTCTACGGCTTTTACAATACCAAAATTGAACAACAGGAGTTTTTGCTGCTGTGTAGCGACGGTCTGTACAACTTTGTCGAAAAAGAACTGTTCTTTGAGATCATTACCAACTCTAAGAATCTGAAGCAGGCAGTGTTCAATTTGTACCGCAAATCTATCGAAAATGCGAGCAATGACAACATTACCGCGGCGCTGGTTAACTTGCAAAAATGGAAACAGTCCTGA,FALSE,C6,59.53953488,429,429,0,60.40889831,471,471,0,981
BBF10K_002080,perfect,g,,sequence_confirmed,ATGGCAAAGTTGAAAGTTATCCAATTTGACGGCAGCTTCAAAGGCGAAATCCAGCCTGCTAATCATCTGCTGCTGAAGAAAGCAGTTATCCAGCCGGTTTTCGACGCTATTTTGTTGGAACAGGCGGCCTGCCGTCAGGGCACTCACTCTACGCTGACCAAGGGCGAAGTGAGCGGTGGTGGTAAAAAACCGTACAAGCAGAAACACACGGGCAAAGCGCGCCAAGGTAGCATTCGTAATCCGCATTATGTTGGCGGCGGTGTTGTTTTTGGTCCGAAACCGAACCGTAATTATAAATTGAAACTGAACAAGAAAGCCTATCAGCTGGCCCTGACCAGCGCCTTCGCCCAGAAGCTGAACAATAACCAAGTGATTGTCGCCGAAGCGAAACTGTTTGAACAGACCAACGCGAAAACCAAGAAAATGCTGACCTTCCTGAAAAATGCGAAGCTGACCGAGCAGAAACTGCTGTTTGTTATCGATACGATCTCTAAACCGCTCCTGCTGAGCACCAACAATCTGAAACAAATCGTGGTAAAGCAGTTTAACAAGGTCAGCGTTCGTGATCTGCTGCTGGCAAAGACGATCATCATTGAGAAGGCAGCATTCACCAAACTGGAGGAACGTCTGAAGTGA,FALSE,F6,57.98076923,311,311,0,56.60310421,450,450,0,834
BBF10K_002097,perfect,g,,sequence_confirmed,ATGGAATTGCACCAGCTCAAGAGCGTGTCAAAAAGCCGTAACCACAAGAGCAAGGTAGTCGGTCGCGGTCACGGTAGCGGCCTGGGTAAAACCAGCAGCCGTGGTCAAAAGGGTCAGAAGGCACGCAAAAGCGGCCTGACTCGCCTGGGTTTCGAGGGCGGCCAGACCCCGCTGTATCGTCGTCTGCCTAAGTACGGTGTCGCAAATAAGGGCATCCTGAAGAAGCGCTGGGTAGTTCTGAACCTGAATAAAGTCGCAAAACTGAATCTCAAGACCGTGACCCGTGCGACCCTGATTGAAAAGAAGGTCATTAGCAAGAAGAATAATCTGCCGCTGAAGCTGATTGGTAACACCAAGCTTACCACGCCAATTCATTTCGAAGTGCAAAAAATCAGCAAGAACGCGCTGAACGCGGTTCAGACCAGCAAAGGCAGCGTTAAAATTATTACCTGA,FALSE,G6,58.57692308,467,467,0,60.41477273,527,527,0,651
BBF10K_002105,perfect,g,,sequence_confirmed,ATGGAGAAATTCCTGAAATATGAGATTAAAGTGAACAACAACCAGCCGACCAACACGAACCCGAATTATGGTATCTTTGAAGTGGCTCCGCTGGAGAGCGGTTTTGGTATTACCATTGGTAACGCAATGCGTCGCGTTCTGCTGTCGTGTATTCCGGGTGCTAGCGTTTTCGCAATTGCAATTTCCGGTGTTAAACAAGAATTCAGCAACGTGGAAGGTGTTCTGGAGGATGTCACCGAGATGGTACTGAACTTCAAACAACTGGTCGTCCGTATTAGCGACCTGTTGTTCGAAGATGGTGAGATGATCGAACCGCCTCTGGAGCGCTGGCCGGTGCTGAAAGTCACCGCCGAGAAAAAAGGTGCGGTTTACGCGAAAGACCTGGAGTGTCCAGCCGGTTTTGAGGTTATTAATAAAGACTTGTATCTGTTTAGCTTGCAAAAAGACATGAAACTGACCGTTTCCGTGTATGTCAAGCAGGGCCGTGGTTTCACCAGCTTCCTGGAGAATCGCGAACTGATTAACAGCTTGGGTATCATTGCCACCGACGCGAACTTTAGCCCGGTCCTGCACTGCGGTTACGAGGTGCAGGAGGTCAAGACCAGCAAGCAAAAACTCACTGACCATTTGACGTTTAAAATCGCAACCAATGGTGCGATTAAAGCAGTCGACGCGTTCGCCATGGCCGCTAAAATCCTGATTGAACACCTGAATCCGATTGTCTCGGTGAATGAGAGCATTAAAAATCTGACCATTATTCAAGAGAAGGCGGAGGAGCGTAAGGTTAAGAGCTTCGCCAAGCAGATTGAGGAGCTGGATTTCACTGTCCGCACTTTCAATTGCCTGAAGCGCAGCGGTATCCATACGCTGCAAGAATTGCTGAGCAAATCGCTGACCGACATTCGCGAGATTCGTAATCTGGGCAAAAAGTCCGAACGCGAAATTATTAAGAAAGTTCAGGAGCTGGGTTTGAAGTTCCGTTCCTGA,FALSE,H6,60.05117271,468,468,0,61.02165354,507,507,0,1185
BBF10K_002140,perfect,g,,sequence_confirmed,ATGCAAAACAAACTGATTAAGGTTCTGGTTATTGCGGACACCCACGGCCAAAATCAGCGTTGGATTGAGCTGAAAAACTATCACAATCCGGACGTTATCATTCACGCGGGCGACCACATGACTACCAAGCAGTTCATGGACCAAAACGCCACCTTTTGGGTTGCCGGTAACAATGACAGCATCGGTAATGAGATTGAGATTTTCCAACTGGGCCAGATCAACTTCGTGCTGATGCACGGCCACCAGGCACCGCGTGATAACCTTAAGAAATGGTATCAGCTGTTGGTCCTGAAGGCGCAGCAATATCCGTGCGACGTCCTGATCTTTGGCCATAGCCATATCGAATACACCAACAAAATCAACATGATCCAGCTGATCAACCCGGGCTCTCTCCAACTGCCGCGTAACCAGACGAACACGCCGAGCTACTGCACGTTTATCGTCAACAAGGACGAGCTGACGGACCTGACTATTCACTATTACCAAGCCAGCAAAGTGTCCTGA,FALSE,C7,59.82835821,401,401,0,59.81714286,524,524,0,702
BBF10K_002148,perfect,g,,sequence_confirmed,ATGGACAAGCTGTTCAAGACCAGCTTTCGCTTCATTATCCGTTTTCTGCAAATTCTGTCCCTTCCGGTTGTTTTCCCATATTTTCTGCTCAGCTTTCTGGCGTGTCTGATTACCAGCAAAAATTATGAAAGCCTGCCGTACAACTACCCTCCGGAAATTCGTTTTAAGAAAGTCTACCGTCTGGTATCCATGTGGCTGTATATTAAAGGCATTAAAGTCGTTACCGTTAACGACAAGATCATTCCGAAGAAACCAGTGCTGGTTGTGGCGAATCACAAGTCTAATCTGGACCCGCTGGTTCTGATTAAGGCGTTTGGTCGTCTGAAGAACTCGCCGCCTCTGACCTTTGTGGCGAAAATTGAACTGAAGGATACCGTTCTGTTCAAGCTGATGAAGCTGATTGACTGCGTCTTTATCGATCGTAAGAACATTCGCCAGATTGCGAACGCCCTGGAAACGCAACAGCAGCTGATCCGCCAAGGTACTGCTATCGCTGTCTTTGCCGAGGGTACCCGCATCCTTTCTAATGACATTGGCGAGTTCAAACCAGGTGCACTGAAGGTGGCCTATAACGCGTTCGTTCCGATCCTGCCGGTTAGCATCGTGGGTAGCCTGGGTAAAATGGAAAGCAATAAACGTTTGAAGGAGCATGGTGTTAAAAAGTCGAGCAACTATGAGGTGAAAGTCATTTTTAACAAGCTGATCAACCCGATTAGCTTCAACCAAATCGACAGCAACAACCTGGCAAACAACATTCGCAGCATCATTTCGGATGCGTACACGTCTGAGAAGCCGAGCAATGATTGA,FALSE,D7,57.12385321,217,217,0,59.01553398,514,514,0,1005
BBF10K_002270,perfect,g,,sequence_confirmed,ATGAAGCGTGCGGACTTTTGTATCATTGGTCTGGGTCGCTTCGGTATGCAAGTGGCTCAATCTCTGAAGGAGAACAACTTTAATCTGCTGCTGATTGATCTGGACGACAAAAAGACCGACACCGCAAGCCAACAATTCGACTATGTGATTTGTTGCGACGCTAGCAATCTGACCGCACTGGAGGAGCTGCAAATTGATGAATTCGCGGGCGTTATCGTTGGCGTTACCAACATTGAGGCGAGCATCATGATCTGTGCGAATCTGCGTGAACTGGGCCAGAAAAACATCATTGCCAAGGCGAAGAACGAAGTGCACAAACGCGTCCTTTCAACCATGGGTATCCGTGAGGCGCTGATTCCGGAGAAGATTGTTGGCAAAAACCTGGTAATCCGTCTGATCCATGGTCTGGAGAATGAGATCATTAACCTGGGCAACGAGATTATTTTTATCCGTAGCGCGGTGAACAACAAAGCCTTTTTCAATAAGCGTCTGGAGGAGATCAATTTCCGTCAGAACACCGATGCGAACATTATCAGCATTATGCGTTCGAACAAAACCGTTGTTTTTCCGCTGGGCCCGAACACCGAAATCCAGCCGGGCGATATCATCACGGCAGTGTGCCAACAAAAGAGCCTGAATAAATACCTGAACTACATTAACCCAAAGACCAAAAATAAGAACTGA,FALSE,G7,60.23790323,495,495,0,59.73977695,537,537,0,882
BBF10K_002305,perfect,g,,sequence_confirmed,ATGGACAAATTTTTAATCGATGTTATCGTGGAGATCCCGAAGAACAGCAAGATCAAATACGAATATGACCGCCAAACCGGCCAGATCCGTGTCGATCGTATTCTGTTTGGCAGCGAGAGCTATCCGCAAAATTACGGTTTTATCAAAAATACGCTGGACTGGGATGGCGACGAGTTAGACTGCTTTATCTTCGCCGATCAGCCGTTCCTGCCGGCCACCGTGGTTCCGACGCGCATCGTGGGTGCTCTGGAGATGATTGATGATGGTGAAATTGACACTAAACTGCTGGGCGTTATTGATTGCGATCCTCGCTACAAAGAGATTAATCAAATTTCGGACTTGCCGAAGCACCGCATCGAGGAAATCCTGATCTTTCTGAAAACGTATAAGCTGTTGCAGAAGAAAACCGTTATCATTAAGGGTCTGAAGGATGTCTGCTGGGCCAAAAAGGAGTACGAGATCTGCCTGCAACTGATGAAAGATTACGGCCACCTGAGCAAGGATCAGTTCATCCAAAAGATGCAGATTCTGCACCCAGAGCACTACCAAAAGTGA,FALSE,B8,59.99340659,454,454,0,59.24304267,538,538,0,753
BBF10K_002338,perfect,g,,sequence_confirmed,ATGATCAAACTGGGTTGGGCGAGCTTCAGCAACACGGAGTTCGCCCAAGATATCTTTATCAAATTTGCCAACCAGTTTTACAAGCAGGACGACGCCGGCACCATTCTGTTTGAATTGAAGAAAACCCTGGGTGTGAACCAACTGGACGAAATCGAGAAAAATAAAAAAGTCATTATCGTGAACCAATTCCAGAATAGCCTGGGTAAATTCCTGTTGTTTAATAAGGAGAACACCAAGCGTATCAATAGCCTGGCGAATGAGCATATCAGCAGCTTCCTGAAGAAGATTTTCCGCTTGAGCGGCTTCAAAGACATGCTGATCGACGTTCAACACCACAAAAAGCTCCAAAAGTGTTTGCTGCGTGAGATTCATCTGCTGGTATGTCTGATCAACAGCAACCAGTTTAGCGACGAGCTGATGCAAATTATTGAATGGTACCAGTATCTGAAAAAACACAGCTCCAAACTGTTCGTGATTACCGCGAGCAGCGATAAAAAACCGGTGATTGAGCCGACCATTAACGAATATAAGGCTATTTTCGGTGAATACCTGAGCAGCTTCCATTTGGATCTGAAAAACAATCAGTCCAATGATCTGTTCCAGAAACTGCTGGATCAGATCAAGATCAAAGCGACGTCCAAGACCAGCCTGCGCTGA,FALSE,C8,59.97737557,441,441,0,59.73848987,542,542,0,855
BBF10K_002362,perfect,g,,sequence_confirmed,ATGGTTAAAGCGAAGAAACTGGTCTTTAAGTGGAGCCTGCTGGTTTTCAGCTTTTTCACCCTGTCTTTATTCCTGGTCAGCTGCACGGAAAACGTACGCGAAATCAAGAGCTCCAGCGTAATCAATGAGCTGTTTCCGAATTTCTGGGTTTTCATTACGCATCTGCTGGCGTTTTTCATTCTGCTGACGCTGATGATCTTCCTGTTTTGGAAGCCGACCCAGCGTTTTCTGAATAATCGCAAGAACTTACTGGAAGCCCAGATCAAACAAGCCAATGAACTGGAGAAGCAGGCGCGTAATCTGCTGGAAGAGAGCAACCAACGCCATGAAAAGGCTCTGATTGTCTCCAAAGAAATCGTGGACCAAGCTAATTATGAGGCGTTGCAACTCAAGAGCGAAATTGAGAAAACGGCGAACCGCCAAGCCAACCTGATGATTTTCCAAGCGCGTCAAGAGATCGAGAAGGAACGTCGCAGCCTGAAAGAACAAAGCATCAAGGAGTCTGTCGAGCTGGCCATGCTGGCCGCGCAGGAACTGATTTTGAAGAAAATCGACCAAAAGAGCGATCGCGAATTCATCGATAAGTTTATCCGTGACCTGGAAGCCAACGAAACGGAGGACGATTGA,FALSE,F8,60.34537246,442,442,0,60.50547445,547,547,0,825
BBF10K_002389,perfect,g,,sequence_confirmed,ATGGCTACCAAGATTGAACTTATTAAAGAACTGCGTAAGAGCACGCAGGCCAGCGTGATGGACTGTAAGCAGGCGCTCGAGAAGAATAACGACGACTTCGAGAAAGCAGTTAAGTGGCTCCGCGAGAATGGTATTGTTAAAAGCACCAAAAAACTGAATAAAGTTGCATCGGAAGGCATTATTGTGCTTAAGAGCAATTTGCACAAGGCGATCATGGTCGAAATTAATAGCCAAACGGACTTCGTGGCGAAGAACCAGGAACTGAAAGAGTTTAGCGATCTGATGCTGGAGAAAATCTTCGAGAAGGTGAATCCGAAAACGGAGCTGGTTGAGATTGAGAAGATTCAAATTAATAACGATGAGAAAGTGAGCGAGAAATTAGCGCTGATTGCCAGCAAGACGGACGAGAAGATCGTTCTGCGTCGTGTTGTTGTTTTTGAAACCAAAACCAACCAAATTTTCACCTATTTACATGCGAATAAGCGCATCGGTGTCATCATTGAGATCCAAGGTAAGCTGAACGAAGATGACGGCAAACACCTGGCCATGCATATCGCAGCGAACAGCCCGCAGTTTATCGACCAGTCCGATGTGAACCAAACGTGGCTGCAGAACGAACGTAATATCATTCGTAGCCAAGCCGAGCTGGAAGTGAAGGAAAACCCGAAAAAAGCCATTTTTCTGGAAAAAACCATTGAAGGTCGTGTTAATAAGCTGTTGATCGATACGTGCCTGATCAACCAGAAATACCTGATTGACGAAACCAAAACCATCGGTCAGTTCCTGAAGGAAAAGCAAGCTAAGGTCCTGAAATTTATTCGCTATGAGGTTGGTGAAGGCATTATCAAAGAAACTGTCGATTTTGTTAGCGAGGTCAACGCACAAATCAAGCAGTGA,FALSE,G8,60.26653696,513,513,0,59.10034014,587,587,0,1095
BBF10K_002438,perfect,g,,sequence_confirmed,ATGAAGTTCAAGTACCTGAGCATCCCGTTCCTGTCGAGCACTTTGCTGTTCAGCGCGTACGCGAGCATCCAGAGCGATCTGCGTAATTTAATTCAAGAAACCACGAAACAAGACGTCGACGTCTATAAAGTCATCAAGACGAGCGAGGGTCGTAAAAACTTGATTACCTCTTTGAAGAAAAGCTATGAAGTCAACCCGGACAAAACTACCAAACTGCTGTTGGACGCGTGGAAACAGTCCGCGGAAAAGGGTGAAATCGATATTGAGAAAATCAATTTTCCTGATGTAGGTATCTACGCCACGGGCAACGATCCGCTGAAAATCGAGCTGAAAGTCGAGTACTTTGACATGGAGTATCAAGATCTGAACAATTTTTCGATTAACGCAAAGCTGAACTATAATTTTAATTGGCATGGTAATTACAGCAGCAACGGCTTTGCTGCGAAGAAAGGCGATAAGCACGTCTTTGATCTGCCGCTGGCAATTAAGCCGTCCAGCAAAAACCAGAGCAAAACGATTAGCTTTATCACCAAAACCGGCGAGGGTGTGGACACTGAATGGATTGAATTTCCGGTTAGCCTGAGCTGGAGCCTGCAAGGTAAAATTAACAAGGTCAAGGAGATTCTGCGCAAAAGCTTCTGGAAAGCTATGATCCTGGAGCAAATCTTGAATACCCAGTTGATCTCCCTGGATACGTGCTTCTCCTGA,FALSE,B9,61.14097744,531,531,0,59.92224622,462,462,0,906
BBF10K_002453,perfect,g,,sequence_confirmed,ATGGATAAGAATACCATCTTGGAATTCTGTTTCTTCGGTGATCGCTACCAGCTGATGGCGCTGAAAAATCCGAACAAACTGGTCAAGAACAAACAGGTGAAGGCGGCGTTCAACGTTTTTATGAAGCACCGCACCACGCTGAGCGCGACCAACTACATGGCACAAATCGTGGAAAATTTTGAACAATTTCTGGAGTATATTCACGACAAGCTGCAACCAGGTAAACTGCTGGCCCTGTTGTTCAAAAACAAACAGTTCCTGGGCTGGTTTTGTGTGGGCCAATGGGGCAACATGCCGGTCCTGAGCTTTTGGATTGATCCGAGCCAGCAACAGAGCGGTGTGGCGCTGGAAACGATCAGCTTCTTCTTGAAGTATTACCAGCGTACCCTGCAACCACGTGAGCTGGTTTGGAGCTTCTACGAAAGCAATCAACGTAGCAGACATCTGGCAAATAAACTGGGTTTTCCATCTCTGTTCTATTTTAAGAAGGCCGAACCGAACGCGCCGAAGGTTTACTTCGGCACCAAAGACTTCAAGGGCGAATCTGTGATCGAAACGAAGCCGTATCTGGGTTGGGGCAGCGGTTGGAAGGTGAATCAGATGCTGAAGCCGACCAAAAACCTGACCGTTAACCTGATTAACATCGGTTTTGACGCATACGCGGACAGCCAAAAAGCGTTGCTGGCTTGGTTTAAAACGCATAAGCTGACCAAGGGTCAGGTCGAAGTATTCTTTAACTACGAACTGTGCTGCCTGTGTATCAGCTATAACCACAAGCAGAGCTGGGTGGTCTATTCCTTTCAACAACTGCTGGCCAAACGCTGA,FALSE,C9,59.78135048,310,310,0,60.53900709,563,563,0,1023
BBF10K_002491,perfect,g,,sequence_confirmed,ATGAACATTGTCAACCTGATTAGCAAAAAACAACGTGGTAAAGCACTGACCGAAACGGAGATCAACTGGTTCGTTCATAGCGTTAATAATAAAAGCCTGGCAGACTATCAAGTCTCTGCATTTCTGATGGCGGTCTGGTTCCAAGGTATGAACAGCAAAGAACTGTTCTGTCTGACGAAAGCAATGGTGAAATCTGGCGAGTCCCTGCATTTTAATCACCACAGCAAACTGAGCGTTGATAAGCATAGCACCGGTGGTATTGGCGACAAAGTGTCGATTGCGCTGATTCCGATTCTGACCGCCCTGGATTACTCCGTGGCTAAACTGAGCGGCCGCGGCTTGGGCTACACCGGTGGTACCATCGACAAACTGGAGGCAGTCGGCGTTAAGACCGATTTCACTCCGACTGAAGCTCAGAACTTACTGGATCAAAACGACTGTTTTATTATTGGCCAAAGCGAAGGTATTGCCCCGGTGGACAAGGTTTTGTATGCTCTGCGTGACACTACCGCGACCGTGGACAGCTTGCCGTTGATTGCCAGCTCCGTAATGTCGAAGAAACTGGCGATTAACAATGACTATATCTTCATTGACTTAAAGTATGGTAAAGGTGCATTTTGCAAAACGAAAACGATGGCGAAGGAGCTGGCACAGTACATGTACTCGATCGCGAAGCAATTCAAACGCAAGCTGTACATCAAATTAAGCGACATGAACCAGGTCCTGGGTAAAACCATTGGTAACGCCCTGGAAGTCCTGGAAGTGGTCCACTTTTTAAAACGTAACTGGACTGAGGTGGGTGCCGACTTCATCCAACTGATGGAACAGATCGTCACGGAAATCCTGATTGAAACCAAGCGTGCCCCGAACAAGCGTGCGGCGGTTGCTCTGTACCACGCGACGCTGGAAGGTGAGAAACCGTGGCAGCGTTTCCTGAAGTTTATCGAGCTGCAAGGCAGCAGCTGGGAGCGTTTCTTGGATTTAAAGGAGCTGTTTAACCCGCAGTACAAAGCGCCGGTGCTGGCTAGCCAGAGCGGCACGTTGAGCTACACGTCCCCGGTCGATCTGGCAATGGTCAGCATCTCCCTGGGTGCTGGTCGTATGGTGAAAACCGATCTGATTGATCCGATGGCGGGCATCAAACTGGTTAAACAGGCTAATGAAGTTGTCAAGGCCGGTGACACCGTACTGGAGCTGTATAGCAGCAAACCGATCACGCCGGCGCACATCGAGGCAGCGCAGCACACCATCATCATCAAACAGTGA,FALSE,E9,58.75586854,212,212,0,60.31931166,522,522,0,1464
BBF10K_002526,perfect,g,,sequence_confirmed,ATGATCGACCAATCAAAACTGATTGAACGTTGGAAAACCACGTTCGAAACCGCGCAGAACCCGACGGAACTGTTAGCATTCAAGAACTCGTTTCGTAATGCCGACCTGAAACCGCTCCTGAGCCAGATTAAAGAAACCACCGACATCGAAACCAAGCGTCACCTGGGCCAGCTGTACAAGCAACTGGAGTCTACCCTGCAGACCCTGCACGACACCCAGCTTCAGGTGTTCACTCAGGCGCAATCTTCTTCCGTGCTGACCCACGGTGACGTGATGCTGCTGGCTACCAGCTTCGCGCCGGGCAGCTCTAATATTATTTATCAGGTGATTGACGAATTGGTCAACTACTTCAAAAAGTTTTTGTTTACGGTTAACTACGATTCCGAACTGACCACGATTGCGGATTGCTTCGATCTGCTGAATATCCCGAAAGATCACCCGTCCCGTAACCTGACCGATACCTTTTACCTGGATAAAAACCGCCTGCTGCGTACTCACTGTACTGCGGCAACGCTGCGCGCGGTGAAAGAAACGAAGAAAAGCAACAATCCGGACATTAGAATTGCATCATTCGGCGCGGTGTTCCGCAAGGATGATGACGATGCTACCCACTCCCACCAATTCAATCAGCTGGACTTTATGTGGATTAAAAAAGATTTTAGCTTAACGAATCTTAAATGGTTTATGCAAAATATGATCAACCACATTTTCGGCGAGAATACCAGCGCCCGTTTTCGTCTGAGCCATTTCCCGTTTACCGAACCGAGCTTCGAGATCGACATCCGTTGCTGGCTGTGCCAGAACGGTTGCGGTGTTTGTAAGAAAACCCGTTGGATTGAGGTGTTGGGCGCGGGTATTCTGCACCCACAGGTTATGGCAAATATGGGCTTTAGCGACACGGACAATATCCGCGGTATCGCGGCTGGCATTGGCATTGAACGTCTGGTGATGCTGAAACATGGCATCAGCGACATTCGTGATTTATATGATAATAACTTCAAGTTCCTGGCGCAGTTTACTGATTGA,FALSE,G9,60.66666667,482,482,0,60.38037866,580,580,0,1224
BBF10K_002548,mutation_2.0-0.0,g,,sequence_confirmed,ATGAAGGAAAAAACCCCGTTCAAGAACGAGAAGGAATTCCATGACATGGTGAAGAAAACCAAGAAAGGCACCTTTAGCGGTTGGTATATCGTGAATCCAGAAAACAACTCCGTTGAATTCAGCGGCAACTTTAATCGCCAGTTCAAGCTGAATAAACCGGTAATTCCGGTCAACACCGAATATGTCACCCGTAAGGAGTTTAATGAGTACAAAGACAGCAACGACCAACGCCTGATTAAAATTGAAACGACCCTTGCGGCGCAAGGCGAACAAATCAGAATTCAAGGTGAGCAAATTAAAGAATTACAAATCGAACAAAAAGCGCAGTCCGAAACCCTGAAGCTGATTCTGCAGACCCTGCAAAAGATGAGCGATCGTCTGGATAAGATGGACGTCAGACTGGATAAACTGGAGAGCAAGTGA,FALSE,A10,59.86238532,544,542,2,60.83858268,507,507,0,621
BBF10K_002605,perfect,g,,sequence_confirmed,ATGGTGATGGAGAATAAATTTCTGTTTCTGGGTGCGCCGGGCGTGGGTAAGGGCACCCTGGCAAAACAGGTCGCCAATACCACGGGTCTGTTTCACTTGTCCACCGGCGACATTTTTCGCTCCGTAATGCAGGAGCAAGGTGCACTGAGCCAAACCCTGGCACATTACATGAATCAGGGCTTGTACGTCCCAGATGAACTGACCAACCAAACCTTCTGGCACTTCGTCACCACGCATCAAAACGAGCTGCATAAAGGTTTCATTTTGGATGGTTATCCGCGTACGCTGAATCAGCTGGAGTTCCTGCAAAGCAAACTGCAACTGGACCAGGTTTTTCATCTGAAACTGAGCGACCCACAGGTTTTGGTTGCCCGCATTCTGAATCGCCTGGTTTGTCCAAGCTGCGGTAGCGTTTATAACAAACAAAGCAAACCGCCGCTGAAGGCGAATCAATGTGATCGCTGCCACGCAACCCTGCAGGCGCGTAACGACGACACGGAGGCAGTCATCCTGAAGCGTCTGACTCTGTATGAGGACACTGTCAAGCCGCTGATTGAGGCCTTTACTAAGCAAGGTATCCTGACGGTGATTGAGGCGCAACTGCCGCTGGAACAGCAAGTTAATCTGGTCCAACAGTTGGTCCATTGA,FALSE,E10,60.605,399,399,0,59.83088235,543,543,0,846
BBF10K_002653,perfect,g,,sequence_confirmed,ATGAATCGTGTGTTCCTGTTTGGTAAACTGTCTTTTGATCCAAACAAACTGCAAACCCGTACGAATAATATTGGCGCGTCTTTTAGCTTGGCGTGCATCGACAGCAGCGGTTTCAACGACAGCAAAAGCTATATCCGTATTACCGCTTGGGGCAAGGTTGCTAGCTTTGTGCTGACCCTGAAGCCGGGTGATAGCGTTTTTGTCGAGGGCCGCCTGAGCACTTATAAGATGAATAATCGTTCCGATGACCCGAATAGCAAAGCCACGTACGCCCTTCAGGTTATCGCGGACAAAGTGTACCGTCCGGATGAAGAAAATTCCCTGGAGCAGCCAGTTGACAAAGCCACGGTAATTGATAGCCCATTCCTGGCAGCGAAAACCAACGCCACGGAGAACGAACTGGCGCAGGCATTCCCGATCTCCTTAGACGATGAGGATGACGACATTAATCCGATTCTGAACAACGATAGCCAACTCGAGGAAGAGTCTGATGATGAGTGA,FALSE,F10,60.49108911,504,504,0,59.87475915,518,518,0,699
BBF10K_002717,perfect,g,,sequence_confirmed,ATGCAAATTAAGACCTACAAAATTAAGGACATCTGTGACATTAAACGCGGTCGTGTCATTAGCAAACTCTACATTAAAAACAACCCGGGTGAATTTCCGGTTTATAGCAGCGCCACCGTTAATAACGGCGAGATTGGCCGTATTAAGGACTGCGACTTGAAGGGTGAATATGTCACTTGGACCACGGACGGCGCCCAGGCGGGCTCCGTGTTTTATCGTAATGGTCAGTTTAATGCAACGAACGTTTGTGGTATTCTGAAAGTCAACAACGATGAAATTTACCCGAAGTTTCTGGCGTACGCGCTGCGCCTGAAGGCTCCGAAATTCGTCAACTATGCGTGTCCGATTCCGAAGCTGATGCAAGGTACCCTGGCGGAGATCGAGCTGGATTTCACGAGCAAGAAAATTCAAGAGAAGATTGCGACGATTCTGGATACCTTTACGGAGCTGAGCGCGGAACTGAGCGCGGAGCTGTCCGCCGAGCTGAGCGCGGAGCTGCGTGAACGTAAAAAACAGTACGTGTTCTACTCCGACTACCTCCTGAATCCGAAGAACTGGAAGTGA,FALSE,H10,59.77751756,426,426,0,59.06060606,494,494,0,762
BBF10K_002786,perfect,g,,sequence_confirmed,ATGAACTACAGCTACAGCTTCAAAGAGTACATCGAGCGCTTCGCTAAGAAAGTCAATAGCATTGATAGCGAGTATTTCGAATTCAGCAGCTACATCGAGCGTATGCGTACCGTGTTCGGTCTGCTGATCGCTCTGATCTGCTTCAGCAATGTGCTGTGCTTCCTGTTCATTGCGACGTGGTTTAGCACGAAAGGTTTTGGCCAGCATTACCGTGCCCTTATTTTTACCCTGTTCATTCCGTTCGTGACGAGCTTGTTGGCGAACATTATCTTCATCAACCTGAATCGTGCTTTCCGTGAATACTTTAAAATTTCCTCTAAGAGCCGTAGCTTTCTGGTTATCTGCGCGTTCAGCAGCCTGCCGATTGTGAATATTTGGCTGATGCTGTGGTGGGTGGCCATGATTAAAAGATTTACGAGCAATTATGCTTTCGCGATTTTTGATAAGTATAATGGTCTGACCAGCGGTGTTTTTATCTTCGACTTTGCAGATAACGTCAATTTTGAAGGTAAACTGGTTAGCTTCGATAATACGAAAGACACCAATCGCGACTTCGTTCATTTCTATAGCGAGGCGAAACTGAAACGTGATAAGATCACCCTGCAGACCAACCCGATCCCGCACGAGCGTATGTACGTTAATCGCATGTATTACCAACAGAAGCTGAGCATGGGTGCGAACCAGAACTCCCCGAGCACCGCATTTGCCAACTTGAAAAGATATGTCGAACATAAACAGCAAAAGATTATCAAGATTAAACAATTCATCCTGACCTGA,FALSE,E11,58.73621103,416,416,0,59.48922414,463,463,0,975
BBF10K_002827,perfect,g,,sequence_confirmed,ATGGAGCTCAACAAAAACTATCTGACCGAGGAAGGTCTGAAGCAGCTGGAGGCGGAGCTGGAACATCTGATTCAAGTTAAACGCCCGGCTATTATTAAGCTGCTGCAGGAGGCACGTGATCAGGGTGATCTGTCCGAAAACGCAGACTATGATGCAGCCAAAGCTCAGCAGGGCGAAATCGAAACCCGTATCGCAGAAATCCAGGATATCCTGGCTAACGTGAAGCTGATCAATGAAAGCCAGACCAAAAAGGCTAACAAGGTTACGTTGGGTAGCACTGTTGAGATCTACGATTATTCCAGCAAGACCCACGAGAAGTATACCATTGTCGGCGCTCTGGAAGCGAATCCGGAGGAGCATCGTATCTCGAACGAGTCGCCGCTGGCACACGCCATTTATGGCCGCCTGGTGGATGATGAGTGTGATGTGGTGGGCATCGAAGTGCCGTATCGTGTGAAAATCGTTAAGATTATTAATTGGTGA,FALSE,H9,60.39565217,459,459,0,60.41199226,516,516,0,681
BBF10K_002937,perfect,g,,sequence_confirmed,ATGCGCTATAGCTTTGTGATTCAGTGGGATTTTGAAACGGTGTACACCGGCGTGAACTCCACGACTAACCTGGCATTTAGCGTTAAAGCCATGACGACCAATTTTGCAAATCTGCAAGAACTGCAGGACAGCCTGGTGCTGCGTGGTCAGAATCTGACTACGCAGCTGTTCTGGAAACCGACCGTCAAGCGCCTGGTTCTGGGTAATAACAACGATCTGACGACGGTCGCTAAGGCAGCAGTCGGTGATAATCTGTTCACGACGCAGGCCAACCTGACTAAAAGCGTTCTCGATCAGACGGTGCTGAAGGAGGCGGAGTCTCGCTTTGAGGCGACTGTCTTAAAACCGTTTATCGAAGCGCGTCAAAAGGCACTGGCGGAGCATCAGGCGCACCAAAAAGTCCTGGAGGAACAACGCCAAAAGCAACTGGAGGAGCTGAAACAAAAACAAAAAGAAGCGGAGTGA,FALSE,B12,59.50709939,492,492,0,59.40357853,502,502,0,663
BBF10K_002990,perfect,g,,sequence_confirmed,ATGACGAAAAATCTGCTGAATTACCTGAATGAGCTGGAGGCTTGGCTGACTAATTATGTCAATGAAGCGCATGCCCAAGGTGTGGTTGTGGGCCTGTCCGGTGGCGTGGATAGCGCGGTCGTTGCCGCCATGACCAAGAAGCTGTTCCCGCAAAATCACTTGACCCTGGTTATGCATATTAATAACAGCGAATTGGACCATAAAGCAACGACGGCGTTAGTGGAACAGCTGCAATTGAATAACAAGCAAGTCGACCTGGAACCGCCGTACCGTGCAATGTTGCAAGCGTTGACGATCGATCCGCAAAAGGAGCTGATGGTTGCTGGTAATTTGAAGGCGCGTTTGCGCATGGCGTGTCTGTATACGCACGCGCAGAAACACAACTACCTGGTGCTGGGTACCGGCAATTTCATCGAATATTCTCTGGGCTATTTTACGAAGTGGGGTGACGGTGCTTGTGATGTCGCCCCGTTGGCGTTCCTGCTGAAAAGCGACGTGTATGCTCTGAGCCAACATTTTAATGTTCCGGAGCTGGTCATCGAGCGTGCACCGACGGCGAGCCTGTTCGCAGGCCAAACCGATGAAGCGGAAATGGGTCTGACGTACAAGGAGCTGGACCAGTACTTTCAGGGTCACTTGCAGCTGTCAGCGACGAAACAGCAACGTGTGGATCATCTGCGTCAATCTAGCCAACATAAACGTAGCCTGCCAAAGACCTTCAAGCCGCTGTACAGCTTCCAAATTTGA,FALSE,D4,59.88888889,539,539,0,60.62137681,551,551,0,945
BBF10K_002993,perfect,g,,sequence_confirmed,ATGGAGCAGTTCTTTCAATCCACGGCTAAGCGCAAGACGCCGGCATGGCTGACGGGTTCTTTCAGCTTTTTTCTGGTGTTTGTGTATTATATCATCGTCTGGGTGCTGCTGGGCGAGATTAACGCACTGGGCTTTAATTTCGTGATCGCCCCGAATAACCGTACGCTGATGGGCCGTGAAGTGGAGCCGATTTTCGATCTGGTGCTGCTGTGGTTTTTGCTGGTGCCGCTGGTGGTTTATGCACTGCTGCTGCTGCTGCTGTTCTTTACGACTCCGTATCTGATCGTGGAAGCGATTCCTTTTTGCTACGGTATCGCGCTGATGATGATTTCTCTCTTTATGAGCGGTATGTTTCCGCAGGCGTGGAACGTGTGGGTCATTTTCGGCCGCTTTGTCCTGGTTCTGGTTGTTCTGATGCTGAGCTTTTTTGTCATTAATAAGCTGACCAATCTGGTCCTGCTGCGCTCCCGTTATGCAATGGTGGTCGCGCAGGGTCTGGTCCACACGGGCAAAGTGAAACAACAATCCCAGCAAGCAATGAGCGACATCAAGACTAAGTGGGATAAGGAAAAGTCGAAAACCGTTGTTGTGACGATTAAGAAGAAACGTGTTAAAAGCAGCGATTGA,FALSE,E4,60.98076923,519,519,0,60.35645472,518,518,0,825
BBF10K_003015,perfect,g,,sequence_confirmed,ATGCGTCAAACGATCTACTTGACCGTCAATTTGATGCAAAACTGGGTTGAGCGTTGGATTCTGGACTGGGCTAATATTCTGACGTGGAAAACCCTGTGCCACCAAACCAAAATCGGTCTGCCGAATGGCGCGCAAGCGTTTGTCTCCGCGCAAACGTCTACGATCCCAAAGACCGCGTTCACCGCGCATGACTTCGTCGACTATACTCTGCCGCAGGAACAGAAGGGCAAAGAACAGAAGGAGCAGCAGTGGATGAAGAATAGCCAAACCAAGGACACGGACGTCCATCCGTATGCGGACTTTGCGGTTCTGGAGATTCTGCTGTTCCCAGACAGCAGCACCGATCGCAAAATTTTCAACCACTTCATTCAGCCTGCGATCCGTGCGTACAAACAGTTAGGCGACAGCCTGAACATTTTCGCGAATCAGACCCTGGATCAACCTAAACATAACCGTTATTATTTGCTGGGTTATCCGTTCCTGAGAAATAAAGCTGCGTCTTTGTTCCTGAATCAGACCGAACAGCGTAAGGAGCATATGGACAAAACCACGCAGATTCTGCACGAAAAACCGTTCGTGGTGCTGACGGATCCGGCGAAACCTACTCTGATTCGTAATAAGGGTGCGAATTTTACTGGCAACACTTGGACTAGCAATTACGATTTAAGCAAAAAGAGCGGTCTGTATCATAAATTCCTGGGCAAGAAATATCAGATCTATGGTAAGTCTATTGTGATCAGCGACCTGAACTTGAGCAGCGGTAGCAGCGGTAGCCTGCTGCTGAACGACCGCAAACAGATTGTTGGCATTTATTTCGGCGTGGACGGTCCGAAGGATGAGCTGGGTTTTAGCCAACTGCTGCGCTGGCAGGCCAAGAACAATGACGAAGAGAAGGACAGCGTTGCATACGACTTGATTTTCGGTAACAAGAACACGACCAAATACTATGCGCAGTTCGCGAAAGAGCATAAAACCCATCTGTACGAACAGATTGATCGTTCGAACGATCAACAGTTTACGTTCGTCAAGAACCAGAAGTGCTGA,FALSE,E12,59.32258065,340,340,0,59.83760684,467,467,0,1242
BBF10K_003028,perfect,g,,sequence_confirmed,ATGAAGAAAGAAAACATCACTTATGGTAAAGTCCATCAGGTCATCGGCCCGGTTGTGGACGTTATCTTCACGGAGAGCTCCCAGCTGCCGCGTATCTACGACTGTCTGAGCGTGAAACTGGCCGGTGAGGAGCTGTTCCTGGAGGCTGCACAACTGATCGGTGACGATATCGTGCGTTGTATCGCCCTGGGCCCGACCGAGGGTTTGGCACGCAATGAGAAAGTTACCAACTACAACCACCCGATCGAAGTGCCGGTCGGTAAAAATGTTCTGGGTCGTATGTTCAATGTTCTGGGCAAACCGATTGATGGTAAGGAGGAGCTGCCGAAAAAGCCGCAGCTGCCGATTCATCGTAAGCCGCCGAGCTTCGATGATCAGAGCAACACGTTGGAGATTTTCGAAACCGGTATTAAAGTTATTGACTTACTCACTCCTTACGCGCGCGGTGGCAAAATCGGTCTGTTCGGCGGCGCAGGCGTCGGTAAAACTGTTTTGGTGCAGGAACTGATCCACAATATCGCGAAGGAACACAGCGGCCTGAGCGTTTTCGCCGGCGTCGGTGAACGCACGCGTGAAGGTAACGACCTGTACTACGAAATGATTCAAGGCGGCGTGATTGATAAGACCGCGCTGGTCTTTGGTCAAATGAACGAGCCGCCAGGTGCTCGTATGCGTGTGGCCCTGACCGCGCTGACCATGGCGGAGTACTTCCGTGATCATGATAACCAGGACGTTCTGCTGTTCATTGACAACATCTTTCGTTTCACGCAGGCGGGTTCTGAAGTCTCTGCTCTGCTGGGTAGAATGCCGTCCGCAGTTGGCTACCAGCCGACGCTGGCAACCGAAATGGGTCAGCTGCAGGAACGTATCGCTAGCACCAAAACCGGTTCGATCACCAGCGTACAGGCGATCTATGTGCCGGCAGATGATCTGACGGACCCGGCTCCGGCCACCACGTTTACGCATCTGGACGCAAAGACGGTGCTGGATCGCAATATCGCGGCGCTGGGTATTTTCCCAGCCATTAATCCGCTGGAGTCCACCTCCCGCTTGCTGGATCCGAACATTGTTGGTATCAATCACTACAAAGTTGCGCTGGGTGTTCAGAATATCCTGCAGCGTTTCGCTGAGCTGCAAGACATTATCGCGATTCTGGGTATCGATGAACTGGCTGACGAGGACAAGATCATCGTTGAGAGAGCCCGTCGCATTCGCAACTTCCTGAGCCAGCCGTTTTTCGTAGCGGAAAAATTTAGCGGTATTGCGGGTAAGTACGTCCCGCTGAGCGATACCATTCAAAGCTTTAAGGAGATTCTGGATGGCAAACATGACGATTTGCCTGAGCAGGCGTTTTTCTTTGTGGGTACGATTCAGGAGGCGGTTGAAAAAGCTAAACGTCTGAAAAAAGCCACTGTCGAGGAGAAGTGA,FALSE,F12,59.24069479,402,402,0,58.70356473,532,532,0,1626
BBF10K_003041,perfect,g,,sequence_confirmed,ATGCCAGTCTTTTTAAAACTGACCCATACGATCCGTAAAGTATTGCGTGTTGCCCGCCTGAGCCGCCTGGCACTGCTGTCATTGACCGCAGTGATCTTTTCGGGCTGTGCTAATATCAATCTGATCAGCGCCGTCGGTAGCTCGTCCGTGCAGCCGCTGCTGAGCAAACTTAGCTCCCATTATGTCCTGAACCACAACGATAAAGACAACCTGGTCGAAATCAGCGTTCAAGCAGGCGGTAGCAGCGCGGGTGTCAAAGCGATCACGAAGGGCCTGGCAGATATCGGTAATGTGAGCAAGAATACGAAAAGCTACGCGGAAGAAAATAAGCAACTGTGGATGGACAAGAAGCTGAAAACCATCACGCTGGGTAAGGACGCCATTGCCGTCATTTATAAGGCCCCGAGCGAGTTCAAGGGCAAGCTGGTTCTGACCAAAGATAACCTGAATGATCTGTACGATCTGTTCGCGGGTTCCAAATCTGTAGACATTAACAAGTTCGTGGAGAATGGTCAAACCACCAAAAATTCTAACCATAACTTGATCGGTTTTCCACGCACTGGTGGTGCTTTTGCAAGCGGTACGGCCGAAGCGTTTCTGAAGTTTAGCGGTTTGACCCAGACGAAAACGCTGGATAAGGACAGCAAAGAAATTCTGGAAGGCCAGCGCAACTACGGTCCGAACGCACGTCCGACCTCTGAAACCAATATTGAGGCGTTCAATACCTTCGTGACCACCCTGCGTCAGCCGAACCTGTACGGTATGGTTTATCTGTCTCTGGGTTTCGTTAATAACAACATGAATCTGATCAAGAGCGAAGGTTTCGAAGTGCTGAAGGTGAAGTATGACAACAACGCCGTTACGCCGAGCTCTCAAGCAGTTAGCTCGAACACGTACAAGTGGGTTCGTCCACTGAATTCCGTAGTTAGCCTGCTGCCGAAACAGAAAACCCTGCCGAGCATTCAGCGCTTTTTTAATTGGTTGTTGTTCAGCAATAACAGCGAAATTAAAAAGATCTACGATGATTTCGGTGTCCTGGAGCTGACCGCGGACGAGAAAAAGAAAATGTTTAAAACGGGCAACGCAGAGATGTCCAATATCGCCAACTTTTGGGTTGACGACTACAGCCTTAACAACCAGACCTTCGGTGCACTGTGA,FALSE,B3,60.22051282,584,584,0,60.36140351,569,569,0,1356
BBF10K_003093,perfect,g,,sequence_confirmed,ATGGCAAATGCGCCGAAAGGTGTGAAATTCAGCACGAGCCAGACCACGGAGGAGATCGTCCGTGCAAAGGTAAGCGAGCTGGTGGAGCAGTACGATCTGATTATTGGCATTCCGATCGACAAAGAGATTAGCGCTAGCTACGCGAACTGGAAGCTGGTGGAAAAAGATTACGCGAGCAAGTTCCACGTTCTGGATGCCCGCGCGGTGGAGATGATTATTGACTGGCTGATCAATGATATCAAAGGCTGGCTGAACACCAATCCGTATTCCAGAGAGGGCCTGGATCGTTTCGTGGAGCAGTATCGTAAAAAGACCGCGGCGGTGCTGTTCGTGACCGACACGAAGCCGCTGGTGGCGGGTGGTCGTTTGAGCAATCTTAAGAGCTTCATCATCAAAAGCCTGAAGTTCCATTTACTGATCTCTTTCCTGGGTGAAAACGGTAAACTGCAATTTTTTGATAAAGCACGCAGCGCCCATGACGCGCACAAACTGGCGGTCAAGTTCCTGAAAAAACAATTGTTGAAGCACAGCGCCAAGCTGAAGCGTGGTGCATTCCTGACCACCGTTTTTGACGAGCAAACCAATACGAACTTGGTGCAGGAGTTCGACAAGCTGCTGGACCATAGCATTAATATTGAACAGAGCTTGCTCAGCCCGGTCATTTGCACGCACACCGGTCTGAACAGCTACGTTATTGTGCTGCAAGGTGAGTGA,FALSE,H12,58.94267516,313,313,0,59.67747748,554,554,0,912
BBF10K_001789,bad_forward,"g,bad_for",,sequence_confirmed,ATGAAGTACAAATACAGCACCGTCCTGCTGAAGTTGAGCGGTGAGGCTCTGAAATCCGAGAATGAGATTTATAATAAAGAGAAACTGGAGGACATTGCCAAACAAATCGTCGAACTGGCGAAGAACGGTCTGAAGCTGGGCATTGTGATCGGCGGCGGTAATATCTGGAGAGGTAAACTGGGTACGGACATTGACATGCCGCAGATCAACGCAGATTACATGGGTATGCTGGCTACCGTCATGAATGGTTTGGCCCTGGAATCTACCATCAAACGTCTGGGTTACGACAAGGTTAATGTGTACAGCAGCTTGCCGATTGAAACCGTGACGGACGACTATAATTTTAAGCGCGCTCGCTTAAAGATGAATGAGGGTTATATTTCTATTTTCGTTGGTGGTACCGGTTTCAGCTATTTCACCACGGATACGAACAGCGTCATCCGTGCGATTGAAATCGGTGCTGATGCGGTCCTGATGGCTAAGAATGGTGTCAAAGGCGTCTATGACTCCGACCCGAATCTGAATCCGAACGCGAAGTTCTATAAAAAGCTGACCCACCGTGAGATTGCAGAGAACCAACTCCGCGTTATGGATCTGACGGCGGCAACCCTGGCGAAGGACGCGAAGTTACCGATTGAAGTGTTTGACATGCAGGGTCAAAACAATATTATCAAGGTGATGGAAGGTAGCCTGGAGAGCACGATCATCGAAGAGTGA,FALSE,D1,17.2742616,236,186,50,60.95622896,593,593,0,915
BBF10K_002004,mutation_0.0-1.0,"g,bad_for",,sequence_confirmed,ATGGCGTCCGAAAAACAGTATATCGCGGGTGTCAGCGGTGGTAGCGATAGCATGCTGATGCTGAAGCTGTACCAGAAGAAAATTGCGTGTGTGGTTCATGTTAATTATAATACCCGTTCGACGAGCCTGCGCGACCAGAAACTGGTCGAACAATATTGCCAAAAACTGAACATCCCGCTGGTGGTTCACACGGTGGACCCGGATCTGGTCTGGAAAAAGAACTTTCAGAATCAAGCGCGTAAAATTCGTTTTGACCAATTCAAGAAAACTGCGAAATTGTACCAGACCAACAAACTCCTGCTGGCGCATCACCGCGACGACTTTATCGAACAGGCTAAAATGCAACTGGATGCGAAGAAACGCGCGGTTTACTATGGTATTAAGACCCGCTGTGAGTTGTATGGTCTGAAGATCTACCGTCCGCTGATGAAGTACTGGAAGGACGAAATCATTGCGCTGTGTCGTCAGGATCATATTCCGTATGAAATTGACGAAACCAATAAGTTGCCGATTTACAAACGTAACGAGGTTCGCCTGGAAATCGAGAAATGGAGCAAAATCGAGAAAGAGCAGTTCTATATCGCCATCTGCGCCATGAATAAAACCATTGCGCAGAAGCTGTTTGTCCTGATGAAAAAAGCAAAGAAATGGCTGCTGCAGCCGGATGTGCGTGAATTGAAACGTTTTAGCATCATTGATCAAAAACAACTGATTTACAGCTACCTGATTTACCACAAAATCAATGTGAACGGCGAGAAGATCGACGCAATCCTGGACTTTATCCAACCGAGCCAGCAGAAACAGTACCGCCTGCAGAATGACATTTTTCTGATGGTCAAAAATCAATGCTTGGCGCTGTTGTACAAGTCCTGA,FALSE,B6,58.25059102,422,422,0,59.52359551,444,443,1,1071
BBF10K_002156,perfect,"g,bad_for",,sequence_confirmed,ATGCGTACGAGCTATTTGAAAAAGATCCCGATCATGAACAGCGACAGCGACCTGAAGCTGCAAAAGGTTTGGATCGAACGTCATGTAGATCAGGATGAGCTGTCGCTGACCACGACGGCAGTTGAATTGAAGAAGTCGGATGAGCAAAAACCTGTGGCAATCAAAAGCAGCGACTTTATTGGCCATGAAGAACTGATCAGCGTGCCAGTCCTGTTGATTCCGACGCCGGTCGTCAAAGAAATTGATCAGCCGGCTGTAATCCCGCCGGTCAAGGCGAAGCCGAAGGCGACCAAGAAGAAAACGCCGGTTAAATCAAAACCGACCAGCAAGAGCACCAAGCAAACCAAGCCAAAGCAATCTAAACCGAAATCCAAACAAGTCCAACAGACGAAGGCTAAACCAACCCAGATTCAGACCAAAAAGTCCAATAAGAAAACTCGTTCCTGA,FALSE,E7,59.53719008,362,362,0,60.70769231,519,519,0,645
BBF10K_002290,mutation_3.0-0.0,"g,bad_for",,sequence_confirmed,ATGAAGTTGACCTACAACTCTAGCAGCGGTAGCAATAATCAGATTAGCTTCGACAGCACCAGCCAGGGTGAGAAGCCGTCCTACATCGTCGAATTTACTAACTCCACGAACGTGGGCATTAAATGGACGATGGTCAAAAAATATCAGCTGGATGTCCCTAATGTCAGCTCCAACATGAACCAAGTGTTGCAGGAGCTGATCCTCGAGCAGCCGCTGACGAAGTACACCCTGAATAGCAGCCTGGCGAAACAAAAAGGCAAGAGCCAAATTGAGGTCCATCTGGGTAGCAATAGCAATCAATGGCGCAGCATGCGTAATAGCATCGGTTTGAATAACAACCCGTCCCCGAATGCGAGCACGGGTTTCAAACTGACCACCGGCAACGCCTACCGCAAACTGGACCAGAGCTGGCCGATCTACCAGCCGATTGACGGTACCAAGCAGGGTAAGGGTAAGGATAGCAACGGTTGGAGCAGCACTGAAGAAAACGAGGCTAAAAATGATGCACCGTTGAGCACGGGCGGTGGCACCTCTGACAACGCCAGCAAATTCACGAAGTACCTGAACACCAAGCAGGCTCTGGAGCGTATTGGTATTCTGTTCGACGGTGACGGCATGCGTAACGTGGTTACGCAACTTTATTACGCGTCCACCAGCAAGCTGGCAGTGACGAACAACCACATCGTCGTTATGGGTAACAGCTTCCTGCCGTCCATGTGGTATTGGGTTGTTGAACGTAGCGCGACGACCGATTCTAGCAGCAAGCCGACGTGGTTTGCTAACACCAACTTGGATTGGGGCGAGGACAAACAAAAACAGTTTGTTGAGAATCAACTGGGCTATAAAGAAACGACCAGCACGAATAGCCACAACTTTCATTCCAAATCCTTTACCCAGCCGGCGTACCTGATCTCCGGTATCGACTCTGTGAATGATCAGATCATTTTTAGCGGTTTCAAGGCTGGCAGCGTCGGCTACGATAGCAGCAGCAGCAGCAGCTCCTCTTCCAGCACGAAGGATCAGGCTCTGGCGTGGTCTACTACGACCTCCCTGGATAGCAAAACGGGCTACAAGGATCTGGTGACCAACGATACGGGTCTGAACGGCCCGATCAACGGCAGCTTCAGCATCCAAGACACCTTTTCTTTTGTTGTGCCGTACTCTGGTAACCACAGCAATCAAATTAGCAGCGGTACCATCAAGACCGCTTACCCTGTGAAAAAAGACGAAGCCTCTCAAGTCGCAATTAATAGCCTGATCAACGCAACGCCGCTGAATAGCTACGGTAGCGGTATCTTCTTCCTGTTTCAGCCGCACCCGAAGGTGGCAAAACGCTGA,TRUE,H7,0,3,0,3,58.49235474,653,653,0,1536
BBF10K_002906,mutation_3.0-0.0,"g,bad_for",,sequence_confirmed,ATGAACAAATTGATCTCAATTTTGGTTCCGTGTTACCAGTCACAGCCATTTCTGGACCGTTTCTTCAAAAGCCTGCTGAAGCAAGATTGGAACGGCGTTAAAGTCATTTTCTTTAACGACAACAAGCCGGACCCTACCTACGAAATTTTGAAGCAGTTCCAACAAGCACACCCGCAACTGGCGATCGAAGTCCACTGCGGTGAGAAAAATGTCGGTGTGGGCGGTAGCCGTGACCAGCTGATCAACTACGTTGACACCCCGTACTTTTACTTTGTGGACCCGGATGATGAGTTTAGCGATCCGAACTGCTTTAAAGCGATTGTTGAAACCATTCAGGGTGAAAATTTCGATATTGCGGTGCTGAACAGCATCGTGTATCTGCAAATGCTGAAGAATGACTTTTTGATTAAACATATCCCACTGAAAAATATTTTTCAAGGCAAAGTGAAACTGAACCCGGACAACACGGTGAACCATCTGCATTATATCCAGAATAACGATCAGTACATCTGGAATATTGTTATCAACACCGCGTTTTTTAAGGCTCTGGACTTGCAGTTCGTCAATCGTTTCATTGAGGACATTGCCGTGTGGTTTCCGATTATGTTCAAAGCCCAAAAAGTGTTGTGGATCGATGTCAACGGTGTCAACTATTATCTGCGTCCTAATTCCGCAAGCACCCAAAAGAATAGCATTAAACTGCTGAGCTTCATCGAGGCGTATGAGCGCTTGTACTTCCACCTGAAGAAAGTGGGCAAACTGGCGGATTTCATCGACCCGAACAACAAGATCGAATCTCGTTTCTGGCGCCGCCAAGCGTTCATTTGGTTTAGCTTCATTAATGTGTCTTGGATGAAGGCGGAATTTGAGCAGACGAAGTCGGTGCTGCAGAAACTGTTCGACTTTATGGAGGCTAATGGTATCTATGATCGTGTGTTTACCAATAAGCACCATGGTATTTATCTGTTGTGGGTGAACAGACTGAAACATTTCAAGAAGCTGGTGCAAGCGCAGCCTCACCTGTGA,TRUE,A12,0,3,0,3,60.15540541,591,591,0,1224
BBF10K_003070,mutation_3.0-0.0,"g,bad_for",,sequence_confirmed,ATGAAACTGAAGCTGTATTTGATCCCGCTGCTGGCGAGCGGTATCATTCTGTCCGCATGCAGCAGCACCACCAGCCAAGTGATCAGCTCTCTGTCCAGCGCGCAGAAATATTTCGAGGCAAACAAAGGCGAACTGAATAAAAACAACGTCATCAACATCCTGAAGGATGGTTATAATAGCGACCCGAATAAGACGGTTAACGCTCTGCTGGCGGGCTGGAAGTATACCCTGATGGATCAAAAACTGCTGGAGAACAACCTGGACCCGAGCCGTTTTAAGAACACCTTCGGCCCGAACAAAAACAAAGACGATGTTACCCCGAACATCAGCGAAAAAGGTCTGTTCCTGAACGAAACGTTTACGGGCCTGGGTAGCCAGATCGCAGAAGTCTTTAATGTCCAAAAACAAATTGTCAGCGGCTTCAGCTACTCCTGGACCTCTCCGAAATCCTTTAAAGTCAACATTCATATCAAAATGGAAGGTATGATTAATGAAAAAAGCAAAGAAACCATCAAGTCCTTTTTGAGCAATAAGGACTCTAATGGCAGCAATAGCGTTGAAGAAAGCGAGTACACGGGTGATAAGGCAAAATTCACCGCGGACTTCATTTTCAGCTATACCCCGCCGACCGGTGGTACCCGCAGCCTGACGGATAAAAGCTTCGATGTGATCACTAACATGATCAATTTTCCGGCCGACGTAAAGATCGATGTGAATACTAGCCACAACAAACTGAATGAGTTATTAGAGAAAAATGATCAGGTGAAGCGCATGAAAAGCAGAACCTTCAATGGTCGTAACATTGACTTGCTGCCGTTCTTTTATTATGCACTGCTGTGA,TRUE,A1,0,3,0,3,59.98688047,685,685,0,1038
BBF10K_001864,perfect,"g,bad_rev CHECK",,sequence_confirmed,ATGAATCCAAAGACCTACGAGGCCCTGGAAACGATGCAGAAGCGTGTGGACCAGATCGATAAGGATCTGCAGTCTGAGGAAATCGTGAGCGACGTGAAGAAAATGCTGGAGCTCAATAAAGAGCGTGCGAACCTGATTGAGGTTGTAGAAAAGTTCATTGAGTACAAGACCATTATCCAATCTATCGCGGACGCTAAGGAGATTCTGGGCAATGAGAAAGATGCGGAAATGATCGAACTGGCCAAGATGGAGCTCTCTGAAAATGAAGATGCCGTCGAACCGATTGTTGCGATTATCGAAGAACTGCTGCTGCCGAAAGACCCGAATGACGATAAGAACGTTATCGTTGAAATCCGCGGTGCAGCGGGTGGCGACGAAGCGAACATCTTTGCGGGTGATCTGCTGAGAATGTATAAACTGTATGCGGAAACCCAAAACTGGAAAATCACGATGCTGGATGCCAACTCTTCCGAAGCCGGCGGTTTTAGCCAAGTGAGCTTCATGGTCAAAGGCGACCGCGTCTACAGCAAACTGAAGTTCGAGTCCGGTGCTCACCGTGTTCAAAGAGTCCCGAAAACCGAAGCGAAAGGCCGCATCCAGACCAGCACCGCTACCGTGGCAGTACTCCCGGAGATGTCTGATGTCGAAATTGAGATCAAAAACAGCGATCTGCGTATCGACACCTATCGCAGCAGCGGCGCGGGTGGTCAACATGTTAATACCACCGATAGCGCGGTCCGTATTACGCACATTCCGACCGGCGTGGTGGCTGCTAGCCAGGATGGTCGTAGCCAACATGACAACAAGGATATCGCTATGACCATGCTGCGTGCGCGTATCTATGAAGCAGAACTGGAGAAGCAACAGGCAGAAGCCGACGCCACCCGTAAAAACGCTGTAGGCACCGGCGCGCGTAGCGAAAAGATCCGTACCTATAACTACCCGCAAAATCGTGTGACGGATCACCGCGTCGGTCTGACGCTGAATAAGTTAGACCAAGTCATGGAAGGTAAGATTGACGATTTCATCATTGCGCTGGTTAACGACGAGCAGCGCCAAAAGGTTGAAGCACAACTGCAGGATAATGAGTGA,FALSE,H4,60.31046931,553,553,0,54.16086957,229,229,0,1290
,,,,,,,,,,,,,,,,
,,,,,,,,,,,,,,,,
,,,,,,,,,,,,,,,,
,,,,,,,,,,,,,,,,
,,,,,,,,,,,,,,,,
,,,,,,,,,,,,,,,,
,perfect,72,75.00,,,,,,,,,,,,,
,silent mutations,5,5.21,,,,,,,,,,,,,
,mutations,10,10.42,,,,,,,,,,,,,
,bad clones,9,9.38,,,,,,,,,,,,,
,,96,100.00,,,,,,,,,,,,,