,Part,Status,Length,Frags,Enzyme,Order,Attempt_1_G,Attempt_2_G,Attempt_1,Attempt_2,Misplaced
0,BBF10K_000001,sequence_confirmed,1353,1,BbsI,1,sequence_confirmed,N/A,sequence_confirmed,N/A,['N/A']
1,BBF10K_000002,sequence_confirmed,1128,1,BbsI,1,sequence_confirmed,N/A,sequence_confirmed,N/A,['N/A']
2,BBF10K_000003,sequence_confirmed,543,1,BbsI,1,sequence_confirmed,N/A,sequence_confirmed,N/A,['N/A']
3,BBF10K_000004,sequence_confirmed,801,1,BbsI,1,sequence_confirmed,sequence_confirmed,sequence_confirmed,sequence_confirmed,['N/A']
4,BBF10K_000005,sequence_confirmed,1092,1,BbsI,1,sequence_confirmed,N/A,sequence_confirmed,N/A,['N/A']
5,BBF10K_000006,cloning_mutation,1905,2,BbsI,1,cloning_mutation,N/A,mutation_0.0-1.0,N/A,['N/A']
6,BBF10K_000007,sequence_confirmed,2505,2,BbsI,1,sequence_confirmed,N/A,sequence_confirmed,N/A,['N/A']
7,BBF10K_000008,sequence_confirmed,978,1,BbsI,1,cloning_mutation,sequence_confirmed,mutation_1.0-0.0,sequence_confirmed,['N/A']
8,BBF10K_000009,sequence_confirmed,2568,2,BbsI,1,sequence_confirmed,N/A,sequence_confirmed,N/A,['N/A']
9,BBF10K_000010,ordered,1617,1,BbsI,1,N/A,N/A,N/A,N/A,['N/A']
10,BBF10K_000011,sequence_confirmed,1647,1,BbsI,1,sequence_confirmed,N/A,sequence_confirmed,N/A,['N/A']
11,BBF10K_000012,ordered,1530,1,BbsI,1,N/A,N/A,N/A,N/A,['N/A']
12,BBF10K_000013,cloning_failure,441,1,BbsI,1,cloning_failure,cloning_failure,cloning_failure,cloning_failure,['N/A']
13,BBF10K_000014,cloning_failure,414,1,BbsI,1,cloning_failure,cloning_failure,cloning_failure,cloning_failure,['N/A']
14,BBF10K_000015,sequence_confirmed,600,1,BbsI,1,sequence_confirmed,N/A,sequence_confirmed,N/A,['N/A']
15,BBF10K_000016,cloning_mutation,1035,1,BbsI,1,cloning_mutation,cloning_mutation,mutation_3.0-1.0,mutation_1.0-0.0,['N/A']
16,BBF10K_000017,cloning_mutation,3159,2,BbsI,1,cloning_mutation,N/A,mutation_4.0-1.0,N/A,['N/A']
17,BBF10K_000018,sequence_confirmed,5370,4,BbsI,1,sequence_confirmed,N/A,sequence_confirmed,N/A,['N/A']
18,BBF10K_000019,sequence_confirmed,1947,2,BbsI,1,sequence_confirmed,N/A,sequence_confirmed,N/A,['N/A']
19,BBF10K_000020,sequence_confirmed,1206,1,BbsI,1,sequence_confirmed,N/A,sequence_confirmed,N/A,['N/A']
20,BBF10K_000021,sequence_confirmed,828,1,BbsI,1,sequence_confirmed,N/A,sequence_confirmed,N/A,['N/A']
21,BBF10K_000022,sequence_confirmed,723,1,BbsI,1,sequence_confirmed,N/A,sequence_confirmed,N/A,['N/A']
22,BBF10K_000023,sequence_confirmed,741,1,BbsI,1,sequence_confirmed,N/A,sequence_confirmed,N/A,['N/A']
23,BBF10K_000024,sequence_confirmed,642,1,BbsI,1,sequence_confirmed,N/A,sequence_confirmed,N/A,['N/A']
24,BBF10K_000025,sequence_confirmed,591,1,BbsI,1,sequence_confirmed,N/A,sequence_confirmed,N/A,['N/A']
25,BBF10K_000026,sequence_failure,2007,2,BbsI,1,sequence_failure,sequence_failure,bad_reads,bad_reverse,['N/A']
26,BBF10K_000027,sequence_confirmed,450,1,BbsI,1,sequence_confirmed,N/A,sequence_confirmed,N/A,['N/A']
27,BBF10K_000028,sequence_confirmed,825,1,BbsI,1,sequence_confirmed,N/A,sequence_confirmed,N/A,['N/A']
28,BBF10K_000029,sequence_confirmed,1269,1,BbsI,1,sequence_confirmed,N/A,sequence_confirmed,N/A,['N/A']
29,BBF10K_000030,sequence_confirmed,975,1,BbsI,1,cloning_failure,sequence_confirmed,cloning_error,sequence_confirmed,['N/A']
30,BBF10K_000031,sequence_confirmed,1503,1,BbsI,1,sequence_confirmed,N/A,sequence_confirmed,N/A,['N/A']
31,BBF10K_000032,cloning_failure,309,1,BbsI,1,cloning_failure,cloning_failure,cloning_failure,cloning_failure,['N/A']
32,BBF10K_000033,sequence_confirmed,843,1,BbsI,1,cloning_failure,sequence_confirmed,cloning_failure,sequence_confirmed,['N/A']
33,BBF10K_000034,ordered,1365,1,BbsI,1,N/A,N/A,N/A,N/A,['N/A']
34,BBF10K_000035,sequence_confirmed,840,1,BbsI,1,cloning_failure,N/A,cloning_failure,N/A,['sequence_confirmed']
35,BBF10K_000036,sequence_failure,957,1,BbsI,1,cloning_failure,sequence_failure,cloning_failure,bad_reads,['N/A']
36,BBF10K_000037,sequence_confirmed,1359,1,BbsI,1,sequence_confirmed,N/A,sequence_confirmed,N/A,['N/A']
37,BBF10K_000038,sequence_confirmed,717,1,BbsI,1,sequence_confirmed,N/A,sequence_confirmed,N/A,['N/A']
38,BBF10K_000039,sequence_confirmed,2835,2,BbsI,1,sequence_confirmed,N/A,sequence_confirmed,N/A,['N/A']
39,BBF10K_000040,sequence_confirmed,912,1,BbsI,1,sequence_confirmed,N/A,sequence_confirmed,N/A,['N/A']
40,BBF10K_000041,ordered,1410,1,BbsI,1,N/A,N/A,N/A,N/A,['N/A']
41,BBF10K_000042,cloning_failure,399,1,BbsI,1,cloning_failure,cloning_failure,cloning_failure,cloning_failure,['N/A']
42,BBF10K_000043,sequence_confirmed,1113,1,BbsI,1,sequence_confirmed,N/A,sequence_confirmed,N/A,['N/A']
43,BBF10K_000044,sequence_confirmed,870,1,BbsI,1,sequence_confirmed,N/A,sequence_confirmed,N/A,['N/A']
44,BBF10K_000045,cloning_error,1245,1,BbsI,1,cloning_failure,cloning_failure,cloning_error,cloning_error,['N/A']
45,BBF10K_000046,sequence_confirmed,921,1,BbsI,1,sequence_confirmed,N/A,sequence_confirmed,N/A,['N/A']
46,BBF10K_000047,sequence_confirmed,873,1,BbsI,1,cloning_failure,sequence_confirmed,cloning_failure,sequence_confirmed,['N/A']
47,BBF10K_000048,sequence_confirmed,441,1,BbsI,1,sequence_confirmed,N/A,sequence_confirmed,N/A,['N/A']
48,BBF10K_000049,sequence_confirmed,762,1,BbsI,1,sequence_confirmed,N/A,sequence_confirmed,N/A,['N/A']
49,BBF10K_000050,sequence_confirmed,1452,1,BbsI,1,sequence_confirmed,N/A,sequence_confirmed,N/A,['N/A']
50,BBF10K_000051,sequence_confirmed,1215,1,BbsI,1,sequence_confirmed,N/A,sequence_confirmed,N/A,['N/A']
51,BBF10K_000052,cloning_mutation,429,1,BbsI,1,cloning_mutation,N/A,mutation_1.0-1.0,N/A,['N/A']
52,BBF10K_000053,sequence_confirmed,1599,1,BbsI,1,cloning_mutation,N/A,mutation_0.0-1.0,N/A,['sequence_confirmed']
53,BBF10K_000054,sequence_confirmed,894,1,BbsI,1,cloning_mutation,sequence_confirmed,mutation_0.0-1.0,sequence_confirmed,['N/A']
54,BBF10K_000055,sequence_confirmed,1062,1,BbsI,1,sequence_confirmed,N/A,sequence_confirmed,N/A,['N/A']
55,BBF10K_000056,cloning_mutation,2274,2,BbsI,1,cloning_failure,cloning_mutation,cloning_error,mutation_0.0-1.0,['N/A']
56,BBF10K_000057,sequence_failure,1899,2,BbsI,1,sequence_failure,N/A,bad_reverse,N/A,['N/A']
57,BBF10K_000058,sequence_confirmed,951,1,BbsI,1,sequence_confirmed,N/A,sequence_confirmed,N/A,['N/A']
58,BBF10K_000059,sequence_failure,630,1,BbsI,1,sequence_failure,sequence_failure,bad_reverse,bad_reads,['N/A']
59,BBF10K_000060,sequence_confirmed,1095,1,BbsI,1,sequence_confirmed,N/A,sequence_confirmed,N/A,['N/A']
60,BBF10K_000061,sequence_confirmed,849,1,BbsI,1,sequence_confirmed,N/A,sequence_confirmed,N/A,['N/A']
61,BBF10K_000062,sequence_confirmed,1473,1,BbsI,1,sequence_confirmed,N/A,sequence_confirmed,N/A,['N/A']
62,BBF10K_000063,cloning_failure,501,1,BbsI,1,cloning_failure,cloning_failure,cloning_failure,cloning_failure,['N/A']
63,BBF10K_000064,sequence_confirmed,915,1,BbsI,1,sequence_confirmed,N/A,sequence_confirmed,N/A,['N/A']
64,BBF10K_000065,sequence_confirmed,708,1,BbsI,1,sequence_confirmed,N/A,sequence_confirmed,N/A,['N/A']
65,BBF10K_000066,sequence_confirmed,1530,1,BbsI,1,sequence_confirmed,N/A,sequence_confirmed,N/A,['N/A']
66,BBF10K_000067,sequence_confirmed,420,1,BbsI,1,sequence_confirmed,N/A,sequence_confirmed,N/A,['N/A']
67,BBF10K_000068,cloning_failure,468,1,BbsI,1,cloning_failure,cloning_failure,cloning_failure,cloning_failure,['N/A']
68,BBF10K_000069,sequence_confirmed,2070,2,BbsI,1,sequence_confirmed,N/A,sequence_confirmed,N/A,['N/A']
69,BBF10K_000070,sequence_confirmed,1188,1,BbsI,1,sequence_confirmed,N/A,sequence_confirmed,N/A,['N/A']
70,BBF10K_000071,cloning_error,1356,1,BbsI,1,cloning_failure,cloning_failure,cloning_error,cloning_error,['N/A']
71,BBF10K_000072,cloning_mutation,2691,2,BbsI,1,sequence_failure,cloning_mutation,bad_reverse,mutation_2.0-0.0,['N/A']
72,BBF10K_000073,cloning_mutation,495,1,BbsI,1,cloning_failure,cloning_mutation,cloning_failure,mutation_1.0-0.0,['N/A']
73,BBF10K_000074,sequence_confirmed,1245,1,BbsI,1,sequence_confirmed,N/A,sequence_confirmed,N/A,['N/A']
74,BBF10K_000075,sequence_confirmed,1011,1,BbsI,1,cloning_mutation,sequence_confirmed,mutation_0.0-2.0,sequence_confirmed,['N/A']
75,BBF10K_000076,cloning_error,1701,1,BbsI,1,cloning_failure,cloning_failure,cloning_error,cloning_error,['N/A']
76,BBF10K_000077,sequence_confirmed,1869,2,BbsI,1,sequence_confirmed,N/A,sequence_confirmed,N/A,['N/A']
77,BBF10K_000078,ordered,3102,2,BbsI,1,N/A,N/A,N/A,N/A,['N/A']
78,BBF10K_000079,ordered,3111,2,BbsI,1,N/A,N/A,N/A,N/A,['N/A']
79,BBF10K_000080,sequence_confirmed,993,1,BbsI,1,sequence_confirmed,N/A,sequence_confirmed,N/A,['N/A']
80,BBF10K_000081,sequence_confirmed,1056,1,BbsI,1,sequence_confirmed,N/A,sequence_confirmed,N/A,['N/A']
81,BBF10K_000082,sequence_confirmed,360,1,BbsI,1,sequence_confirmed,N/A,sequence_confirmed,N/A,['N/A']
82,BBF10K_000083,cloning_failure,546,1,BbsI,1,cloning_failure,cloning_failure,cloning_failure,cloning_failure,['N/A']
83,BBF10K_000084,sequence_confirmed,603,1,BbsI,1,sequence_confirmed,N/A,sequence_confirmed,N/A,['N/A']
84,BBF10K_000085,sequence_confirmed,558,1,BbsI,1,sequence_confirmed,N/A,sequence_confirmed,N/A,['N/A']
85,BBF10K_000086,sequence_confirmed,894,1,BbsI,1,sequence_confirmed,N/A,sequence_confirmed,N/A,['N/A']
86,BBF10K_000087,sequence_confirmed,1356,1,BbsI,1,sequence_confirmed,N/A,sequence_confirmed,N/A,['N/A']
87,BBF10K_000088,sequence_confirmed,822,1,BbsI,1,sequence_confirmed,N/A,sequence_confirmed,N/A,['N/A']
88,BBF10K_000089,cloning_failure,432,1,BbsI,1,cloning_failure,cloning_failure,cloning_failure,cloning_failure,['N/A']
89,BBF10K_000090,sequence_confirmed,573,1,BbsI,1,sequence_confirmed,N/A,sequence_confirmed,N/A,['N/A']
90,BBF10K_000091,sequence_confirmed,1518,1,BbsI,1,sequence_confirmed,N/A,sequence_confirmed,N/A,['N/A']
91,BBF10K_000092,sequence_confirmed,981,1,BbsI,1,cloning_failure,sequence_confirmed,cloning_error,sequence_confirmed,['N/A']
92,BBF10K_000093,sequence_confirmed,1437,1,BbsI,1,sequence_confirmed,N/A,sequence_confirmed,N/A,['N/A']
93,BBF10K_000094,sequence_confirmed,1920,2,BbsI,1,sequence_confirmed,N/A,sequence_confirmed,N/A,['N/A']
94,BBF10K_000095,sequence_confirmed,1326,1,BbsI,1,sequence_confirmed,N/A,sequence_confirmed,N/A,['N/A']
95,BBF10K_000096,sequence_confirmed,1890,2,BbsI,1,sequence_confirmed,N/A,sequence_confirmed,N/A,['N/A']
96,BBF10K_000097,sequence_confirmed,969,1,BbsI,1,sequence_confirmed,N/A,sequence_confirmed,N/A,['N/A']
97,BBF10K_000098,sequence_confirmed,1182,1,BbsI,1,sequence_confirmed,N/A,sequence_confirmed,N/A,['N/A']
98,BBF10K_000099,ordered,1722,1,BbsI,1,N/A,N/A,N/A,N/A,['N/A']
99,BBF10K_000100,cloning_failure,465,1,BbsI,1,cloning_failure,cloning_failure,cloning_failure,cloning_failure,['N/A']
100,BBF10K_000101,sequence_confirmed,627,1,BbsI,1,sequence_confirmed,N/A,sequence_confirmed,N/A,['N/A']
101,BBF10K_000102,cloning_mutation,1788,2,BbsI,1,cloning_mutation,N/A,mutation_0.0-1.0,N/A,['N/A']
102,BBF10K_000103,sequence_failure,1188,1,BbsI,1,sequence_failure,sequence_failure,bad_forward,bad_reads,['N/A']
103,BBF10K_000104,cloning_mutation,591,1,BbsI,1,cloning_mutation,N/A,mutation_1.0-0.0,N/A,['N/A']
104,BBF10K_000105,ordered,561,1,BbsI,1,N/A,N/A,N/A,N/A,['N/A']
105,BBF10K_000106,ordered,579,1,BbsI,1,N/A,N/A,N/A,N/A,['N/A']
106,BBF10K_000107,sequence_confirmed,690,1,BbsI,1,sequence_confirmed,N/A,sequence_confirmed,N/A,['sequence_confirmed']
107,BBF10K_000108,sequence_confirmed,474,1,BbsI,1,sequence_confirmed,N/A,sequence_confirmed,N/A,['N/A']
108,BBF10K_000109,ordered,1755,1,BbsI,1,N/A,N/A,N/A,N/A,['N/A']
109,BBF10K_000110,sequence_confirmed,1752,1,BbsI,1,sequence_confirmed,N/A,sequence_confirmed,N/A,['N/A']
110,BBF10K_000111,sequence_confirmed,798,1,BbsI,1,sequence_confirmed,N/A,sequence_confirmed,N/A,['N/A']
111,BBF10K_000112,sequence_confirmed,2619,2,BbsI,1,sequence_confirmed,N/A,sequence_confirmed,N/A,['N/A']
112,BBF10K_000113,sequence_confirmed,678,1,BbsI,1,sequence_confirmed,N/A,sequence_confirmed,N/A,['N/A']
113,BBF10K_000114,sequence_failure,903,1,BbsI,1,sequence_failure,N/A,bad_reads,N/A,['N/A']
114,BBF10K_000115,sequence_confirmed,1116,1,BbsI,1,sequence_confirmed,N/A,sequence_confirmed,N/A,['N/A']
115,BBF10K_000116,cloning_failure,417,1,BbsI,1,cloning_failure,cloning_failure,cloning_failure,cloning_failure,['N/A']
116,BBF10K_000117,ordered,564,1,BbsI,1,N/A,N/A,N/A,N/A,['N/A']
117,BBF10K_000118,sequence_confirmed,681,1,BbsI,1,sequence_confirmed,N/A,sequence_confirmed,N/A,['sequence_confirmed']
118,BBF10K_000119,sequence_confirmed,1425,1,BbsI,1,cloning_failure,sequence_confirmed,cloning_error,sequence_confirmed,['N/A']
119,BBF10K_000120,sequence_confirmed,618,1,BbsI,1,cloning_mutation,N/A,mutation_1.0-1.0,N/A,['sequence_confirmed']
120,BBF10K_000121,sequence_confirmed,1803,2,BbsI,1,sequence_confirmed,N/A,sequence_confirmed,N/A,['sequence_confirmed']
121,BBF10K_000122,sequence_confirmed,807,1,BbsI,1,sequence_confirmed,N/A,sequence_confirmed,N/A,['N/A']
122,BBF10K_000123,sequence_confirmed,1725,1,BbsI,1,sequence_confirmed,N/A,sequence_confirmed,N/A,['N/A']
123,BBF10K_000124,sequence_confirmed,1245,1,BbsI,1,sequence_confirmed,N/A,sequence_confirmed,N/A,['N/A']
124,BBF10K_000125,sequence_confirmed,354,1,BbsI,1,sequence_confirmed,N/A,sequence_confirmed,N/A,['N/A']
125,BBF10K_000126,sequence_confirmed,879,1,BbsI,1,sequence_confirmed,N/A,sequence_confirmed,N/A,['N/A']
126,BBF10K_000127,sequence_confirmed,555,1,BbsI,1,sequence_confirmed,N/A,sequence_confirmed,N/A,['N/A']
127,BBF10K_000128,sequence_failure,645,1,BbsI,1,sequence_failure,N/A,bad_reverse,N/A,['N/A']
128,BBF10K_000129,sequence_confirmed,1863,2,BbsI,1,sequence_confirmed,N/A,sequence_confirmed,N/A,['N/A']
129,BBF10K_000130,cloning_failure,300,1,BbsI,1,cloning_failure,cloning_failure,cloning_failure,cloning_failure,['N/A']
130,BBF10K_000131,ordered,1755,1,BbsI,1,N/A,N/A,N/A,N/A,['N/A']
131,BBF10K_000132,sequence_confirmed,495,1,BbsI,1,sequence_confirmed,N/A,sequence_confirmed,N/A,['N/A']
132,BBF10K_000133,cloning_mutation,651,1,BbsI,1,cloning_mutation,N/A,mutation_0.0-1.0,N/A,['N/A']
133,BBF10K_000134,cloning_error,4449,3,BbsI,1,cloning_failure,cloning_failure,cloning_error,cloning_failure,['N/A']
134,BBF10K_000135,cloning_mutation,1029,1,BbsI,1,cloning_mutation,N/A,mutation_0.0-1.0,N/A,['N/A']
135,BBF10K_000136,sequence_confirmed,1077,1,BbsI,1,sequence_confirmed,N/A,sequence_confirmed,N/A,['N/A']
136,BBF10K_000137,sequence_confirmed,1011,1,BbsI,1,sequence_confirmed,N/A,sequence_confirmed,N/A,['N/A']
137,BBF10K_000138,sequence_confirmed,735,1,BbsI,1,cloning_failure,sequence_confirmed,cloning_failure,sequence_confirmed,['N/A']
138,BBF10K_000139,sequence_failure,1971,2,BbsI,1,sequence_failure,N/A,bad_reads,N/A,['N/A']
139,BBF10K_000140,sequence_confirmed,1491,1,BbsI,1,sequence_confirmed,N/A,sequence_confirmed,N/A,['N/A']
140,BBF10K_000141,cloning_mutation,762,1,BbsI,1,cloning_failure,cloning_mutation,cloning_failure,mutation_3.0-0.0,['N/A']
141,BBF10K_000142,sequence_confirmed,837,1,BbsI,1,sequence_confirmed,N/A,sequence_confirmed,N/A,['N/A']
142,BBF10K_000143,sequence_confirmed,630,1,BbsI,1,sequence_confirmed,N/A,sequence_confirmed,N/A,['N/A']
143,BBF10K_000144,sequence_confirmed,759,1,BbsI,1,sequence_confirmed,sequence_confirmed,sequence_confirmed,sequence_confirmed,['N/A']
144,BBF10K_000145,sequence_confirmed,618,1,BbsI,1,sequence_confirmed,N/A,sequence_confirmed,N/A,['N/A']
145,BBF10K_000146,sequence_confirmed,828,1,BbsI,1,sequence_confirmed,N/A,sequence_confirmed,N/A,['N/A']
146,BBF10K_000147,sequence_confirmed,720,1,BbsI,1,sequence_confirmed,N/A,sequence_confirmed,N/A,['N/A']
147,BBF10K_000148,sequence_confirmed,561,1,BbsI,1,sequence_confirmed,N/A,sequence_confirmed,N/A,['N/A']
148,BBF10K_000149,sequence_confirmed,891,1,BbsI,1,sequence_confirmed,N/A,sequence_confirmed,N/A,['N/A']
149,BBF10K_000150,sequence_confirmed,696,1,BbsI,1,cloning_failure,sequence_confirmed,cloning_error,sequence_confirmed,['N/A']
150,BBF10K_000151,sequence_confirmed,663,1,BbsI,1,sequence_confirmed,N/A,sequence_confirmed,N/A,['N/A']
151,BBF10K_000152,sequence_confirmed,1308,1,BbsI,1,sequence_confirmed,N/A,sequence_confirmed,N/A,['N/A']
152,BBF10K_000153,sequence_failure,549,1,BbsI,1,cloning_failure,sequence_failure,cloning_failure,bad_reverse,['N/A']
153,BBF10K_000154,sequence_confirmed,378,1,BbsI,1,sequence_confirmed,N/A,sequence_confirmed,N/A,['N/A']
154,BBF10K_000155,sequence_confirmed,1530,1,BbsI,1,sequence_confirmed,N/A,sequence_confirmed,N/A,['N/A']
155,BBF10K_000156,sequence_confirmed,1344,1,BbsI,1,sequence_confirmed,N/A,sequence_confirmed,N/A,['N/A']
156,BBF10K_000157,cloning_failure,468,1,BbsI,1,cloning_failure,cloning_failure,cloning_failure,cloning_failure,['N/A']
157,BBF10K_000158,sequence_failure,495,1,BbsI,1,cloning_failure,sequence_failure,cloning_failure,bad_reads,['N/A']
158,BBF10K_000159,sequence_confirmed,723,1,BbsI,1,sequence_confirmed,N/A,sequence_confirmed,N/A,['N/A']
159,BBF10K_000160,sequence_confirmed,384,1,BbsI,1,sequence_confirmed,N/A,sequence_confirmed,N/A,['N/A']
160,BBF10K_000161,sequence_confirmed,951,1,BbsI,1,sequence_confirmed,N/A,sequence_confirmed,N/A,['N/A']
161,BBF10K_000162,cloning_error,1872,2,BbsI,1,cloning_failure,cloning_failure,cloning_error,cloning_failure,['N/A']
162,BBF10K_000163,sequence_confirmed,1854,2,BbsI,1,sequence_confirmed,N/A,sequence_confirmed,N/A,['N/A']
163,BBF10K_000164,sequence_confirmed,1608,1,BbsI,1,sequence_confirmed,N/A,sequence_confirmed,N/A,['N/A']
164,BBF10K_000165,sequence_confirmed,741,1,BbsI,1,sequence_confirmed,N/A,sequence_confirmed,N/A,['N/A']
165,BBF10K_000166,sequence_confirmed,315,1,BbsI,1,sequence_confirmed,N/A,sequence_confirmed,N/A,['N/A']
166,BBF10K_000167,sequence_confirmed,1302,1,BbsI,1,sequence_confirmed,N/A,sequence_confirmed,N/A,['N/A']
167,BBF10K_000168,sequence_confirmed,738,1,BbsI,1,sequence_confirmed,N/A,sequence_confirmed,N/A,['N/A']
168,BBF10K_000169,sequence_confirmed,1098,1,BbsI,1,sequence_confirmed,N/A,sequence_confirmed,N/A,['N/A']
169,BBF10K_000170,sequence_confirmed,660,1,BbsI,1,sequence_confirmed,N/A,sequence_confirmed,N/A,['N/A']
170,BBF10K_000171,cloning_mutation,639,1,BbsI,1,cloning_mutation,N/A,mutation_2.0-0.0,N/A,['N/A']
171,BBF10K_000172,sequence_confirmed,1128,1,BbsI,1,sequence_confirmed,N/A,sequence_confirmed,N/A,['N/A']
172,BBF10K_000173,sequence_confirmed,618,1,BbsI,1,sequence_confirmed,N/A,sequence_confirmed,N/A,['N/A']
173,BBF10K_000174,cloning_failure,2145,2,BbsI,1,cloning_failure,cloning_failure,cloning_failure,cloning_failure,['N/A']
174,BBF10K_000175,sequence_confirmed,954,1,BbsI,1,sequence_confirmed,N/A,sequence_confirmed,N/A,['N/A']
175,BBF10K_000176,sequence_confirmed,555,1,BbsI,1,sequence_confirmed,N/A,sequence_confirmed,N/A,['N/A']
176,BBF10K_000177,sequence_confirmed,303,1,BbsI,1,sequence_confirmed,N/A,sequence_confirmed,N/A,['N/A']
177,BBF10K_000178,cloning_failure,2361,2,BbsI,1,cloning_failure,cloning_failure,cloning_failure,cloning_failure,['N/A']
178,BBF10K_000179,cloning_mutation,2463,2,BbsI,1,cloning_failure,cloning_mutation,cloning_failure,mutation_0.0-3.0,['N/A']
179,BBF10K_000180,ordered,5262,3,BbsI,1,N/A,N/A,N/A,N/A,['N/A']
180,BBF10K_000181,sequence_confirmed,552,1,BbsI,1,sequence_confirmed,N/A,sequence_confirmed,N/A,['N/A']
181,BBF10K_000182,sequence_confirmed,1785,2,BbsI,1,cloning_failure,sequence_confirmed,cloning_failure,sequence_confirmed,['N/A']
182,BBF10K_000183,cloning_failure,495,1,BbsI,1,cloning_failure,cloning_failure,cloning_failure,cloning_failure,['N/A']
183,BBF10K_000184,sequence_confirmed,906,1,BbsI,1,sequence_confirmed,N/A,sequence_confirmed,N/A,['N/A']
184,BBF10K_000185,sequence_confirmed,750,1,BbsI,1,sequence_confirmed,N/A,sequence_confirmed,N/A,['N/A']
185,BBF10K_000186,sequence_confirmed,1371,1,BbsI,1,sequence_confirmed,N/A,sequence_confirmed,N/A,['N/A']
186,BBF10K_000187,sequence_confirmed,1839,2,BbsI,1,sequence_confirmed,N/A,sequence_confirmed,N/A,['N/A']
187,BBF10K_000188,ordered,1521,1,BbsI,1,N/A,N/A,N/A,N/A,['N/A']
188,BBF10K_000189,sequence_confirmed,678,1,BbsI,1,sequence_confirmed,N/A,sequence_confirmed,N/A,['N/A']
189,BBF10K_000190,sequence_confirmed,777,1,BbsI,1,sequence_confirmed,N/A,sequence_confirmed,N/A,"['sequence_confirmed', 'sequence_confirmed']"
190,BBF10K_000191,cloning_mutation,1362,1,BbsI,1,cloning_mutation,N/A,mutation_0.0-1.0,N/A,['N/A']
191,BBF10K_000192,sequence_confirmed,1515,1,BbsI,1,sequence_confirmed,N/A,sequence_confirmed,N/A,['N/A']
192,BBF10K_000193,ordered,4155,3,BbsI,1,N/A,N/A,N/A,N/A,['N/A']
193,BBF10K_000194,sequence_confirmed,513,1,BbsI,1,sequence_confirmed,N/A,sequence_confirmed,N/A,['N/A']
194,BBF10K_000195,cloning_mutation,2265,2,BbsI,1,sequence_failure,cloning_mutation,bad_forward,mutation_1.0-1.0,['N/A']
195,BBF10K_000196,ordered,2967,2,BbsI,1,N/A,N/A,N/A,N/A,['N/A']
196,BBF10K_000197,sequence_confirmed,390,1,BbsI,1,sequence_confirmed,N/A,sequence_confirmed,N/A,['N/A']
197,BBF10K_000198,sequence_confirmed,699,1,BbsI,1,sequence_confirmed,N/A,sequence_confirmed,N/A,['N/A']
198,BBF10K_000199,sequence_confirmed,1005,1,BbsI,1,cloning_mutation,sequence_confirmed,mutation_0.0-2.0,sequence_confirmed,['N/A']
199,BBF10K_000200,sequence_failure,1644,1,BbsI,1,sequence_failure,N/A,bad_forward,N/A,['N/A']
200,BBF10K_000201,sequence_confirmed,312,1,BbsI,1,sequence_confirmed,N/A,sequence_confirmed,N/A,['N/A']
201,BBF10K_000202,sequence_confirmed,444,1,BbsI,1,sequence_confirmed,N/A,sequence_confirmed,N/A,['cloning_mutation']
202,BBF10K_000203,sequence_confirmed,1131,1,BbsI,1,sequence_confirmed,N/A,sequence_confirmed,N/A,['N/A']
203,BBF10K_000204,ordered,2091,2,BbsI,1,N/A,N/A,N/A,N/A,['N/A']
204,BBF10K_000205,sequence_confirmed,810,1,BbsI,1,sequence_confirmed,N/A,sequence_confirmed,N/A,['N/A']
205,BBF10K_000206,sequence_confirmed,675,1,BbsI,1,cloning_mutation,sequence_confirmed,mutation_1.0-0.0,sequence_confirmed,['N/A']
206,BBF10K_000207,sequence_confirmed,1230,1,BbsI,1,sequence_confirmed,N/A,sequence_confirmed,N/A,['N/A']
207,BBF10K_000208,sequence_confirmed,336,1,BbsI,1,sequence_confirmed,N/A,sequence_confirmed,N/A,['N/A']
208,BBF10K_000209,sequence_confirmed,774,1,BbsI,1,sequence_confirmed,N/A,sequence_confirmed,N/A,['N/A']
209,BBF10K_000210,sequence_confirmed,1164,1,BbsI,1,sequence_confirmed,N/A,sequence_confirmed,N/A,['N/A']
210,BBF10K_000211,sequence_confirmed,684,1,BbsI,1,sequence_confirmed,N/A,sequence_confirmed,N/A,['N/A']
211,BBF10K_000212,cloning_mutation,1317,1,BbsI,1,cloning_mutation,N/A,mutation_0.0-1.0,N/A,['N/A']
212,BBF10K_000213,cloning_mutation,930,1,BbsI,1,cloning_failure,cloning_mutation,cloning_failure,mutation_0.0-1.0,['N/A']
213,BBF10K_000214,sequence_confirmed,981,1,BbsI,1,sequence_confirmed,N/A,sequence_confirmed,N/A,['N/A']
214,BBF10K_000215,sequence_confirmed,399,1,BbsI,1,cloning_failure,sequence_confirmed,cloning_error,sequence_confirmed,['N/A']
215,BBF10K_000216,sequence_confirmed,2157,2,BbsI,1,sequence_confirmed,N/A,sequence_confirmed,N/A,['N/A']
216,BBF10K_000217,cloning_error,2937,2,BbsI,1,cloning_failure,cloning_failure,cloning_error,cloning_failure,['N/A']
217,BBF10K_000218,sequence_confirmed,1239,1,BbsI,1,sequence_confirmed,N/A,sequence_confirmed,N/A,['N/A']
218,BBF10K_000219,cloning_failure,438,1,BbsI,1,cloning_failure,cloning_failure,cloning_failure,cloning_failure,['N/A']
219,BBF10K_000220,sequence_confirmed,564,1,BbsI,1,sequence_confirmed,N/A,sequence_confirmed,N/A,['N/A']
220,BBF10K_000221,sequence_confirmed,1896,2,BbsI,1,sequence_confirmed,N/A,sequence_confirmed,N/A,['N/A']
221,BBF10K_000222,cloning_mutation,1284,1,BbsI,1,cloning_mutation,N/A,mutation_0.0-1.0,N/A,['N/A']
222,BBF10K_000223,cloning_failure,504,1,BbsI,1,cloning_failure,cloning_failure,cloning_failure,cloning_failure,['N/A']
223,BBF10K_000224,sequence_confirmed,768,1,BbsI,1,cloning_mutation,sequence_confirmed,mutation_0.0-1.0,sequence_confirmed,['N/A']
224,BBF10K_000225,cloning_mutation,1416,1,BbsI,1,cloning_mutation,N/A,mutation_0.0-1.0,N/A,['N/A']
225,BBF10K_000226,sequence_confirmed,1932,2,BbsI,1,sequence_confirmed,N/A,sequence_confirmed,N/A,['N/A']
226,BBF10K_000227,sequence_confirmed,2697,2,BbsI,1,sequence_confirmed,N/A,sequence_confirmed,N/A,['N/A']
227,BBF10K_000228,sequence_confirmed,957,1,BbsI,1,sequence_confirmed,N/A,sequence_confirmed,N/A,['N/A']
228,BBF10K_000229,ordered,585,1,BbsI,1,N/A,N/A,N/A,N/A,['N/A']
229,BBF10K_000230,cloning_mutation,1647,1,BbsI,1,cloning_failure,cloning_mutation,cloning_error,mutation_0.0-1.0,['N/A']
230,BBF10K_000231,cloning_failure,438,1,BbsI,1,cloning_failure,N/A,cloning_failure,N/A,['N/A']
231,BBF10K_000232,cloning_error,1350,1,BbsI,1,cloning_failure,cloning_failure,cloning_error,cloning_error,['N/A']
232,BBF10K_000233,sequence_confirmed,681,1,BbsI,1,cloning_mutation,sequence_confirmed,mutation_2.0-2.0,sequence_confirmed,['N/A']
233,BBF10K_000234,sequence_confirmed,876,1,BbsI,1,sequence_confirmed,N/A,sequence_confirmed,N/A,['N/A']
234,BBF10K_000235,cloning_failure,303,1,BbsI,1,cloning_failure,cloning_failure,cloning_failure,cloning_failure,['N/A']
235,BBF10K_000236,cloning_failure,402,1,BbsI,1,cloning_failure,cloning_failure,cloning_failure,cloning_failure,['N/A']
236,BBF10K_000237,sequence_confirmed,888,1,BbsI,1,sequence_confirmed,N/A,sequence_confirmed,N/A,['N/A']
237,BBF10K_000238,sequence_confirmed,1074,1,BbsI,1,sequence_confirmed,N/A,sequence_confirmed,N/A,['N/A']
238,BBF10K_000239,sequence_confirmed,624,1,BbsI,1,sequence_confirmed,N/A,sequence_confirmed,N/A,['N/A']
239,BBF10K_000240,sequence_confirmed,939,1,BbsI,1,sequence_confirmed,N/A,sequence_confirmed,N/A,['N/A']
240,BBF10K_000241,cloning_mutation,333,1,BbsI,1,cloning_mutation,N/A,mutation_3.0-0.0,N/A,['N/A']
241,BBF10K_000242,cloning_failure,483,1,BbsI,1,cloning_failure,cloning_failure,cloning_failure,cloning_failure,['N/A']
242,BBF10K_000243,sequence_confirmed,1302,1,BbsI,1,sequence_confirmed,N/A,sequence_confirmed,N/A,['N/A']
243,BBF10K_000244,sequence_confirmed,933,1,BbsI,1,sequence_confirmed,N/A,sequence_confirmed,N/A,['N/A']
244,BBF10K_000245,sequence_confirmed,609,1,BbsI,1,sequence_confirmed,N/A,sequence_confirmed,N/A,['N/A']
245,BBF10K_000246,sequence_confirmed,2748,2,BbsI,1,sequence_failure,sequence_confirmed,bad_forward,sequence_confirmed,['N/A']
246,BBF10K_000247,sequence_confirmed,1161,1,BbsI,1,sequence_confirmed,N/A,sequence_confirmed,N/A,['N/A']
247,BBF10K_000248,sequence_confirmed,927,1,BbsI,1,sequence_confirmed,N/A,sequence_confirmed,N/A,['N/A']
248,BBF10K_000249,cloning_failure,402,1,BbsI,1,cloning_failure,cloning_failure,cloning_failure,cloning_failure,['N/A']
249,BBF10K_000250,cloning_mutation,2385,2,BbsI,1,cloning_mutation,N/A,mutation_0.0-1.0,N/A,['N/A']
250,BBF10K_000251,sequence_failure,1053,1,BbsI,1,sequence_failure,N/A,bad_reads,N/A,['N/A']
251,BBF10K_000252,cloning_mutation,609,1,BbsI,1,cloning_mutation,N/A,mutation_1.0-1.0,N/A,['N/A']
252,BBF10K_000253,sequence_confirmed,4449,3,BbsI,1,sequence_confirmed,N/A,sequence_confirmed,N/A,['N/A']
253,BBF10K_000254,ordered,1665,1,BbsI,1,N/A,N/A,N/A,N/A,['N/A']
254,BBF10K_000255,sequence_confirmed,549,1,BbsI,1,sequence_confirmed,N/A,sequence_confirmed,N/A,['N/A']
255,BBF10K_000256,sequence_confirmed,714,1,BbsI,1,sequence_confirmed,N/A,sequence_confirmed,N/A,['N/A']
256,BBF10K_000257,sequence_confirmed,888,1,BbsI,1,sequence_confirmed,N/A,sequence_confirmed,N/A,['N/A']
257,BBF10K_000258,sequence_confirmed,879,1,BbsI,1,sequence_confirmed,N/A,sequence_confirmed,N/A,['N/A']
258,BBF10K_000259,sequence_confirmed,1119,1,BbsI,1,sequence_confirmed,N/A,sequence_confirmed,N/A,['N/A']
259,BBF10K_000260,ordered,1776,1,BbsI,1,N/A,N/A,N/A,N/A,['N/A']
260,BBF10K_000261,sequence_confirmed,603,1,BbsI,1,sequence_confirmed,N/A,sequence_confirmed,N/A,['N/A']
261,BBF10K_000262,sequence_confirmed,1023,1,BbsI,1,sequence_confirmed,N/A,sequence_confirmed,N/A,['N/A']
262,BBF10K_000263,sequence_confirmed,2142,2,BbsI,1,sequence_confirmed,N/A,sequence_confirmed,N/A,['N/A']
263,BBF10K_000264,sequence_confirmed,1833,2,BbsI,1,sequence_confirmed,N/A,sequence_confirmed,N/A,['N/A']
264,BBF10K_000265,sequence_confirmed,945,1,BbsI,1,sequence_confirmed,N/A,sequence_confirmed,N/A,['N/A']
265,BBF10K_000266,sequence_confirmed,1215,1,BbsI,1,sequence_confirmed,N/A,sequence_confirmed,N/A,['N/A']
266,BBF10K_000267,sequence_confirmed,1017,1,BbsI,1,sequence_confirmed,N/A,sequence_confirmed,N/A,['N/A']
267,BBF10K_000268,sequence_confirmed,939,1,BbsI,1,sequence_confirmed,N/A,sequence_confirmed,N/A,['N/A']
268,BBF10K_000269,sequence_confirmed,1185,1,BbsI,1,sequence_confirmed,N/A,sequence_confirmed,N/A,['N/A']
269,BBF10K_000270,sequence_confirmed,2736,2,BbsI,1,sequence_confirmed,N/A,sequence_confirmed,N/A,['N/A']
270,BBF10K_000271,ordered,2964,2,BbsI,1,N/A,N/A,N/A,N/A,['N/A']
271,BBF10K_000272,sequence_confirmed,1245,1,BbsI,1,sequence_confirmed,N/A,sequence_confirmed,N/A,['N/A']
272,BBF10K_000273,sequence_confirmed,1062,1,BbsI,1,sequence_confirmed,N/A,sequence_confirmed,N/A,['N/A']
273,BBF10K_000274,sequence_confirmed,609,1,BbsI,1,sequence_confirmed,N/A,sequence_confirmed,N/A,['N/A']
274,BBF10K_000275,sequence_confirmed,840,1,BbsI,1,sequence_confirmed,N/A,sequence_confirmed,N/A,['sequence_confirmed']
275,BBF10K_000276,cloning_mutation,852,1,BbsI,1,cloning_mutation,N/A,mutation_1.0-0.0,N/A,['N/A']
276,BBF10K_000277,sequence_confirmed,465,1,BbsI,1,sequence_confirmed,N/A,sequence_confirmed,N/A,['N/A']
277,BBF10K_000278,cloning_error,477,1,BbsI,1,cloning_failure,cloning_failure,cloning_failure,cloning_error,['N/A']
278,BBF10K_000279,cloning_mutation,2415,2,BbsI,1,cloning_mutation,N/A,mutation_1.0-0.0,N/A,['N/A']
279,BBF10K_000280,ordered,2790,2,BbsI,1,N/A,N/A,N/A,N/A,['N/A']
280,BBF10K_000281,sequence_confirmed,399,1,BbsI,1,sequence_confirmed,N/A,sequence_confirmed,N/A,['N/A']
281,BBF10K_000282,cloning_failure,456,1,BbsI,1,cloning_failure,cloning_failure,cloning_failure,cloning_failure,['N/A']
282,BBF10K_000283,cloning_failure,4146,3,BbsI,1,cloning_failure,N/A,cloning_failure,N/A,['N/A']
283,BBF10K_000284,sequence_confirmed,756,1,BbsI,1,sequence_confirmed,N/A,sequence_confirmed,N/A,['N/A']
284,BBF10K_000285,sequence_confirmed,1011,1,BbsI,1,cloning_mutation,sequence_confirmed,mutation_0.0-1.0,sequence_confirmed,['N/A']
285,BBF10K_000286,sequence_confirmed,912,1,BbsI,1,sequence_confirmed,N/A,sequence_confirmed,N/A,['N/A']
286,BBF10K_000287,sequence_confirmed,1227,1,BbsI,1,sequence_confirmed,N/A,sequence_confirmed,N/A,['N/A']
287,BBF10K_000288,cloning_failure,360,1,BbsI,1,cloning_failure,cloning_failure,cloning_failure,cloning_failure,['N/A']
288,BBF10K_000289,sequence_confirmed,954,1,BbsI,1,sequence_confirmed,N/A,sequence_confirmed,N/A,['N/A']
289,BBF10K_000290,sequence_confirmed,390,1,BbsI,1,sequence_confirmed,N/A,sequence_confirmed,N/A,['N/A']
290,BBF10K_000291,sequence_confirmed,366,1,BbsI,1,sequence_confirmed,N/A,sequence_confirmed,N/A,['N/A']
291,BBF10K_000292,sequence_confirmed,756,1,BbsI,1,sequence_confirmed,N/A,sequence_confirmed,N/A,['N/A']
292,BBF10K_000293,sequence_confirmed,642,1,BbsI,1,sequence_confirmed,N/A,sequence_confirmed,N/A,['N/A']
293,BBF10K_000294,sequence_confirmed,1449,1,BbsI,1,sequence_confirmed,sequence_failure,sequence_confirmed,bad_reads,['N/A']
294,BBF10K_000295,cloning_failure,438,1,BbsI,1,cloning_failure,cloning_failure,cloning_failure,cloning_failure,['N/A']
295,BBF10K_000296,sequence_confirmed,765,1,BbsI,1,sequence_confirmed,N/A,sequence_confirmed,N/A,['N/A']
296,BBF10K_000297,sequence_confirmed,351,1,BbsI,1,sequence_confirmed,N/A,sequence_confirmed,N/A,['N/A']
297,BBF10K_000298,sequence_confirmed,543,1,BbsI,1,sequence_confirmed,N/A,sequence_confirmed,N/A,['N/A']
298,BBF10K_000299,sequence_confirmed,390,1,BbsI,1,sequence_confirmed,N/A,sequence_confirmed,N/A,['N/A']
299,BBF10K_000300,sequence_confirmed,543,1,BbsI,1,sequence_confirmed,N/A,sequence_confirmed,N/A,['N/A']
300,BBF10K_000301,sequence_confirmed,327,1,BbsI,1,sequence_confirmed,N/A,sequence_confirmed,N/A,['N/A']
301,BBF10K_000302,sequence_confirmed,369,1,BbsI,1,sequence_confirmed,N/A,sequence_confirmed,N/A,['N/A']
302,BBF10K_000303,cloning_failure,417,1,BbsI,1,cloning_failure,cloning_failure,cloning_failure,cloning_failure,['N/A']
303,BBF10K_000304,sequence_confirmed,414,1,BbsI,1,sequence_confirmed,N/A,sequence_confirmed,N/A,['N/A']
304,BBF10K_000305,sequence_confirmed,702,1,BbsI,1,sequence_confirmed,N/A,sequence_confirmed,N/A,['N/A']
305,BBF10K_000306,sequence_confirmed,336,1,BbsI,1,sequence_confirmed,N/A,sequence_confirmed,N/A,['N/A']
306,BBF10K_000307,sequence_confirmed,849,1,BbsI,1,sequence_confirmed,N/A,sequence_confirmed,N/A,['N/A']
307,BBF10K_000308,sequence_confirmed,627,1,BbsI,1,sequence_confirmed,N/A,sequence_confirmed,N/A,['N/A']
308,BBF10K_000309,sequence_confirmed,672,1,BbsI,1,sequence_confirmed,N/A,sequence_confirmed,N/A,['N/A']
309,BBF10K_000310,sequence_confirmed,309,1,BbsI,1,sequence_confirmed,N/A,sequence_confirmed,N/A,['N/A']
310,BBF10K_000311,sequence_confirmed,867,1,BbsI,1,sequence_confirmed,N/A,sequence_confirmed,N/A,['N/A']
311,BBF10K_000312,sequence_confirmed,1602,1,BbsI,1,sequence_confirmed,N/A,sequence_confirmed,N/A,['N/A']
312,BBF10K_000313,sequence_failure,729,1,BbsI,1,sequence_failure,cloning_failure,bad_reads,cloning_failure,['N/A']
313,BBF10K_000314,sequence_confirmed,1440,1,BbsI,1,sequence_confirmed,N/A,sequence_confirmed,N/A,['N/A']
314,BBF10K_000315,cloning_mutation,1458,1,BbsI,1,cloning_mutation,N/A,mutation_1.0-0.0,N/A,['N/A']
315,BBF10K_000316,sequence_confirmed,2007,2,BbsI,1,sequence_confirmed,N/A,sequence_confirmed,N/A,['N/A']
316,BBF10K_000317,sequence_confirmed,2022,2,BbsI,1,cloning_failure,sequence_confirmed,cloning_failure,sequence_confirmed,['N/A']
317,BBF10K_000318,sequence_confirmed,909,1,BbsI,1,sequence_confirmed,N/A,sequence_confirmed,N/A,['N/A']
318,BBF10K_000319,sequence_failure,969,1,BbsI,1,sequence_failure,N/A,bad_reads,N/A,['N/A']
319,BBF10K_000320,cloning_failure,2169,2,BbsI,1,cloning_failure,cloning_failure,cloning_failure,cloning_failure,['N/A']
320,BBF10K_000321,sequence_confirmed,756,1,BbsI,1,sequence_confirmed,N/A,sequence_confirmed,N/A,['sequence_confirmed']
321,BBF10K_000322,sequence_confirmed,957,1,BbsI,1,sequence_confirmed,N/A,sequence_confirmed,N/A,['N/A']
322,BBF10K_000323,ordered,1749,1,BbsI,1,N/A,N/A,N/A,N/A,['N/A']
323,BBF10K_000324,sequence_confirmed,750,1,BbsI,1,sequence_confirmed,N/A,sequence_confirmed,N/A,['N/A']
324,BBF10K_000325,sequence_confirmed,1464,1,BbsI,1,sequence_confirmed,N/A,sequence_confirmed,N/A,['N/A']
325,BBF10K_000326,sequence_confirmed,864,1,BbsI,1,sequence_confirmed,N/A,sequence_confirmed,N/A,['N/A']
326,BBF10K_000327,sequence_confirmed,735,1,BbsI,1,sequence_confirmed,N/A,sequence_confirmed,N/A,['N/A']
327,BBF10K_000328,sequence_confirmed,747,1,BbsI,1,sequence_confirmed,N/A,sequence_confirmed,N/A,['N/A']
328,BBF10K_000329,sequence_confirmed,837,1,BbsI,1,sequence_confirmed,N/A,sequence_confirmed,N/A,['N/A']
329,BBF10K_000330,sequence_confirmed,1596,1,BbsI,1,sequence_confirmed,N/A,sequence_confirmed,N/A,['N/A']
330,BBF10K_000331,sequence_confirmed,600,1,BbsI,1,sequence_confirmed,N/A,sequence_confirmed,N/A,['N/A']
331,BBF10K_000332,sequence_confirmed,669,1,BbsI,1,sequence_confirmed,N/A,sequence_confirmed,N/A,['N/A']
332,BBF10K_000333,sequence_confirmed,1677,1,BbsI,1,sequence_confirmed,N/A,sequence_confirmed,N/A,['N/A']
333,BBF10K_000334,sequence_confirmed,654,1,BbsI,1,sequence_confirmed,N/A,sequence_confirmed,N/A,['N/A']
334,BBF10K_000335,sequence_failure,2163,2,BbsI,1,sequence_failure,N/A,bad_reverse,N/A,['N/A']
335,BBF10K_000336,sequence_confirmed,474,1,BbsI,1,sequence_confirmed,N/A,sequence_confirmed,N/A,['N/A']
336,BBF10K_000337,sequence_confirmed,1020,1,BbsI,1,sequence_confirmed,N/A,sequence_confirmed,N/A,['N/A']
337,BBF10K_000338,sequence_failure,2115,2,BbsI,1,sequence_failure,N/A,bad_forward,N/A,['N/A']
338,BBF10K_000339,sequence_confirmed,447,1,BbsI,1,sequence_confirmed,N/A,sequence_confirmed,N/A,['N/A']
339,BBF10K_000340,cloning_failure,486,1,BbsI,1,cloning_failure,cloning_failure,cloning_failure,cloning_failure,['N/A']
340,BBF10K_000341,ordered,2238,2,BbsI,1,N/A,N/A,N/A,N/A,['N/A']
341,BBF10K_000342,cloning_mutation,2829,2,BbsI,1,cloning_mutation,N/A,mutation_1.0-0.0,N/A,['N/A']
342,BBF10K_000343,sequence_confirmed,300,1,BbsI,1,sequence_confirmed,N/A,sequence_confirmed,N/A,['N/A']
343,BBF10K_000344,ordered,1428,1,BbsI,1,N/A,N/A,N/A,N/A,['N/A']
344,BBF10K_000345,sequence_confirmed,843,1,BbsI,1,sequence_confirmed,N/A,sequence_confirmed,N/A,['N/A']
345,BBF10K_000346,sequence_confirmed,1578,1,BbsI,1,sequence_confirmed,N/A,sequence_confirmed,N/A,['N/A']
346,BBF10K_000347,sequence_confirmed,546,1,BbsI,1,sequence_confirmed,N/A,sequence_confirmed,N/A,['N/A']
347,BBF10K_000348,cloning_failure,546,1,BbsI,1,cloning_failure,cloning_failure,cloning_failure,cloning_failure,['N/A']
348,BBF10K_000349,sequence_confirmed,306,1,BbsI,1,sequence_confirmed,N/A,sequence_confirmed,N/A,['N/A']
349,BBF10K_000350,sequence_confirmed,864,1,BbsI,1,sequence_confirmed,N/A,sequence_confirmed,N/A,['N/A']
350,BBF10K_000351,sequence_confirmed,624,1,BbsI,1,sequence_confirmed,N/A,sequence_confirmed,N/A,['N/A']
351,BBF10K_000352,sequence_confirmed,1242,1,BbsI,1,sequence_confirmed,N/A,sequence_confirmed,N/A,['N/A']
352,BBF10K_000353,sequence_failure,444,1,BbsI,1,sequence_failure,N/A,bad_reads,N/A,['N/A']
353,BBF10K_000354,cloning_mutation,3768,3,BbsI,1,cloning_mutation,N/A,mutation_3.0-0.0,N/A,['N/A']
354,BBF10K_000355,ordered,3876,3,BbsI,1,N/A,N/A,N/A,N/A,['N/A']
355,BBF10K_000356,sequence_confirmed,1176,1,BbsI,1,sequence_confirmed,N/A,sequence_confirmed,N/A,['N/A']
356,BBF10K_000357,sequence_confirmed,369,1,BbsI,1,sequence_confirmed,N/A,sequence_confirmed,N/A,"['sequence_confirmed', 'sequence_confirmed', 'sequence_confirmed']"
357,BBF10K_000358,cloning_failure,498,1,BbsI,1,cloning_failure,cloning_failure,cloning_failure,cloning_failure,['N/A']
358,BBF10K_000359,sequence_confirmed,681,1,BbsI,1,sequence_confirmed,N/A,sequence_confirmed,N/A,['N/A']
359,BBF10K_000360,sequence_confirmed,429,1,BbsI,1,cloning_mutation,sequence_confirmed,mutation_1.0-0.0,sequence_confirmed,['N/A']
360,BBF10K_000361,sequence_confirmed,999,1,BbsI,1,sequence_confirmed,N/A,sequence_confirmed,N/A,['N/A']
361,BBF10K_000362,sequence_confirmed,1188,1,BbsI,1,sequence_confirmed,N/A,sequence_confirmed,N/A,['N/A']
362,BBF10K_000363,sequence_confirmed,930,1,BbsI,1,sequence_confirmed,N/A,sequence_confirmed,N/A,['N/A']
363,BBF10K_000364,cloning_mutation,1431,1,BbsI,1,cloning_mutation,N/A,mutation_0.0-1.0,N/A,['N/A']
364,BBF10K_000365,sequence_failure,933,1,BbsI,1,sequence_failure,N/A,bad_reads,N/A,['N/A']
365,BBF10K_000366,ordered,1581,1,BbsI,1,N/A,N/A,N/A,N/A,['N/A']
366,BBF10K_000367,cloning_mutation,942,1,BbsI,1,cloning_mutation,N/A,mutation_0.0-1.0,N/A,['N/A']
367,BBF10K_000368,sequence_confirmed,675,1,BbsI,1,sequence_confirmed,N/A,sequence_confirmed,N/A,['N/A']
368,BBF10K_000369,cloning_failure,1116,1,BbsI,1,cloning_failure,cloning_failure,cloning_failure,cloning_failure,['N/A']
369,BBF10K_000370,sequence_confirmed,2841,2,BbsI,1,sequence_confirmed,N/A,sequence_confirmed,N/A,['N/A']
370,BBF10K_000371,sequence_confirmed,1998,2,BbsI,1,sequence_confirmed,N/A,sequence_confirmed,N/A,['N/A']
371,BBF10K_000372,sequence_confirmed,951,1,BbsI,1,sequence_confirmed,N/A,sequence_confirmed,N/A,['N/A']
372,BBF10K_000373,cloning_mutation,1467,1,BbsI,1,cloning_mutation,N/A,mutation_1.0-0.0,N/A,['N/A']
373,BBF10K_000374,sequence_confirmed,1035,1,BbsI,1,sequence_confirmed,N/A,sequence_confirmed,N/A,['N/A']
374,BBF10K_000375,sequence_confirmed,561,1,BbsI,1,sequence_confirmed,N/A,sequence_confirmed,N/A,['N/A']
375,BBF10K_000376,sequence_confirmed,444,1,BbsI,1,sequence_confirmed,N/A,sequence_confirmed,N/A,['N/A']
376,BBF10K_000377,cloning_failure,1317,1,BbsI,1,cloning_failure,cloning_failure,cloning_failure,cloning_failure,['N/A']
377,BBF10K_000378,sequence_confirmed,1308,1,BbsI,1,sequence_confirmed,N/A,sequence_confirmed,N/A,['N/A']
378,BBF10K_000379,sequence_confirmed,927,1,BbsI,1,sequence_confirmed,N/A,sequence_confirmed,N/A,['N/A']
379,BBF10K_000380,sequence_confirmed,1326,1,BbsI,1,sequence_confirmed,N/A,sequence_confirmed,N/A,['N/A']
380,BBF10K_000381,sequence_confirmed,735,1,BbsI,1,sequence_confirmed,N/A,sequence_confirmed,N/A,['N/A']
381,BBF10K_000382,cloning_failure,324,1,BbsI,1,cloning_failure,cloning_failure,cloning_failure,cloning_failure,['N/A']
382,BBF10K_000383,sequence_confirmed,642,1,BbsI,1,sequence_confirmed,N/A,sequence_confirmed,N/A,['N/A']
383,BBF10K_000384,sequence_confirmed,720,1,BbsI,1,sequence_confirmed,N/A,sequence_confirmed,N/A,['N/A']
384,BBF10K_000385,sequence_confirmed,1962,2,BbsI,1,sequence_confirmed,N/A,sequence_confirmed,N/A,['N/A']
385,BBF10K_000386,sequence_confirmed,1767,1,BbsI,1,sequence_confirmed,N/A,sequence_confirmed,N/A,['N/A']
386,BBF10K_000387,cloning_mutation,1095,1,BbsI,1,cloning_mutation,N/A,mutation_0.0-1.0,N/A,['N/A']
387,BBF10K_000388,sequence_confirmed,696,1,BbsI,1,sequence_confirmed,N/A,sequence_confirmed,N/A,['N/A']
388,BBF10K_000389,sequence_confirmed,597,1,BbsI,1,sequence_confirmed,N/A,sequence_confirmed,N/A,['N/A']
389,BBF10K_000390,sequence_confirmed,1581,1,BbsI,1,sequence_confirmed,N/A,sequence_confirmed,N/A,['N/A']
390,BBF10K_000391,sequence_confirmed,681,1,BbsI,1,sequence_confirmed,N/A,sequence_confirmed,N/A,['N/A']
391,BBF10K_000392,sequence_confirmed,1494,1,BbsI,1,sequence_confirmed,N/A,sequence_confirmed,N/A,['N/A']
392,BBF10K_000393,sequence_confirmed,2658,2,BbsI,1,sequence_confirmed,N/A,sequence_confirmed,N/A,['N/A']
393,BBF10K_000394,sequence_confirmed,1428,1,BbsI,1,sequence_confirmed,N/A,sequence_confirmed,N/A,['N/A']
394,BBF10K_000395,sequence_failure,1890,2,BbsI,1,sequence_failure,N/A,bad_reverse,N/A,['N/A']
395,BBF10K_000396,sequence_confirmed,1578,1,BbsI,1,sequence_confirmed,N/A,sequence_confirmed,N/A,['N/A']
396,BBF10K_000397,sequence_confirmed,1344,1,BbsI,1,sequence_confirmed,N/A,sequence_confirmed,N/A,['N/A']
397,BBF10K_000398,sequence_confirmed,717,1,BbsI,1,cloning_failure,sequence_confirmed,cloning_failure,sequence_confirmed,['N/A']
398,BBF10K_000399,sequence_confirmed,795,1,BbsI,1,sequence_confirmed,N/A,sequence_confirmed,N/A,['N/A']
399,BBF10K_000400,sequence_confirmed,1191,1,BbsI,1,sequence_confirmed,N/A,sequence_confirmed,N/A,['N/A']
400,BBF10K_000401,cloning_failure,330,1,BbsI,1,cloning_failure,cloning_failure,cloning_failure,cloning_failure,['N/A']
401,BBF10K_000402,cloning_mutation,114,1,BbsI,1,sequence_failure,N/A,bad_reverse,N/A,['cloning_mutation']
402,BBF10K_000403,cloning_error,297,1,BtgZI,1,cloning_failure,cloning_failure,cloning_error,cloning_error,['N/A']
403,BBF10K_000404,sequence_confirmed,135,1,BbsI,1,sequence_confirmed,N/A,sequence_confirmed,N/A,['sequence_confirmed']
404,BBF10K_000405,cloning_error,291,1,BtgZI,1,cloning_failure,N/A,cloning_error,N/A,['N/A']
405,BBF10K_000406,sequence_confirmed,141,1,BbsI,1,sequence_confirmed,N/A,sequence_confirmed,N/A,['sequence_confirmed']
406,BBF10K_000407,sequence_confirmed,285,1,BtgZI,1,cloning_failure,sequence_confirmed,cloning_error,sequence_confirmed,['N/A']
407,BBF10K_000408,sequence_confirmed,153,1,BbsI,1,sequence_confirmed,N/A,sequence_confirmed,N/A,['sequence_confirmed']
408,BBF10K_000409,cloning_error,285,1,BtgZI,1,cloning_failure,N/A,cloning_error,N/A,['N/A']
409,BBF10K_000410,sequence_confirmed,165,1,BbsI,1,sequence_failure,sequence_confirmed,bad_reverse,sequence_confirmed,['sequence_confirmed']
410,BBF10K_000411,cloning_error,282,1,BtgZI,1,cloning_failure,N/A,cloning_error,N/A,['N/A']
411,BBF10K_000412,sequence_confirmed,180,1,BbsI,1,sequence_confirmed,N/A,sequence_confirmed,N/A,"['sequence_confirmed', 'sequence_confirmed']"
412,BBF10K_000413,cloning_error,282,1,BtgZI,1,cloning_failure,cloning_failure,cloning_error,cloning_error,['N/A']
413,BBF10K_000414,cloning_mutation,183,1,BbsI,1,sequence_failure,cloning_mutation,bad_reverse,mutation_7.0-2.0,['N/A']
414,BBF10K_000415,sequence_failure,279,1,BtgZI,1,sequence_failure,N/A,bad_reverse,N/A,['N/A']
415,BBF10K_000416,sequence_confirmed,186,1,BbsI,1,sequence_confirmed,N/A,sequence_confirmed,N/A,"['sequence_confirmed', 'sequence_confirmed']"
416,BBF10K_000417,cloning_error,279,1,BtgZI,1,cloning_failure,cloning_failure,cloning_error,cloning_error,['N/A']
417,BBF10K_000418,sequence_confirmed,192,1,BbsI,1,sequence_confirmed,N/A,sequence_confirmed,N/A,"['sequence_confirmed', 'sequence_confirmed']"
418,BBF10K_000419,cloning_error,279,1,BtgZI,1,cloning_failure,cloning_failure,cloning_error,cloning_error,['N/A']
419,BBF10K_000420,sequence_confirmed,198,1,BbsI,1,sequence_confirmed,N/A,sequence_confirmed,N/A,"['sequence_confirmed', 'sequence_confirmed']"
420,BBF10K_000421,cloning_error,273,1,BtgZI,1,cloning_failure,cloning_failure,cloning_error,cloning_error,['N/A']
421,BBF10K_000422,sequence_confirmed,201,1,BbsI,1,sequence_confirmed,N/A,sequence_confirmed,N/A,['sequence_confirmed']
422,BBF10K_000423,cloning_error,270,1,BtgZI,1,cloning_failure,N/A,cloning_error,N/A,['N/A']
423,BBF10K_000424,sequence_confirmed,216,1,BbsI,1,cloning_mutation,N/A,mutation_1.0-1.0,N/A,"['sequence_confirmed', 'sequence_confirmed']"
424,BBF10K_000425,cloning_error,267,1,BtgZI,1,cloning_failure,cloning_failure,cloning_error,cloning_error,['N/A']
425,BBF10K_000426,sequence_confirmed,222,1,BbsI,1,sequence_confirmed,N/A,sequence_confirmed,N/A,['sequence_confirmed']
426,BBF10K_000427,cloning_error,267,1,BtgZI,1,cloning_failure,N/A,cloning_error,N/A,['N/A']
427,BBF10K_000428,sequence_confirmed,222,1,BbsI,1,sequence_confirmed,N/A,sequence_confirmed,N/A,['sequence_confirmed']
428,BBF10K_000429,cloning_error,264,1,BtgZI,1,cloning_failure,N/A,cloning_error,N/A,['N/A']
429,BBF10K_000430,sequence_confirmed,225,1,BbsI,1,sequence_confirmed,N/A,sequence_confirmed,N/A,['N/A']
430,BBF10K_000431,sequence_failure,261,1,BtgZI,1,sequence_failure,N/A,bad_reverse,N/A,['N/A']
431,BBF10K_000432,sequence_confirmed,228,1,BbsI,1,sequence_confirmed,N/A,sequence_confirmed,N/A,"['sequence_confirmed', 'sequence_confirmed']"
432,BBF10K_000433,cloning_error,258,1,BtgZI,1,cloning_failure,cloning_failure,cloning_error,cloning_error,['N/A']
433,BBF10K_000434,sequence_confirmed,231,1,BbsI,1,sequence_confirmed,N/A,sequence_confirmed,N/A,['sequence_confirmed']
434,BBF10K_000435,cloning_error,252,1,BtgZI,1,cloning_failure,N/A,cloning_error,N/A,['N/A']
435,BBF10K_000436,sequence_confirmed,237,1,BbsI,1,sequence_confirmed,N/A,sequence_confirmed,N/A,['sequence_confirmed']
436,BBF10K_000437,cloning_error,246,1,BtgZI,1,cloning_failure,N/A,cloning_error,N/A,['N/A']
437,BBF10K_000438,ordered,246,1,BbsI,1,N/A,N/A,N/A,N/A,['N/A']
438,BBF10K_000439,sequence_confirmed,1128,1,BbsI,2,cloning_mutation,sequence_confirmed,mutation_1.0-0.0,sequence_confirmed,['N/A']
439,BBF10K_000440,sequence_confirmed,1767,1,BbsI,2,sequence_confirmed,N/A,sequence_confirmed,N/A,['N/A']
440,BBF10K_000441,ordered,1347,1,BbsI,2,N/A,N/A,N/A,N/A,['N/A']
441,BBF10K_000442,sequence_confirmed,681,1,BbsI,2,sequence_confirmed,N/A,sequence_confirmed,N/A,['N/A']
442,BBF10K_000443,sequence_confirmed,1380,1,BbsI,2,sequence_confirmed,N/A,sequence_confirmed,N/A,['N/A']
443,BBF10K_000444,sequence_confirmed,1080,1,BbsI,2,sequence_confirmed,N/A,sequence_confirmed,N/A,['N/A']
444,BBF10K_000445,sequence_confirmed,876,1,BbsI,2,sequence_confirmed,N/A,sequence_confirmed,N/A,['N/A']
445,BBF10K_000446,sequence_confirmed,1464,1,BbsI,2,cloning_mutation,sequence_confirmed,mutation_1.0-0.0,sequence_confirmed,['N/A']
446,BBF10K_000447,ordered,1551,1,BbsI,2,N/A,N/A,N/A,N/A,['N/A']
447,BBF10K_000448,ordered,1728,1,BbsI,2,N/A,N/A,N/A,N/A,['N/A']
448,BBF10K_000449,sequence_confirmed,708,1,BbsI,2,sequence_confirmed,N/A,sequence_confirmed,N/A,['N/A']
449,BBF10K_000450,ordered,3939,3,BbsI,2,N/A,N/A,N/A,N/A,['N/A']
450,BBF10K_000451,sequence_confirmed,2328,2,BbsI,2,sequence_confirmed,N/A,sequence_confirmed,N/A,['N/A']
451,BBF10K_000452,ordered,2652,2,BbsI,2,N/A,N/A,N/A,N/A,['N/A']
452,BBF10K_000453,sequence_failure,2031,2,BbsI,2,sequence_failure,sequence_failure,bad_reverse,bad_reverse,['N/A']
453,BBF10K_000454,ordered,2499,2,BbsI,2,N/A,N/A,N/A,N/A,['N/A']
454,BBF10K_000455,cloning_mutation,2445,2,BbsI,5,cloning_mutation,N/A,mutation_0.0-1.0,N/A,['N/A']
455,BBF10K_000456,ordered,1773,1,BbsI,5,N/A,N/A,N/A,N/A,['N/A']
456,BBF10K_000457,sequence_failure,1032,1,BbsI,5,sequence_failure,N/A,bad_reads,N/A,['N/A']
457,BBF10K_000458,sequence_confirmed,1272,1,BbsI,5,sequence_confirmed,N/A,sequence_confirmed,N/A,['N/A']
458,BBF10K_000459,cloning_mutation,2289,2,BbsI,5,cloning_mutation,N/A,mutation_1.0-0.0,N/A,['N/A']
459,BBF10K_000460,cloning_mutation,930,1,BbsI,4,cloning_mutation,N/A,mutation_2.0-0.0,N/A,['N/A']
460,BBF10K_000461,sequence_confirmed,1479,1,BbsI,4,sequence_confirmed,N/A,sequence_confirmed,N/A,['N/A']
461,BBF10K_000462,sequence_confirmed,1479,1,BbsI,4,sequence_confirmed,N/A,sequence_confirmed,N/A,['N/A']
462,BBF10K_000463,sequence_failure,750,1,BbsI,4,sequence_failure,N/A,bad_reads,N/A,['N/A']
463,BBF10K_000464,sequence_confirmed,750,1,BbsI,4,sequence_confirmed,N/A,sequence_confirmed,N/A,['N/A']
464,BBF10K_000465,sequence_confirmed,900,1,BbsI,4,sequence_confirmed,N/A,sequence_confirmed,N/A,['N/A']
465,BBF10K_000466,sequence_confirmed,900,1,BbsI,4,sequence_confirmed,N/A,sequence_confirmed,N/A,['N/A']
466,BBF10K_000467,cloning_mutation,711,1,BbsI,4,cloning_mutation,N/A,mutation_1.0-0.0,N/A,['N/A']
467,BBF10K_000468,sequence_confirmed,3075,2,BbsI,4,sequence_confirmed,N/A,sequence_confirmed,N/A,['N/A']
468,BBF10K_000469,sequence_confirmed,2310,2,BbsI,4,sequence_confirmed,N/A,sequence_confirmed,N/A,['N/A']
469,BBF10K_000470,sequence_confirmed,2184,2,BbsI,4,sequence_confirmed,N/A,sequence_confirmed,N/A,['N/A']
470,BBF10K_000471,sequence_confirmed,3081,2,BbsI,4,sequence_confirmed,N/A,sequence_confirmed,N/A,['N/A']
471,BBF10K_000472,sequence_confirmed,2091,2,BbsI,4,sequence_confirmed,N/A,sequence_confirmed,N/A,['N/A']
472,BBF10K_000473,cloning_mutation,2280,2,BbsI,4,cloning_mutation,sequence_failure,mutation_1.0-0.0,bad_reverse,['N/A']
473,BBF10K_000474,sequence_confirmed,2010,2,BbsI,4,sequence_confirmed,N/A,sequence_confirmed,N/A,['N/A']
474,BBF10K_000475,sequence_confirmed,2358,2,BbsI,4,cloning_mutation,sequence_confirmed,mutation_0.0-2.0,sequence_confirmed,['N/A']
475,BBF10K_000476,cloning_error,2259,2,BbsI,4,cloning_failure,N/A,cloning_error,N/A,['N/A']
476,BBF10K_000477,cloning_mutation,1986,2,BbsI,4,cloning_mutation,sequence_failure,mutation_0.0-1.0,bad_reads,['N/A']
477,BBF10K_000478,sequence_confirmed,2838,2,BbsI,4,sequence_confirmed,sequence_confirmed,sequence_confirmed,sequence_confirmed,['N/A']
478,BBF10K_000479,sequence_confirmed,2178,2,BbsI,4,sequence_confirmed,N/A,sequence_confirmed,N/A,['N/A']
479,BBF10K_000480,sequence_confirmed,2922,2,BbsI,4,sequence_confirmed,N/A,sequence_confirmed,N/A,['N/A']
480,BBF10K_000481,cloning_mutation,2175,2,BbsI,4,cloning_mutation,sequence_failure,mutation_1.0-0.0,bad_reverse,['cloning_mutation']
481,BBF10K_000482,sequence_confirmed,3195,2,BbsI,4,sequence_confirmed,N/A,sequence_confirmed,N/A,['N/A']
482,BBF10K_000483,sequence_confirmed,2358,2,BbsI,4,sequence_confirmed,N/A,sequence_confirmed,N/A,['N/A']
483,BBF10K_000484,cloning_mutation,1941,2,BbsI,4,cloning_mutation,sequence_failure,mutation_0.0-1.0,bad_reads,['N/A']
484,BBF10K_000485,sequence_failure,2286,2,BbsI,4,sequence_failure,sequence_failure,bad_reads,bad_reads,['N/A']
485,BBF10K_000486,sequence_confirmed,2451,2,BbsI,4,sequence_confirmed,N/A,sequence_confirmed,N/A,['N/A']
486,BBF10K_000487,sequence_confirmed,2310,2,BbsI,4,sequence_confirmed,N/A,sequence_confirmed,N/A,['N/A']
487,BBF10K_000488,sequence_confirmed,2196,2,BbsI,4,sequence_confirmed,N/A,sequence_confirmed,N/A,['N/A']
488,BBF10K_000489,sequence_confirmed,2571,2,BbsI,4,sequence_confirmed,N/A,sequence_confirmed,N/A,['N/A']
489,BBF10K_000490,sequence_confirmed,2376,2,BbsI,4,sequence_confirmed,sequence_confirmed,sequence_confirmed,sequence_confirmed,['N/A']
490,BBF10K_000491,sequence_confirmed,2493,2,BbsI,4,sequence_confirmed,N/A,sequence_confirmed,N/A,['N/A']
491,BBF10K_000492,sequence_confirmed,3111,2,BbsI,4,sequence_confirmed,N/A,sequence_confirmed,N/A,['N/A']
492,BBF10K_000493,sequence_confirmed,2316,2,BbsI,4,sequence_confirmed,sequence_confirmed,sequence_confirmed,sequence_confirmed,['N/A']
493,BBF10K_000494,sequence_confirmed,2970,2,BbsI,4,sequence_confirmed,N/A,sequence_confirmed,N/A,['N/A']
494,BBF10K_000495,sequence_confirmed,2259,2,BbsI,4,sequence_confirmed,N/A,sequence_confirmed,N/A,['N/A']
495,BBF10K_000496,sequence_confirmed,3120,2,BbsI,4,sequence_confirmed,N/A,sequence_confirmed,N/A,['N/A']
496,BBF10K_000497,sequence_confirmed,2367,2,BbsI,4,cloning_failure,sequence_confirmed,cloning_failure,sequence_confirmed,['N/A']
497,BBF10K_000498,sequence_confirmed,2121,2,BbsI,4,sequence_confirmed,N/A,sequence_confirmed,N/A,['N/A']
498,BBF10K_000499,sequence_confirmed,2118,2,BbsI,4,sequence_confirmed,sequence_confirmed,sequence_confirmed,sequence_confirmed,['N/A']
499,BBF10K_000500,sequence_confirmed,2124,2,BbsI,4,sequence_confirmed,N/A,sequence_confirmed,N/A,['N/A']
500,BBF10K_000501,cloning_failure,2310,2,BbsI,4,cloning_failure,N/A,cloning_failure,N/A,['N/A']
501,BBF10K_000502,sequence_confirmed,2352,2,BbsI,4,cloning_failure,N/A,cloning_error,N/A,['sequence_confirmed']
502,BBF10K_000503,cloning_mutation,3198,2,BbsI,4,cloning_failure,sequence_failure,cloning_error,bad_reads,['cloning_mutation']
503,BBF10K_000504,cloning_mutation,3096,2,BbsI,4,cloning_failure,sequence_failure,cloning_error,bad_reverse,['cloning_mutation']
504,BBF10K_000505,sequence_confirmed,2301,2,BbsI,4,cloning_failure,N/A,cloning_error,N/A,['sequence_confirmed']
505,BBF10K_000506,sequence_confirmed,2244,2,BbsI,4,cloning_failure,N/A,cloning_error,N/A,['sequence_confirmed']
506,BBF10K_000507,cloning_error,2184,2,BbsI,4,cloning_failure,N/A,cloning_error,N/A,['N/A']
507,BBF10K_000508,sequence_confirmed,2613,2,BbsI,4,cloning_failure,N/A,cloning_error,N/A,['sequence_confirmed']
508,BBF10K_000509,cloning_mutation,2304,2,BbsI,4,cloning_failure,cloning_failure,cloning_error,cloning_error,['cloning_mutation']
509,BBF10K_000510,ordered,2211,2,BbsI,4,N/A,N/A,N/A,N/A,['N/A']
510,BBF10K_000511,cloning_failure,2166,2,BbsI,4,cloning_failure,N/A,cloning_failure,N/A,['N/A']
511,BBF10K_000512,ordered,2199,2,BbsI,4,N/A,N/A,N/A,N/A,['N/A']
512,BBF10K_000513,sequence_confirmed,2316,2,BbsI,4,cloning_failure,N/A,cloning_error,N/A,"['sequence_confirmed', 'sequence_confirmed']"
513,BBF10K_000514,cloning_error,2535,2,BbsI,4,cloning_failure,N/A,cloning_error,N/A,['N/A']
514,BBF10K_000515,cloning_failure,1989,2,BbsI,4,cloning_failure,N/A,cloning_failure,N/A,['N/A']
515,BBF10K_000516,cloning_failure,3225,2,BbsI,4,cloning_failure,N/A,cloning_failure,N/A,['N/A']
516,BBF10K_000517,cloning_error,2094,2,BbsI,4,cloning_failure,N/A,cloning_error,N/A,['N/A']
517,BBF10K_000518,cloning_error,1914,2,BbsI,4,cloning_failure,N/A,cloning_error,N/A,['N/A']
518,BBF10K_000519,cloning_error,2343,2,BbsI,4,cloning_failure,N/A,cloning_error,N/A,['N/A']
519,BBF10K_000520,sequence_confirmed,2061,2,BbsI,4,sequence_failure,N/A,bad_reads,N/A,['sequence_confirmed']
520,BBF10K_000521,sequence_confirmed,2280,2,BbsI,4,cloning_failure,N/A,cloning_error,N/A,['sequence_confirmed']
521,BBF10K_000522,sequence_confirmed,2337,2,BbsI,4,cloning_failure,N/A,cloning_failure,N/A,['sequence_confirmed']
522,BBF10K_000523,sequence_confirmed,2370,2,BbsI,4,cloning_failure,N/A,cloning_error,N/A,['sequence_confirmed']
523,BBF10K_000524,sequence_confirmed,2358,2,BbsI,4,cloning_failure,N/A,cloning_error,N/A,"['sequence_confirmed', 'sequence_confirmed']"
524,BBF10K_000525,sequence_confirmed,2274,2,BbsI,4,cloning_failure,N/A,cloning_error,N/A,['sequence_confirmed']
525,BBF10K_000526,cloning_failure,2157,2,BbsI,4,cloning_failure,N/A,cloning_failure,N/A,['N/A']
526,BBF10K_000527,sequence_confirmed,2253,2,BbsI,4,cloning_failure,N/A,cloning_error,N/A,['sequence_confirmed']
527,BBF10K_000528,sequence_confirmed,2313,2,BbsI,4,cloning_failure,N/A,cloning_error,N/A,['sequence_confirmed']
528,BBF10K_000529,sequence_confirmed,2322,2,BbsI,4,cloning_failure,N/A,cloning_error,N/A,['sequence_confirmed']
529,BBF10K_000530,cloning_error,2430,2,BbsI,4,cloning_failure,N/A,cloning_error,N/A,['N/A']
530,BBF10K_000531,sequence_confirmed,2358,2,BbsI,4,cloning_failure,N/A,cloning_error,N/A,['sequence_confirmed']
531,BBF10K_000532,cloning_error,3207,2,BbsI,4,cloning_failure,N/A,cloning_error,N/A,['N/A']
532,BBF10K_000533,sequence_confirmed,2529,2,BbsI,4,cloning_failure,N/A,cloning_failure,N/A,['sequence_confirmed']
533,BBF10K_000534,sequence_confirmed,2337,2,BbsI,4,cloning_failure,N/A,cloning_error,N/A,['sequence_confirmed']
534,BBF10K_000535,sequence_confirmed,1779,1,BbsI,4,cloning_mutation,N/A,mutation_1.0-0.0,N/A,['sequence_confirmed']
535,BBF10K_000536,cloning_failure,2286,2,BbsI,4,cloning_failure,N/A,cloning_failure,N/A,['N/A']
536,BBF10K_000537,cloning_failure,2322,2,BbsI,4,cloning_failure,N/A,cloning_failure,N/A,['N/A']
537,BBF10K_000538,cloning_failure,2304,2,BbsI,4,cloning_failure,N/A,cloning_failure,N/A,['N/A']
538,BBF10K_000539,sequence_confirmed,1737,1,BbsI,4,sequence_confirmed,N/A,sequence_confirmed,N/A,['sequence_confirmed']
539,BBF10K_000540,sequence_confirmed,2298,2,BbsI,4,cloning_failure,N/A,cloning_error,N/A,['sequence_confirmed']
540,BBF10K_000541,cloning_failure,2091,2,BbsI,4,cloning_failure,N/A,cloning_failure,N/A,['N/A']
541,BBF10K_000542,sequence_failure,2199,2,BbsI,4,sequence_failure,sequence_failure,bad_reverse,bad_reads,['N/A']
542,BBF10K_000543,sequence_confirmed,2067,2,BbsI,4,cloning_failure,N/A,cloning_error,N/A,['sequence_confirmed']
543,BBF10K_000544,sequence_confirmed,1941,2,BbsI,4,cloning_failure,N/A,cloning_error,N/A,['sequence_confirmed']
544,BBF10K_000545,ordered,1392,1,BbsI,4,N/A,N/A,N/A,N/A,['N/A']
545,BBF10K_000546,cloning_failure,2619,2,BbsI,4,cloning_failure,N/A,cloning_failure,N/A,['N/A']
546,BBF10K_000547,sequence_confirmed,1902,2,BbsI,4,cloning_failure,N/A,cloning_error,N/A,['sequence_confirmed']
547,BBF10K_000548,sequence_confirmed,2367,2,BbsI,4,cloning_failure,N/A,cloning_error,N/A,['sequence_confirmed']
548,BBF10K_000549,sequence_confirmed,2253,2,BbsI,4,cloning_failure,N/A,cloning_error,N/A,['sequence_confirmed']
549,BBF10K_000550,sequence_confirmed,2304,2,BbsI,4,cloning_failure,N/A,cloning_error,N/A,['sequence_confirmed']
550,BBF10K_000551,sequence_confirmed,2586,2,BbsI,4,cloning_failure,N/A,cloning_error,N/A,['sequence_confirmed']
551,BBF10K_000552,cloning_failure,2577,2,BbsI,4,cloning_failure,N/A,cloning_failure,N/A,['N/A']
552,BBF10K_000553,cloning_failure,2592,2,BbsI,4,cloning_failure,N/A,cloning_failure,N/A,['N/A']
553,BBF10K_000554,sequence_confirmed,2187,2,BbsI,4,sequence_confirmed,N/A,sequence_confirmed,N/A,['N/A']
554,BBF10K_000555,sequence_confirmed,2676,2,BbsI,4,sequence_confirmed,N/A,sequence_confirmed,N/A,['N/A']
555,BBF10K_000556,cloning_mutation,3225,2,BbsI,4,cloning_mutation,cloning_failure,mutation_0.0-1.0,cloning_error,['N/A']
556,BBF10K_000557,sequence_confirmed,3216,2,BbsI,4,sequence_confirmed,N/A,sequence_confirmed,N/A,['N/A']
557,BBF10K_000558,sequence_confirmed,3192,2,BbsI,4,sequence_confirmed,N/A,sequence_confirmed,N/A,['N/A']
558,BBF10K_000559,sequence_confirmed,3078,2,BbsI,4,sequence_confirmed,N/A,sequence_confirmed,N/A,['sequence_confirmed']
559,BBF10K_000560,cloning_failure,2874,2,BbsI,4,cloning_failure,N/A,cloning_failure,N/A,['N/A']
560,BBF10K_000561,sequence_confirmed,585,1,BbsI,3,N/A,N/A,N/A,N/A,['sequence_confirmed']
561,BBF10K_000562,sequence_confirmed,807,1,BbsI,3,sequence_confirmed,N/A,sequence_confirmed,N/A,['N/A']
562,BBF10K_000563,cloning_mutation,4755,3,BbsI,3,cloning_mutation,cloning_failure,mutation_1.0-1.0,cloning_error,['N/A']
563,BBF10K_000564,sequence_confirmed,4188,3,BbsI,3,sequence_confirmed,N/A,sequence_confirmed,N/A,['N/A']
564,BBF10K_000565,sequence_confirmed,1035,1,BbsI,3,sequence_confirmed,N/A,sequence_confirmed,N/A,['N/A']
565,BBF10K_000566,ordered,894,1,BbsI,3,N/A,N/A,N/A,N/A,['N/A']
566,BBF10K_000567,sequence_confirmed,1284,1,BbsI,3,sequence_confirmed,N/A,sequence_confirmed,N/A,['N/A']
567,BBF10K_000568,sequence_confirmed,330,1,BbsI,3,sequence_confirmed,N/A,sequence_confirmed,N/A,['N/A']
568,BBF10K_000569,cloning_mutation,1008,1,BbsI,3,cloning_mutation,cloning_failure,mutation_3.0-0.0,cloning_error,['N/A']
569,BBF10K_000570,sequence_confirmed,375,1,BbsI,3,sequence_confirmed,N/A,sequence_confirmed,N/A,['N/A']
570,BBF10K_000571,sequence_confirmed,1023,1,BbsI,3,sequence_confirmed,N/A,sequence_confirmed,N/A,['N/A']
571,BBF10K_000572,sequence_confirmed,870,1,BbsI,3,sequence_confirmed,N/A,sequence_confirmed,N/A,['N/A']
572,BBF10K_000573,sequence_confirmed,723,1,BbsI,3,sequence_confirmed,N/A,sequence_confirmed,N/A,['N/A']
573,BBF10K_000574,sequence_confirmed,2118,2,BbsI,3,sequence_confirmed,N/A,sequence_confirmed,N/A,['N/A']
574,BBF10K_000575,sequence_confirmed,2067,2,BbsI,3,sequence_confirmed,N/A,sequence_confirmed,N/A,['N/A']
575,BBF10K_000576,sequence_failure,2259,2,BbsI,3,sequence_failure,N/A,bad_reverse,N/A,['N/A']
576,BBF10K_000577,sequence_confirmed,4992,3,BbsI,3,sequence_confirmed,N/A,sequence_confirmed,N/A,['N/A']
577,BBF10K_000578,sequence_confirmed,5235,3,BbsI,3,sequence_confirmed,N/A,sequence_confirmed,N/A,['N/A']
578,BBF10K_000579,sequence_failure,5031,3,BbsI,3,sequence_failure,N/A,bad_reverse,N/A,['N/A']
579,BBF10K_000580,cloning_mutation,2805,2,BbsI,3,cloning_mutation,N/A,mutation_0.0-1.0,N/A,['N/A']
580,BBF10K_000581,sequence_confirmed,2532,2,BbsI,3,sequence_confirmed,N/A,sequence_confirmed,N/A,['N/A']
581,BBF10K_000582,cloning_mutation,1680,1,BbsI,3,cloning_mutation,N/A,mutation_0.0-1.0,N/A,['N/A']
582,BBF10K_000583,sequence_confirmed,678,1,BbsI,3,cloning_failure,sequence_confirmed,cloning_error,sequence_confirmed,['N/A']
583,BBF10K_000584,sequence_confirmed,1647,1,BbsI,3,sequence_confirmed,N/A,sequence_confirmed,N/A,['N/A']
584,BBF10K_000585,sequence_confirmed,516,1,BbsI,3,sequence_confirmed,N/A,sequence_confirmed,N/A,['N/A']
585,BBF10K_000586,sequence_confirmed,1074,1,BbsI,3,sequence_confirmed,N/A,sequence_confirmed,N/A,['N/A']
586,BBF10K_000587,sequence_confirmed,939,1,BbsI,3,sequence_confirmed,N/A,sequence_confirmed,N/A,['N/A']
587,BBF10K_000588,sequence_confirmed,828,1,BbsI,3,sequence_confirmed,N/A,sequence_confirmed,N/A,['N/A']
588,BBF10K_000589,sequence_confirmed,1431,1,BbsI,3,sequence_confirmed,N/A,sequence_confirmed,N/A,['N/A']
589,BBF10K_000590,sequence_confirmed,306,1,BbsI,3,sequence_confirmed,N/A,sequence_confirmed,N/A,['N/A']
590,BBF10K_000591,sequence_confirmed,516,1,BbsI,3,sequence_confirmed,N/A,sequence_confirmed,N/A,['N/A']
591,BBF10K_000592,cloning_mutation,1632,1,BbsI,3,cloning_mutation,N/A,mutation_2.0-6.0,N/A,['N/A']
592,BBF10K_000593,cloning_mutation,1185,1,BbsI,3,cloning_mutation,N/A,mutation_0.0-3.0,N/A,['N/A']
593,BBF10K_000594,sequence_confirmed,1167,1,BbsI,3,sequence_confirmed,N/A,sequence_confirmed,N/A,['N/A']
594,BBF10K_000595,cloning_mutation,1284,1,BbsI,3,cloning_mutation,cloning_mutation,mutation_0.0-3.0,mutation_1.0-0.0,['N/A']
595,BBF10K_000596,cloning_mutation,1332,1,BbsI,3,sequence_failure,cloning_mutation,bad_forward,mutation_0.0-2.0,['N/A']
596,BBF10K_000597,sequence_confirmed,1356,1,BbsI,3,sequence_confirmed,N/A,sequence_confirmed,N/A,['N/A']
597,BBF10K_000598,sequence_confirmed,1191,1,BbsI,3,sequence_confirmed,N/A,sequence_confirmed,N/A,['N/A']
598,BBF10K_000599,sequence_confirmed,555,1,BbsI,3,sequence_confirmed,N/A,sequence_confirmed,N/A,['N/A']
599,BBF10K_000600,sequence_confirmed,894,1,BbsI,3,sequence_confirmed,N/A,sequence_confirmed,N/A,['N/A']
600,BBF10K_000601,sequence_confirmed,1482,1,BbsI,3,sequence_confirmed,N/A,sequence_confirmed,N/A,['N/A']
601,BBF10K_000602,cloning_mutation,1119,1,BbsI,3,cloning_mutation,cloning_mutation,mutation_2.0-0.0,mutation_0.0-2.0,['N/A']
602,BBF10K_000603,sequence_confirmed,1050,1,BbsI,3,sequence_confirmed,N/A,sequence_confirmed,N/A,['N/A']
603,BBF10K_000604,sequence_confirmed,933,1,BbsI,3,sequence_confirmed,N/A,sequence_confirmed,N/A,['N/A']
604,BBF10K_000605,cloning_mutation,1524,1,BbsI,3,cloning_mutation,N/A,mutation_0.0-2.0,N/A,['N/A']
605,BBF10K_000606,sequence_confirmed,1470,1,BbsI,3,sequence_confirmed,N/A,sequence_confirmed,N/A,['N/A']
606,BBF10K_000607,cloning_mutation,1362,1,BbsI,3,sequence_failure,cloning_mutation,bad_reverse,mutation_1.0-1.0,['N/A']
607,BBF10K_000608,sequence_confirmed,2136,2,BbsI,3,sequence_confirmed,N/A,sequence_confirmed,N/A,['N/A']
608,BBF10K_000609,sequence_confirmed,771,1,BbsI,3,sequence_confirmed,N/A,sequence_confirmed,N/A,['N/A']
609,BBF10K_000610,sequence_confirmed,675,1,BbsI,3,sequence_confirmed,N/A,sequence_confirmed,N/A,['N/A']
610,BBF10K_000611,sequence_confirmed,1191,1,BbsI,3,sequence_confirmed,N/A,sequence_confirmed,N/A,['N/A']
611,BBF10K_000612,sequence_confirmed,861,1,BbsI,3,sequence_confirmed,N/A,sequence_confirmed,N/A,['N/A']
612,BBF10K_000613,sequence_confirmed,792,1,BbsI,3,sequence_confirmed,N/A,sequence_confirmed,N/A,['N/A']
613,BBF10K_000614,sequence_confirmed,816,1,BbsI,3,sequence_confirmed,N/A,sequence_confirmed,N/A,['N/A']
614,BBF10K_000615,sequence_confirmed,804,1,BbsI,3,sequence_confirmed,N/A,sequence_confirmed,N/A,['N/A']
615,BBF10K_000616,sequence_confirmed,651,1,BbsI,3,sequence_confirmed,N/A,sequence_confirmed,N/A,['N/A']
616,BBF10K_000617,sequence_confirmed,660,1,BbsI,3,sequence_confirmed,N/A,sequence_confirmed,N/A,['N/A']
617,BBF10K_000618,cloning_mutation,909,1,BbsI,3,sequence_failure,cloning_mutation,bad_reads,mutation_0.0-2.0,['N/A']
618,BBF10K_000619,sequence_confirmed,525,1,BbsI,3,sequence_confirmed,N/A,sequence_confirmed,N/A,['N/A']
619,BBF10K_000620,cloning_mutation,543,1,BbsI,3,cloning_mutation,cloning_failure,mutation_1.0-1.0,cloning_failure,['N/A']
620,BBF10K_000621,sequence_confirmed,534,1,BbsI,3,sequence_confirmed,N/A,sequence_confirmed,N/A,['N/A']
621,BBF10K_000622,sequence_confirmed,759,1,BbsI,3,sequence_confirmed,N/A,sequence_confirmed,N/A,['N/A']
622,BBF10K_000623,sequence_confirmed,1026,1,BbsI,3,sequence_confirmed,N/A,sequence_confirmed,N/A,['N/A']
623,BBF10K_000624,sequence_confirmed,1290,1,BbsI,3,sequence_confirmed,N/A,sequence_confirmed,N/A,['N/A']
624,BBF10K_000625,cloning_mutation,3924,3,BbsI,3,cloning_mutation,N/A,mutation_0.0-3.0,N/A,['N/A']
625,BBF10K_000626,cloning_mutation,3924,3,BbsI,3,cloning_failure,cloning_mutation,cloning_error,mutation_1.0-0.0,['N/A']
626,BBF10K_000627,sequence_confirmed,3924,3,BbsI,3,cloning_failure,sequence_confirmed,cloning_failure,sequence_confirmed,['N/A']
627,BBF10K_000628,sequence_confirmed,3924,3,BbsI,3,sequence_confirmed,N/A,sequence_confirmed,N/A,['N/A']
628,BBF10K_000629,sequence_confirmed,690,1,BbsI,2,sequence_confirmed,sequence_confirmed,sequence_confirmed,sequence_confirmed,['N/A']
629,BBF10K_000630,sequence_confirmed,684,1,BbsI,2,sequence_confirmed,N/A,sequence_confirmed,N/A,['N/A']
630,BBF10K_000631,sequence_confirmed,684,1,BbsI,2,sequence_confirmed,N/A,sequence_confirmed,N/A,['N/A']
631,BBF10K_000632,sequence_confirmed,1245,1,BbsI,2,sequence_confirmed,N/A,sequence_confirmed,N/A,['N/A']
632,BBF10K_000633,sequence_confirmed,720,1,BbsI,2,sequence_confirmed,N/A,sequence_confirmed,N/A,['N/A']
633,BBF10K_000634,sequence_confirmed,678,1,BbsI,2,sequence_confirmed,sequence_confirmed,sequence_confirmed,sequence_confirmed,['N/A']
634,BBF10K_000635,sequence_confirmed,717,1,BbsI,2,sequence_confirmed,N/A,sequence_confirmed,N/A,['N/A']
635,BBF10K_000636,sequence_confirmed,705,1,BbsI,2,sequence_confirmed,N/A,sequence_confirmed,N/A,['N/A']
636,BBF10K_000637,sequence_confirmed,702,1,BbsI,2,sequence_confirmed,N/A,sequence_confirmed,N/A,['N/A']
637,BBF10K_000638,sequence_confirmed,705,1,BbsI,2,sequence_confirmed,N/A,sequence_confirmed,N/A,['N/A']
638,BBF10K_000639,cloning_mutation,705,1,BbsI,2,cloning_failure,cloning_mutation,cloning_failure,mutation_2.0-0.0,['N/A']
639,BBF10K_000640,ordered,2445,2,BbsI,5,N/A,N/A,N/A,N/A,['N/A']
640,BBF10K_000641,ordered,1773,1,BbsI,5,N/A,N/A,N/A,N/A,['N/A']
641,BBF10K_000642,ordered,1032,1,BbsI,5,N/A,N/A,N/A,N/A,['N/A']
642,BBF10K_000643,ordered,1272,1,BbsI,5,N/A,N/A,N/A,N/A,['N/A']
643,BBF10K_000644,ordered,2289,2,BbsI,5,N/A,N/A,N/A,N/A,['N/A']
644,BBF10K_000645,received,14670,9,,5,N/A,N/A,N/A,N/A,['N/A']
645,BBF10K_000647,cloning_mutation,573,1,BbsI,6,cloning_mutation,cloning_mutation,mutation_4.0-0.0,mutation_4.0-0.0,['N/A']
646,BBF10K_000648,cloning_failure,1662,1,BbsI,6,cloning_failure,N/A,cloning_failure,N/A,['N/A']
647,BBF10K_000649,cloning_mutation,2610,2,BbsI,6,cloning_mutation,N/A,mutation_1.0-3.0,N/A,['N/A']
648,BBF10K_000650,sequence_failure,1671,1,BbsI,6,sequence_failure,N/A,bad_reads,N/A,['N/A']
649,BBF10K_000651,sequence_confirmed,1704,1,BbsI,6,sequence_confirmed,N/A,sequence_confirmed,N/A,['N/A']
650,BBF10K_000652,cloning_failure,1485,1,BbsI,6,cloning_failure,N/A,cloning_failure,N/A,['N/A']
651,BBF10K_000653,sequence_confirmed,576,1,BbsI,6,sequence_confirmed,N/A,sequence_confirmed,N/A,['N/A']
652,BBF10K_000654,sequence_failure,582,1,BbsI,8,cloning_failure,sequence_failure,cloning_failure,bad_reverse,['N/A']
653,BBF10K_000655,cloning_failure,1017,1,BbsI,8,cloning_failure,cloning_failure,cloning_failure,cloning_failure,['N/A']
654,BBF10K_000656,cloning_failure,894,1,BbsI,8,cloning_failure,cloning_failure,cloning_failure,cloning_failure,['N/A']
655,BBF10K_000657,cloning_failure,792,1,BbsI,8,cloning_failure,cloning_failure,cloning_failure,cloning_failure,['N/A']
656,BBF10K_000658,cloning_failure,1473,2,BbsI,8,cloning_failure,N/A,cloning_failure,N/A,['N/A']
657,BBF10K_000659,cloning_failure,1320,1,BbsI,8,cloning_failure,N/A,cloning_failure,N/A,['N/A']
658,BBF10K_000660,cloning_failure,1317,1,BbsI,8,cloning_failure,N/A,cloning_failure,N/A,['N/A']
659,BBF10K_000661,cloning_failure,1329,1,BbsI,8,cloning_failure,cloning_failure,cloning_failure,cloning_failure,['N/A']
660,BBF10K_000662,cloning_failure,1335,1,BbsI,8,cloning_failure,N/A,cloning_failure,N/A,['N/A']
661,BBF10K_000663,cloning_failure,1563,2,BbsI,8,cloning_failure,N/A,cloning_failure,N/A,['N/A']
662,BBF10K_000664,cloning_failure,2628,2,BbsI,8,cloning_failure,N/A,cloning_failure,N/A,['N/A']
663,BBF10K_000665,ordered,2892,2,BbsI,8,N/A,N/A,N/A,N/A,['N/A']
664,BBF10K_000666,cloning_failure,6645,5,BbsI,8,cloning_failure,N/A,cloning_failure,N/A,['N/A']
665,BBF10K_000667,sequence_confirmed,849,1,BbsI,7,sequence_confirmed,cloning_mutation,sequence_confirmed,mutation_2.0-0.0,['N/A']
666,BBF10K_000668,sequence_confirmed,867,1,BbsI,7,sequence_confirmed,cloning_mutation,sequence_confirmed,mutation_1.0-0.0,['N/A']
667,BBF10K_000669,sequence_confirmed,1263,1,BbsI,7,sequence_confirmed,N/A,sequence_confirmed,N/A,['N/A']
668,BBF10K_000670,sequence_confirmed,603,1,BbsI,7,sequence_confirmed,N/A,sequence_confirmed,N/A,['N/A']
669,BBF10K_000671,cloning_error,636,1,BbsI,7,cloning_failure,N/A,cloning_error,N/A,['N/A']
670,BBF10K_000672,sequence_confirmed,576,1,BbsI,7,sequence_confirmed,N/A,sequence_confirmed,N/A,['N/A']
671,BBF10K_000673,cloning_mutation,651,1,BbsI,7,cloning_mutation,cloning_mutation,mutation_1.0-0.0,mutation_1.0-0.0,['N/A']
672,BBF10K_000674,sequence_confirmed,2844,2,BbsI,7,sequence_confirmed,N/A,sequence_confirmed,N/A,['N/A']
673,BBF10K_000675,sequence_confirmed,807,1,BbsI,7,sequence_confirmed,N/A,sequence_confirmed,N/A,['N/A']
674,BBF10K_000676,sequence_confirmed,576,1,BbsI,7,sequence_confirmed,N/A,sequence_confirmed,N/A,['N/A']
675,BBF10K_000677,sequence_confirmed,2562,2,BbsI,7,sequence_confirmed,N/A,sequence_confirmed,N/A,['N/A']
676,BBF10K_000678,sequence_confirmed,666,1,BbsI,7,sequence_confirmed,cloning_mutation,sequence_confirmed,mutation_1.0-0.0,['N/A']
677,BBF10K_000679,sequence_confirmed,594,1,BbsI,7,sequence_confirmed,N/A,sequence_confirmed,N/A,['N/A']
678,BBF10K_000680,sequence_confirmed,603,1,BbsI,7,sequence_confirmed,N/A,sequence_confirmed,N/A,['N/A']
679,BBF10K_000681,sequence_confirmed,591,1,BbsI,7,sequence_confirmed,N/A,sequence_confirmed,N/A,['N/A']
680,BBF10K_000682,sequence_confirmed,1503,1,BbsI,7,sequence_confirmed,N/A,sequence_confirmed,N/A,['N/A']
681,BBF10K_000683,sequence_confirmed,1215,1,BbsI,7,sequence_confirmed,cloning_mutation,sequence_confirmed,mutation_1.0-1.0,['N/A']
682,BBF10K_000684,sequence_confirmed,828,1,BbsI,7,sequence_confirmed,cloning_mutation,sequence_confirmed,mutation_1.0-0.0,['N/A']
683,BBF10K_000685,sequence_confirmed,2106,2,BbsI,7,sequence_confirmed,N/A,sequence_confirmed,N/A,['N/A']
684,BBF10K_000686,sequence_confirmed,1626,1,BbsI,7,sequence_confirmed,cloning_mutation,sequence_confirmed,mutation_2.0-0.0,['N/A']
685,BBF10K_000687,sequence_confirmed,627,1,BbsI,7,sequence_confirmed,N/A,sequence_confirmed,N/A,['N/A']
686,BBF10K_000688,sequence_confirmed,2679,2,BbsI,7,sequence_confirmed,cloning_mutation,sequence_confirmed,mutation_1.0-0.0,['N/A']
687,BBF10K_000689,sequence_confirmed,1596,1,BbsI,7,sequence_confirmed,N/A,sequence_confirmed,N/A,['N/A']
688,BBF10K_000690,sequence_confirmed,711,1,BbsI,7,sequence_confirmed,N/A,sequence_confirmed,N/A,['N/A']
689,BBF10K_000691,sequence_confirmed,1629,1,BbsI,7,sequence_confirmed,N/A,sequence_confirmed,N/A,['N/A']
690,BBF10K_000692,sequence_confirmed,924,1,BbsI,7,sequence_confirmed,N/A,sequence_confirmed,N/A,['N/A']
691,BBF10K_000693,cloning_mutation,756,1,BbsI,7,cloning_mutation,cloning_mutation,mutation_1.0-0.0,mutation_1.0-0.0,['N/A']
692,BBF10K_000694,sequence_confirmed,1899,2,BbsI,7,sequence_confirmed,N/A,sequence_confirmed,N/A,['N/A']
693,BBF10K_000695,sequence_confirmed,1194,1,BbsI,7,sequence_confirmed,N/A,sequence_confirmed,N/A,['N/A']
694,BBF10K_000696,sequence_confirmed,1323,1,BbsI,7,sequence_confirmed,N/A,sequence_confirmed,N/A,['N/A']
695,BBF10K_000697,cloning_failure,1110,1,BbsI,7,cloning_failure,N/A,cloning_failure,N/A,['N/A']
696,BBF10K_000698,sequence_confirmed,873,1,BbsI,7,sequence_confirmed,N/A,sequence_confirmed,N/A,['N/A']
697,BBF10K_000699,sequence_confirmed,1410,1,BbsI,7,sequence_confirmed,N/A,sequence_confirmed,N/A,['N/A']
698,BBF10K_000700,sequence_confirmed,1959,2,BbsI,7,sequence_confirmed,cloning_mutation,sequence_confirmed,mutation_2.0-0.0,['N/A']
699,BBF10K_000701,sequence_confirmed,522,1,BbsI,7,sequence_confirmed,sequence_failure,sequence_confirmed,bad_forward,['N/A']
700,BBF10K_000702,cloning_mutation,1929,2,BbsI,7,cloning_mutation,cloning_mutation,mutation_1.0-0.0,mutation_1.0-0.0,['N/A']
701,BBF10K_000703,sequence_confirmed,540,1,BbsI,7,sequence_confirmed,N/A,sequence_confirmed,N/A,['N/A']
702,BBF10K_000704,sequence_failure,2430,2,BbsI,7,cloning_failure,sequence_failure,cloning_failure,bad_reverse,['N/A']
703,BBF10K_000705,sequence_confirmed,1425,1,BbsI,7,sequence_confirmed,N/A,sequence_confirmed,N/A,['N/A']
704,BBF10K_000706,sequence_confirmed,2901,2,BbsI,7,sequence_confirmed,N/A,sequence_confirmed,N/A,['N/A']
705,BBF10K_000707,sequence_confirmed,459,1,BbsI,7,sequence_confirmed,N/A,sequence_confirmed,N/A,['N/A']
706,BBF10K_000708,cloning_mutation,735,1,BbsI,7,sequence_failure,cloning_mutation,bad_forward,mutation_1.0-0.0,['N/A']
707,BBF10K_000709,sequence_confirmed,1197,1,BbsI,7,sequence_confirmed,N/A,sequence_confirmed,N/A,['N/A']
708,BBF10K_000710,sequence_confirmed,885,1,BbsI,7,sequence_confirmed,N/A,sequence_confirmed,N/A,['N/A']
709,BBF10K_000711,sequence_confirmed,1980,2,BbsI,7,sequence_confirmed,N/A,sequence_confirmed,N/A,['N/A']
710,BBF10K_000712,sequence_confirmed,1302,1,BbsI,7,sequence_confirmed,cloning_mutation,sequence_confirmed,mutation_1.0-0.0,['N/A']
711,BBF10K_000713,cloning_failure,1425,1,BbsI,7,cloning_failure,N/A,cloning_failure,N/A,['N/A']
712,BBF10K_000714,sequence_confirmed,1257,1,BbsI,7,sequence_confirmed,N/A,sequence_confirmed,N/A,['N/A']
713,BBF10K_000715,sequence_confirmed,531,1,BbsI,7,sequence_confirmed,N/A,sequence_confirmed,N/A,['N/A']
714,BBF10K_000716,cloning_failure,477,1,BbsI,7,cloning_failure,N/A,cloning_failure,N/A,['N/A']
715,BBF10K_000717,cloning_failure,645,1,BbsI,7,cloning_failure,N/A,cloning_failure,N/A,['N/A']
716,BBF10K_000718,sequence_confirmed,828,1,BbsI,7,sequence_confirmed,N/A,sequence_confirmed,N/A,['N/A']
717,BBF10K_000719,sequence_confirmed,1524,1,BbsI,7,sequence_confirmed,cloning_mutation,sequence_confirmed,mutation_1.0-0.0,['N/A']
718,BBF10K_000720,cloning_failure,912,1,BbsI,7,cloning_failure,N/A,cloning_failure,N/A,['N/A']
719,BBF10K_000721,sequence_confirmed,2274,2,BbsI,7,sequence_confirmed,N/A,sequence_confirmed,N/A,['N/A']
720,BBF10K_000722,sequence_confirmed,513,1,BbsI,7,sequence_confirmed,N/A,sequence_confirmed,N/A,['N/A']
721,BBF10K_000723,cloning_mutation,1764,1,BbsI,7,cloning_mutation,cloning_mutation,mutation_1.0-3.0,mutation_1.0-0.0,['N/A']
722,BBF10K_000724,cloning_mutation,1467,1,BbsI,7,cloning_mutation,cloning_mutation,mutation_2.0-0.0,mutation_0.0-1.0,['N/A']
723,BBF10K_000725,cloning_mutation,1425,1,BbsI,7,cloning_mutation,cloning_mutation,mutation_1.0-1.0,mutation_0.0-2.0,['N/A']
724,BBF10K_000726,sequence_confirmed,714,1,BbsI,7,sequence_confirmed,N/A,sequence_confirmed,N/A,['N/A']
725,BBF10K_000727,sequence_confirmed,1344,1,BbsI,7,sequence_confirmed,N/A,sequence_confirmed,N/A,['N/A']
726,BBF10K_000728,sequence_confirmed,1326,1,BbsI,7,cloning_failure,N/A,cloning_error,N/A,['sequence_confirmed']
727,BBF10K_000729,cloning_mutation,1218,1,BbsI,7,cloning_mutation,cloning_mutation,mutation_0.0-1.0,mutation_2.0-0.0,['N/A']
728,BBF10K_000730,cloning_mutation,1221,1,BbsI,7,cloning_failure,cloning_mutation,cloning_failure,mutation_4.0-0.0,['N/A']
729,BBF10K_000731,sequence_confirmed,420,1,BbsI,7,sequence_confirmed,N/A,sequence_confirmed,N/A,['N/A']
730,BBF10K_000732,sequence_confirmed,1245,1,BbsI,7,sequence_confirmed,sequence_failure,sequence_confirmed,bad_reverse,['N/A']
731,BBF10K_000733,sequence_confirmed,1239,1,BbsI,7,sequence_confirmed,N/A,sequence_confirmed,N/A,['N/A']
732,BBF10K_000734,cloning_mutation,699,1,BbsI,7,sequence_failure,cloning_mutation,bad_reverse,mutation_4.0-0.0,['N/A']
733,BBF10K_000735,sequence_confirmed,1146,1,BbsI,7,sequence_confirmed,N/A,sequence_confirmed,N/A,['N/A']
734,BBF10K_000736,sequence_confirmed,1896,2,BbsI,7,sequence_confirmed,N/A,sequence_confirmed,N/A,['N/A']
735,BBF10K_000737,sequence_confirmed,2766,2,BbsI,7,sequence_confirmed,N/A,sequence_confirmed,N/A,['N/A']
736,BBF10K_000738,sequence_confirmed,1098,1,BbsI,7,sequence_confirmed,N/A,sequence_confirmed,N/A,['N/A']
737,BBF10K_000739,sequence_confirmed,723,1,BbsI,7,sequence_confirmed,N/A,sequence_confirmed,N/A,['N/A']
738,BBF10K_000740,sequence_failure,1263,1,BbsI,7,sequence_failure,sequence_failure,bad_reverse,bad_reads,['N/A']
739,BBF10K_000741,cloning_mutation,654,1,BbsI,7,cloning_failure,cloning_mutation,cloning_failure,mutation_2.0-2.0,['N/A']
740,BBF10K_000742,sequence_confirmed,654,1,BbsI,7,sequence_confirmed,cloning_mutation,sequence_confirmed,mutation_1.0-1.0,['N/A']
741,BBF10K_000743,sequence_confirmed,480,1,BbsI,7,cloning_failure,N/A,cloning_error,N/A,['sequence_confirmed']
742,BBF10K_000744,sequence_confirmed,1476,1,BbsI,7,cloning_failure,N/A,cloning_error,N/A,['sequence_confirmed']
743,BBF10K_000745,received,3069,0,BbsI,12,N/A,N/A,N/A,N/A,['N/A']
744,BBF10K_000746,sequence_confirmed,1425,1,BbsI,7,sequence_confirmed,N/A,sequence_confirmed,N/A,['N/A']
745,BBF10K_000747,sequence_confirmed,1425,1,BbsI,7,sequence_confirmed,N/A,sequence_confirmed,N/A,['N/A']
746,BBF10K_000748,sequence_confirmed,639,1,BbsI,7,sequence_confirmed,sequence_failure,sequence_confirmed,bad_forward,['N/A']
747,BBF10K_000749,sequence_confirmed,1056,1,BbsI,7,sequence_confirmed,N/A,sequence_confirmed,N/A,['N/A']
