,Sequence ID,Insert Sequence,
,,,
1,Bovine Kappa Casein_1,gaagacataATGATGAAGTCATTCTTTTTGGTCGTAACGATTTTGGCATTGACATTACCTTTCTTGGGTGCCCAGGAACAAAATCAAGAACAGCCCATCAGGTGCGAGAAAGACGAACGCTTTTTTAGTGACAAAATAGCCAAATACATTCCGATCCAGTACGTCCTATCCAGATACCCGTCCTACGGCTTGAATTACTACCAACAAAAACCAGTAGCTTTAATCAACAATCAATTCTTACCTTATCCTTATTATGCCAAGCCGGCTGCCGTCAGAAGCCCTGCACAGATACTACAATGGCAAGTTCTTAGTAACACAGTGCCTGCTAAATCTTGTCAGGCACAGCCGACAACAATGGCGCGTCATCCTCACCCCCATCTTAGTTTCATGGCAATCCCACCTAAGAAAAACCAGGATAAGACGGAAATCCCCACAATTAATACAATCGCATCTGGTGAGCCCACCAGCACGCCAACGACGGAGGCTGTAGAGTCAACAGTTGCAACGTTAGAGGACTCTCCAGAGGTCATTGAGTCACCCCCCGAAATTAATACTGTTCAAGTAACCAGTACAGCCGTATGAatcgtcttc,
2,Bovine Casein Kinase FAM20C_1,gaagacataATGAGGGCGGGCGCAAGGCCATCTGGCGAACCGGGGTGCTCTTGCGCTCAGCCAGCTGCCGAGGCAGCGGCTCCTGGGTGGGCACAAGCGAGAGGGCACCCGGGGGGCGAACTGGAAGCAGCCGCTAGTGCCGCCGGTGACGCCGGCTGGCCCAATAAACACACTTTGCGTATCTTACAGGACTTCAGTAGTGATCCGTCTAGTAATCTGACCAGTCACAGTTTGGAAAAGTTGCCTCCTGCTGCTGAGGCTGCTGAGGGGGCGCCCCCGGGGCAGGACCCTGGCGTTAGGCGTCCTCCCGACCCAGCCCACAGGCCGTTACCTCGTGACCCTGGCCCTCGTGGCCCTGTGCTACCCCCTGGTTTAAGCGGTGACGGCTCTCTATTGACGCGTCTGTTCCAGCATCCGCTTTATCAGGTCCCCATTCCACCGCTAACAGAAGGCGACGTTTTATTCAATGTGAACTCCGATATTCGTTTCAACCCGAAAGCGGCGACCGCCGAGAATCCCGACTGGCCGCATGAGGGGCCTGAGGACGAGTTTCTACCCACGGGCGAAGCCGCGGTTGACTCCTATCCTAATTGGCTTAAGTTTCACATCGGCATCAATAGATATGAGCTGTATTCTCGTCATAATCCCGCAGTCGGTGCACTATTGCAGGACCTGGGAACCCAAAAAATAACGTCAGTTGCAATGAAAAGCGGGGGAACACAACTAAAATTGATAATGACTTTCCAAAACTATGGGCAGGCACTATTTAAACCGATGAAACAGACTCGTGAACAAGAAACGCCGCCAGACTTCTTTTACTTCAGCGACTACGAAAGGCATAATGCGGAGATCGCAGCGTTCCACCTAGATCGTATCCTGGACTTCAGACGTGTGCCGCCCGTGGCTGGGAGGTTGGTAAACATGACAAAAGAAATCAGGGACGTTACGAGGGATAAGAAATTATGGAGGACTTTCTTCATAAGCCCGGCCAATAATGTCTGCTTTTATGGTGAATGCAGTTATTATTGTAGCACGGAACATGCTCTGTGTGGGAAGCCGGACCAAATCGAGGGCAGTCTAGCTGCTTTTCTTCCAGATTTAGCCCTAGCTAAGAGAAAGACATGGAGAAACCCTTGGAGGAGGTCATATCACAAGCGTAAAAAGGCCGAATGGGAGGTCGATCCTGATTACTGCGAGGAGGTGCGTCAGACCCCTCCCTACGACAGTTCTCATAGATTATTGGATGTGATGGACATGACCATTTTCGATTTTCTGATGGGTAATATGGATAGACACCACTACGAAACCTTCGAAAAATTTGGCAACGAAACATTTATCATTCATTTGGATAATGGACGTGGTTTCGGAAAGCACAGTCACGACGAGCTATCCATTCTAGTACCGCTACAACAATGTTGTCGTATCAGGAGGTCCACGTACCTTCGTTTACAGTTGCTTGCGCAGGAGGAACACCGTCTTAGTTTATTGATGGCCGAAGCGCTAAGGGCCGACCGTGTAGCGCCGGTCTTGTTTCAACCGCACCTTGAGGCATTGGATAGGAGGTTGCGTATAGTCCTACGTGCCGTAGGCGACTGCGTTGAGAAAGATGGACTTCACTCAGTGGTTGAGGACGATCTTGGGCCGGAGCACCGTGCGGCTGCGGGAAGGTGAatcgtcttc,
3,Clarkia breweri S-Linalool Synthase_1,gaagacataATGCAATTGATTACTAATTTTTCTTCTTCTTCTTCTGAATTGCAATTTTTGGTTGATAAAGTTAAAAGAGAATCTTTATCTTCTTCTTCTTCTAATACTCAAAATTTGTTTTTGTCTACTTCTCCATATGATACTGCTTGGTTGGCTTTGATTCCACATCCACATCATCATCATCATCATGGTAGACCAATGTTTGAAAAATGTTTGCAATGGATTTTGCATAATCAAACTCCACAAGGTTTTTGGGCTGCTGCTGGTGATAATATTTCTGATACTGATGATGATGTTACTTTGGATTGTTTGTTGTCTACTTTGGCTTGTTTGGTTGCTTTGAAAAGATGGCAATTGGCTCCAGATATGATTCATAAAGGTTTGGAATTTGTTAATAGAAATACTGAAAGATTGGTTATGAAACAAAAACCATCTGATGTTCCAAGATGGTTTACTATTATGTTTCCAGCTATGTTGGAATTGGCTGGTGCTTCTTCTTTGAGAGTTGATTTTTCTGAAAATTTGAATAGAATTTTGGTTGAATTGTCTCAAAATAGAGATGATATTTTGACTAGAGAAGAAGTTGATGAGAAAAAACAATATTCTCCATTGTTGTTGTTTTTGGAAGCTTTGCCAGCTCAATCTTATGATAATGATGTTTTGAAACAAATTATTGATAAAAATTTGTCTAATGATGGTTCTTTGTTGCAATCTCCATCTGCTACTGCTAGAGCTTATATGATTACTGGTAATACTAGATGTTTGTCTTATTTGCATTCTTTGACTAATTCTTGTTCTAATGGTGGTGTTCCATCTTTTTATCCAGTTGATGATGATTTGCATGATTTGGTTATGGTTAATCAATTGACTAGATCTGGTTTGACTGAACATTTGATTCCAGAAATTGATCATTTGTTGTTGAAAGTTCAGAAAAATTATAAATATAAAAAAGCTTCTCCAAAATCTTTGTATTCTATTGCTGCTGAATTGTATAGAGATTCTTTGGCTTTTTGGTTGTTGAGAGTTAATAATCATTGGGTTTCTCCATCTATCTTTTGTTGGTTTTTGGATGATGATGAAATTAGAGATCATATTGAAACTAATTATGAAGAATTTGCTGCTGTTTTGTTGAATGTTTATAGAGCTACTGATTTGATGTTTTCTGGTGAAGTTCAATTGGTTGAAGCTAGATCTTTTGCTACTAAAAATTTGGAAAAAATTTTGGCTACTGGTAATATTCATAAAACTAATGCTGATATTTCTTCTTCTTTGCATAAAATGATTGAACATGAATTGAGAGTTCCATGGACTGCTAGtcgtcttc,Cb S-Linalool Synthase_1
4,Clarkia breweri S-Linalool Synthase_2,gaagacatCTAGAATGGATCATGTTGAAAATAGAATTTGGATTGAAGAAATTGCTTCTTCTGCTTTGTGGTTTGGTAAATCTTCTTATTTGAGATTGTCTTGTTTTCATAAAATGTCTTTGCAACAATTGGCTGTTAAAAATTATACTTTGAGACAATTGGTTTATAGAGATGAATTGGCTGAAGTTGAAAGATGGTCTAAAGAAAGAGGTTTGTGTGATATGGGTTTTTGTAGAGAAAAAACTGGTTATTGTTATTATGCTTTTGCTGCTTCTACTTGTTTGCCATGGTCATCTGATGTTAGATTGGTTTTGACTAAAGCTGCTGTTGTTATTACTGTTGCTGATGACTTTTTTGATGTTGAAGGTTCTATGGTTGATTTGGAAAAATTGACTGATGCTGTTAGAAGATGGGATGCTGAAGGTTTGGGTTCTCATTCTAAAACTATTTTTGAAGCTTTGGATGATTTGGTTAATGAAGTTAGATTGAAATGTTTTCAACAAAATGGTCAAGATATTAAAAATAATTTGCAACAATTGTGGTATGAAACTTTTCATTCTTGGTTGATGGAAGCTAAATGGGGTAAAGGTTTGACTTCTAAACCATCTGTTGATGTTTATTTGGGTAATGCTATGACTTCTATTGCTGCTCATACTATGGTTTTGACTGCTTCTTGTTTGTTGGGTCCAGGTTTTCCAGTTCATCAATTGTGGTCACAACGCAGACATCAAGATATTACTTCTTTGTTGATGGTTTTGACTAGATTGTTGAATGATATTCAATCTTATTTGAAAGAAGAAGATGAAGGTAAAATTAATTATGTTTGGATGTATATGATTGAAAATAATCAAGCTTCTATTGATGATTCTGTTAGACATGTTCAAACTATTATTAATGTTAAAAAACAAGAATTTATTCAAAGAGTTTTGTCTGATCAACATTGTAATTTGCCAAAATCTTTTAAACAATTGCATTTTTCTTGTTTGAAAGTTTTTAATATGTTTTTTAATTCTTCTAATATTTTTGATACTGATACTGATTTGTTGTTGGATATTCATGAAGCTTTTGTTTCTCCACCACAAGTTCCAAAATTTAAACCACATATTAAACCACCACATCAATTGCCAGCTACTTTGCAACCACCACATCAACCACAACAAATTATGGTTAATAAGAAAAAAGTTGAAATGGTTTATAAATCTTATCATCATCCATTTAAAGTTTTTACTTTGCAGAAAAAACAATCTTCTGGTCATGGTACTATGAATCCAAGAGCTTCTATTTTGGCTGGTCCAAATATTAAATTGTGTTTTTGAatcgtcttc,Cb S-Linalool Synthase_2
5,Mentha aquatica R-linalool synthase_1,gaagacataATGTGCAGCATCTCATCTAAGCTGTATACAATTTCAAGCGCCCAGGAGGAAACCAGGCGTTCAGGAAATTACCATCCTAGTGTGTGGGATTTCGATTTTATACAGTCCCTGGATACCGACCACTACAAAGAGGAGAAACAACTAGAGAGGGAGGAAGAGTTGATAATGGAGGTTAAGAAGCTATTGGGTGCGAAGATGGAGGCAACTAAACAGTTGGAACTAATCGACGATCTACAGAACTTAGGTCTGTCATATTTTTTCAGGGACGAAATAAAGAACATCCTAAACTCAATTTACAAAATATTCCAAAACAACAACTCAACGAAAGTGGGGGATCTACATTTCACTTCTCTGGGATTCCGTCTACTAAGGCAGCACGGATTTAATGTTTCCCAAGGGGTCTTTGACTGCTTTAAGAACGAACACGGTTCTGACTTTGAAAAGACGTTAATCGGCGAGGATACCAAAGGTGTGCTTCAGCTATACGAGGCTTCATTCCTATTGCGTGAAGGAGAGGATACGCTAGAGGTCGCACGTAAGTTCAGTACAGAGTTTCTGGAAGAGAAGTTGAAAGCGGGCATCGATGGTGATAATCTTAGCAGTTCTATCGGGCACTCTTTAGAAATCCCGCTTCACTGGAGAATTCAGAGGTTAGAGGAAAGGTGGTTTCTGGACGCATACTCACGTAGAAAGGATATGAATCCGATAATCTTCGAGCTAGCCAAACTGGACTTTAACATTATACAGGCAACCCAGCAGGAAGAACTGAAGGACCTGTCCAGATGGTGGAACGATAGTTCTCTGCCTCAGAAGTTGCCTTTTGTGAGGGACAGGCTAGTTGAATCCTACTATTGGGCCCTAGGACTTTTCGAGGCGCACAAATTTGGCTACGAACGTAAGACCGCAGCTAAGATAATAACATTAATAACCGCGTTAGACGACGTTTACGATATTTACGGCACTCTTGATGAATTGCAGCTATTTACGCATGTGATAAGACGTTGGGATACAGAGAGTGCAACACAACTGCCATACTATTTACAGTTGTTCTATTTTGTACTTTACAACTTTGTAAGCGAGGTGGCATACCATATCCTAAAAGAGGAGGGTTTTATATCCATACCTTTCCTGCACAGGGCCTGGGTCGACTTGGTGGAGGGGTATCTGCAGGAGGCCAAGTGGTATTACACCAAGTATACACCTACCATGGAAGAATACTTGAATTATGCGAGTATTACTATTGGTGCCCCTGCAGTCATTAGTCAGATCTACTTTATGCTAGCCAAATCCAAAGAAAAGCCAGTCATTGAAAGCTTCTACGAGTACGACGAAATTATAAGGCTTAGTGGGATGTTAGTTAGACTTCCGGACGATCTGGGCACACTACCGTTTGAAATGAAGCGTGGGGATGTTGCCAAGAGTATACAGATATACATGAAGGAACAGAACGCAACGAGAGAAGAAGCAGAGGAACATGTGAGATTTATGATCCGTGAGGCGTGGAAGGAGATGAACACGACCATGGCCGCGAATAGCGATTTGAGGGGCGACGTAGTTATGGCGGCAGCCAATCTTGGGAGGGATGCACAGTTTATGTACCTGGACGGCGACGGTAACCACTCCCAACTTCAACATAGGATTGCGAACCTTTTATTTAAGCCTTACGTATGAatcgtcttc,Ma R-linalool synthase_1
6,Oscimum basilicum Gernaiol synthase_1,gaagacataATGTCTTGTGCACGGATCACCGTAACATTGCCGTATCGCTCCGCAAAAACATCAATTCAACGGGGAATTACGCATTACCCCGCCCTTATACGCCCACGCTTCTCTGCTTGCACGCCTTTGGCATCGGCAATGCCTCTAAGTTCAACTCCTCTCATCAACGGGGATAACTCTCAGCGTAAAAACACACGTCAACACATGGAGGAGAGCAGCAGCAAGAGGAGAGAATATCTGCTGGAGGAAACGACGCGAAAACTGCAGAGAAACGACACCGAATCGGTGGAGAAACTCAAGCTTATCGACAACATCCAACAGTTGGGAATCGGCTACTATTTTGAGGACGCCATCAACGCCGTACTCCGCTCGCCTTTCTCCACCGGAGAAGAGGACCTCTTCACCGCTGCTCTGCGCTTCCGCTTGCTCCGCCACAACGGCATCGAAATCAGCCCTGAAATATTCCTAAAATTCAAGGACGAGAGGGGAAAATTCGACGAATCGGACACGCTAGGGTTACTGAGCTTGTACGAAGCGTCAAATTTGGGGGTTGCAGGAGAAGAAATATTGGAGGAGGCTATGGAGTTTGCGGAGGCTCGCCTCAGACGGTCGCTGTCAGAGCCGGCGGCGCCGCTTCATGGTGAGGTGGCGCAAGCGCTAGATGTGCCGAGGCATCTGAGAATGGCGAGGTTGGAAGCCAGACGATTCATCGAGCAGTATGGTAAACAGAGCGATCATGATGGAGATCTTTTGGAGCTGGCAATTTTGGATTATAATCAAGTTCAGGCTCAACACCAATCCGAACTCACTGAAATAATCAGGTGGTGGAAGGAGCTCGGTTTGGTGGATAAGTTGAGTTTTGGGCGAGACAGACCATTGGAGTGCTTTTTGTGGACCGTGGGGCTCCTCCCAGAGCCCAAGTATTCGAGCGTTAGAATAGAGTTGGCGAAAGCCATCTCTATTCTCTTAGTGATCGATGATATTTTCGATACCTATGGAGAGATGGATGACCTCATCCTCTTCACCGATGCAATTCGAAGATGGGATCTTGAAGCAATGGAGGGGCTCCCTGAGTACATGAAAATATGCTACATGGCGTTGTACAATACCACCAATGAAGTATGCTACAAAGTGCTCAGGGATACTGGACGGATTGTCCTCCTTAACCTCAAATCTACGTGGATAGACATGATTGAAGGTTTCATGGAGGAAGCAAAATGGTTCAATGGTGGAAGTGCACCAAAATTGGAAGAGTATATAGAGAATGGAGTGTCCACGGCAGGAGCATACATGGCTTTTGCACACATCTTCTTTCTCATAGGAGAAGGTGTTACACACCAAAATTCCCAACTCTTCACCCAAAAACCCTACCCCAAGGTTTTCTCCGCCGCCGGCCGCATTCTTCGCCTCTGGGATGATCTCGGAACCGCCAAGGAGGAGCAAGAGCGAGGAGATCTGGCTTCGTGCGTGCAGTTATTTATGAAAGAGAAGTCGTTGACGGAAGAGGAGGCAAGAAGTCGCATTTTGGAAGAGATAAAAGGATTATGGAGGGATCTGAATGGGGAACTGGTCTACAACAAGAATTTGCCGTTATCCATAATCAAAGTCGCACTTAACATGGCGAGAGCTTCTCAAGTTGTGTACAAGCACGATCAAGACACTTATTTTTCAAGCGTAGACAATTATGTGGATGCCCTCTTCTTCACTCAATGAatcgtcttc,Ob Gernaiol synthase_1
7,Picrorhiza kurrooa geraniol 10-hydroxylase_1,gaagacataATGGATTTCCTCACCATCATCCTTGGCCTCTTATTCGCCATCACCTTAATCCATGGCTACCAACTCCTCTCCTCCAAGGGCAAAAGGCTTCCTCCCGGCCCGACACCGCTACCCCTAATCGGAAGCCTCCATTTACTCGGCGATCAACCCCACCAATCTTTAGCCAAACTAGCCAAGAAACATGGTGAACTTATGTGCCTTCGACTCGGGTTCATAAACACGATTGTCATTTCCTCGGCAGCCATGGCTAAAGAAGTACTTCAAAAGCAGGATTTAGCGTTTTCGAGTAGAATGTCACCTAATGCCGTCCATGCCCACGACCAGTTCAAATACTCTGTCGTGTGGCTCCCCGTGGCGGCCAGGTGGAGAAGCCTCCGCAAGGTTTTAAACTCAAAAATCTTTTCTGGAAACCGAATGGACGCGAACCAACACCTGAGGGGTCGGAAAAGGCAAGAGCTGATCGCCTATTGTAGGAAGAGGAGCCAAACCGGCGGTGCAGGGGACATGGGACGCGCCCCTTTCAGGAACCCGGTGAATTTGGCTGTCGAACACGATTTCTTCAAAAGAATTGAAGATCCTTATTCGGATTCGGCGAAGGAGTTCAAGGATCTTGTGTGGAATATCATGTTGGAGGCCGGGAAGCCGAATTTGGTGGATTTTTACCCGGTTCTTGAGAAAGTTGATCCCCAAGGGATACGGAAACGTATGACTGTACATTTCGGGAAGGTGATTGAGCTTTTCAGTGGATTGATCAATGAAAGGACTGAAAAGGGAAAGACGCAAGATGCTGGAACCACCGATGTCATTGATGTGCTCCTCAAGATAAGTAAAGAAAATCCAGATGAAATTGACAGGACTCACATCGAACGCTTGTGCTTGGACTTATTCGTCGCCGGAACTGACACCACATCAAACACATTAGAATGGGCAATGGCAGAGTCGCTAAAAAACCCAGAGATAATGAAAAAAGCCAAAGCCGAGCTGGAACAAGTCATCGGAAAAGGGAAAGTACTAGACGAAGCAGATATCCAACGCTTACCTTATCTGAGATGCATGGTGAAGGAGACTCTAAGAATCCATCCACCCGTTCCGTTCCTAATTCCTCGCAAAGTGGAGCAAGACGTGGAAGTTTGCGGCTACACCGTGCCTAAAAACTCACAAGTGTTCGTCAATGCATGGGCAATTGGAAGGGACGCTGAAACGTGGCCTAATCCCCTTGAATTTAAACCGGAGAGGTTTATGGAATCTGAAGTGGACATGAGAGGAAGAGACTTCGAGCTGATTCCGTTCGGCGCCGGGAGAAGGATTTGCCCTGGATTGCCGTTGGCTCTGCGTATGGTTCCGGTGATGTTGGGATCGCTTTTGAACTCGTTCGATTGGAAGCTTGAAGGAGGGGCTGGGCCAAAGGAATTGGATATGGAGGAGAAATTTGGGATCACGTTGCAGAAGGCGCTTCCTCTTATGGCTGTTCCGGTTCCTCTGTGAatcgtcttc,Pk geraniol 10-hydroxylase_1
8,Apoaequorin optimized for plants_1,gaagacataATGtctgtcaaacttacatcagacttcgacaacccaagatggattggacgacacaagcatatgttcaatttccttgatgtcaaccacaatggaaaaatctctcttgacgagatggtctacaaggcatctgatattgtcatcaataaccttggagcaacacctgagcaagccaaacgacacaaagatgctgtggaagccttcttcggaggagctggaatgaaatatggtgtggaaactgattggcctgcatatattgaaggatggaaaaaattggctactgatgaattggagaaatacgccaaaaacgaaccaaccctcatccgcatatggggtgatgctttgtttgatatcgttgacaaagatcaaaatggagctattacactggatgaatggaaagcatacaccaaagctgctggtatcatccaatcatcagaagattgcgaggaaacattcagagtgtgcgatattgatgaaagtggacaactcgatgttgatgagatgacaagacagcatctgggattttggtacaccatggatcctgcttgcgaaaagctctacggtggagctgtccccTGAatcgtcttc,Apoaequorin plants_1
,ILOV_1,gaagacataATGGGATCCCCGGAATTTATAGAGAAGAATTTCGTCATCACTGATCCTAGGCTTCCCGATAATCCCATTATCTTTGCATCAGACGGCTTTCTTGAATTGACAGAGTATTCGCGCGAGGAAATATTGGGGCGTAATGCCCGGTTTCTTCAGGGGCCAGAGACAGATCAAGCGACTGTCCAGAAGATACGCGACGCAATTCGCGATCAGCGTGAGACTACTGTGCAGTTGATAAACTACACTAAAAGCGGAAAGAAATTCTGGAACTTACTCCATCTGCAACCTGTGCGTGATCAGAAGGGAGAGCTTCAATACTTCATCGGTGTGCAGCTCGATGGAAGTGATCATGTATGAatcgtcttc,
,pOpen3_1,CGTCTCAccatttattatttccttcctcttttctacagtatttaaagataccccaagaagctaattataacaagacgaactccaattcactgttccttgcattctaaaaccttaaatacagaaaacagccttttcaaagttgttttcaaagttggcgtataacatagtatcgacggagccgattttgaaaccacaattatgatagaatttgacgtcgatcttgattttccatgaaatacgcctcctaatatattgtgtaactctatcatattatattatttttctaaaatcaataaatataaacggaaatgtcaggttaaacatatttacttttataatgataagtggtaaaattaatttattaaggattcccttagattatttactaagggcgcacttatacgcagtaacttcgttacttcgtatttatgctataaaacttaactgttagttagttttatcgtcaagcgtgtttgttaaaattcgctacgctcatgtttgaaaagaaagagaggtgatacaattggcaatcttcgccgccttttcctcaatcTctcttcgttcgtctggaaggcagtacaccttgataggtgggctgcccttcctggttggcttggtttcatcagccatccgcttgccctcatctgttacgccggcggtagccggccagcctcgcagagcaggattcccgttgagcaccgccaggtgcgaataagggacagtgaagaaggaacacccgctcgcgggtgggcctacttcacctatcctgcccggctgacgccgttggatacaccaaggaaagtctacacgaaccctttggcaaaatcctgtatatcgtgcgaaaaaggatggatataccgaaaaaatcgctataatgaccccgaagcagggttatgcagcggaaaaggcggtaatattgttctggatattaccagcaaggccgatagtttgagttcttctactcaggcaagtgatgttattactaatcaaagaagtattgctacaacggttaatttgcgtgatggacagactcttttactcggtggcctcactgattaGCAATGGCACCTGCACCaATCCGTAAAACGACGGCCAGTagtcaaaagcctccgaccggaggcttttgactTGGTCAGGTGGAGTgaattcgcggccgcttctagagGGAGCTGTCTTCAACATCGCCGCGTGGATCCGGCTTACTAAAagccagataacagtatgcgtatttgcgcgctgatttttgcggtataagaatatatactgatatgtatacccgaagtatgtcaaaaagaggTGAGACG,
,pOpen3_2,CGTCTCAgaggtatgctatgaagcagcgtattacagtgacagttgacagcgacagctatcagttgctcaaggcatatatgatgtcaatatctccggtctggtaagcacaaccatgcagaatgaagcccgtcgtctgcgtgccgaacgctggaaagcggaaaatcaggaagggatggctgaggtcgcccggtttattgaaatgaacggctcttttgctgacgagaacagggGCTGGTGAAATGCAGTTTAAGGTTtacacctataaaagagagagccgttatcgtctgtttgtggatgtacagagtgatattattgacacgcccgggcgacggatggtgatccccctggccagtgcacgtctgctgtcagataaagtctcccgtgaactttacccggtggtgcatatcggggatgaaagctggcgcatgatgaccaccgatatggccagtgtgccggtgtccgttatcggggaagaagtggctgatctcagccaccgcgaaaatgacatcaaaaacgccattaacctgatgttctggGGAATATAAGCGATGTTGAAGACAACGCTtactagtTCctgcagGGCTCGAGGTGTCAATCGTCGGaGCCGCTGAGCAATAACTAGCATAACCCCTTGGGGCCTCTAAACGGGTCTTGAGGGGTTTTTTGCATGGTCATAGCTGTTTCCTGTCGGCTTGGCAGGTGGCCATTGCctggcgtaccgttcctgtctaaaatccctttaatcggcctcctgtttagctcccgctctgattctaacgaggaaagcacgttatacgtgctcgtcaacgatgaatttgataatgtcaatgaaaaagtaaagagttttgcttaatcgcaaagctctttttattattatcttttaaaagcttttcttaaaagattgttttctttgtcattaaattttaatccctcccccattaagaaattaatcagtgttataaccctagtaaaaattttattagggtcttttcttgtggataaacctctaattaaattttaatcccccccttgttaaaatttaatagggattgaaattaatatttttgtatcctctttatccctcattaaattttaattagtctacgtgttaattattaattccagtctaaataaatttaaatcagtactcattaaatattgatacctccctgattatatttttttcactatttctaaataaaaaaaactgctgaaatacttcagcagtttattgcacttttcttagttcgattttttcgaaaacatatccagcttcttcaaggactTGAGACG,
,pOpen3_3,CGTCTCAgactgttttaattgtttctaaatatcttttcttaatccattcaaatgcaaattcactcggtacaagtaataaacaatttttattttcaattttgatcttagtgtttttaaaccaggtatcaaaagaaggcttagagacacgattttgcatttcgctttttaaagtactgtcgactttttcctcttcagttgtcattgatatactctcaaaagatgttgtaggattaggtatttgttttttgatttcttttcgaatttctcctttactgagtatatcttcatacattgtgtcatattgtaaggcctctggaatattaattgtttctgactcatccatcatttttttaacaaattcatcgtgctcttttttcaaaacctttggcagaccctctttttccttttttaaagccttctttacatgtgcttcctcgtcatctggaatttcaatattagggtttccatttaaaagttcttctgaaagcaaaggaaccttacgtctaatcttaaaaatcggggattcctctgtgttatccttggttttattacggacgtttaccttccaaataaaaccgtacctttcaagcagtttcaagtagcctctaactgtaacaggagtcttgtccatttttttagcgattgtttgtagactaggaaagcaaaagtctttgctgccgtatgcataacgagttaggtgagcatagagcgcaattccttcagcacctaaaaaatagccccaaaaatcaaagaagtaattatttaagattgtataatgaccttctatgtaaggtatatgcgtaccaaatttgtctaaagaaaagttttttatttgttcttctgtccatatcttctcttccgtttcagcaacataataaacttcttctttcccttttttgattctcttcctggcgattttatttccagtggtttgctgtcgataatacactaattcatctgtatttccttttaggtttacttcactcataatgtccctccgTGAGACG,
,pOpen3_4,CGTCTCAtccgcgatcacctaaaggaacagtgtaaaagaggattttcacttgtatggggtttaataaaatgttaaaatggagatagttaaatacaagtataaatccgccttttccccttctcaaatttaacttctcagtttggccgctgttagttaaattgagattccgttaggtggattttttttgtttgttttttcatcaaaaacaaacagagttcttcatattctgaaataatcttatcatatttttactggatttaaaatatttttattcccatgtctttcttaattctctaatatatattcaatgctcctaatattttttttaaaaaaacagactcgtttggagtctgtctcagcctttgttggttcttttttttaattcatattcataaaaagttttttggctctcaggtaatgtctcaaccatcttatcaatagctctctcaatagtatcctctaagtaatatgaattattctcaccaataaaaaacgcccggcggcaaccgagcgttctgaacaaatccagatggagttctgaggtcattactggatctatcaacgggagtccaagcgagctcggtactaaaacaattcatccagtaaaatataatattttattttctcccaatcaggcttgatccccagtaagtcaaaaaatagctcgacatactgttcttccccgatatcctccctgatcgaccggacgcagaaggcaatgtcataccacttgtccgccctgccgcttctcccaagatcaataaagccacttactttgccatctttcacaaagatgttgctgtctcccaggtcgccgtgggaaaagacaagttcctcttcgggcttttccgtctttaaaaaatcatacagctcgcgcggatctttaaatggagtgtcCtcttcccagttttcgcaatccacatcggccagatcgttattcagtaagtaatccaattcggctaagcggccgtctaagctattcgtatagggacaatccgatatgtcgatggagtgaaagagcctgatgcactccgcatacagctcgatagtcttttcagggctttgttcatcttcatacccttccgagcaaaggacgccatcggcctcactcatgagcagattgctccagccatcatgccgttcaaagtgcaggacctttggaacaggcagctttccttccagccatagcatcatgtccttttcccgttccacatcataggtggtccctttataccggctgtccgtcatttttaaatataggatttcattttctcccaccagcttatataccttagcaggagacattccttccgtatcttttacgcagcggtattcttcgatcagttttttcaattccggtgatattctcattttagccatTGAGACG,
,pGLO-open_1,GCGATGATGAAGACTAGGAGTCGATGCATAATGTGCCTGTCAAATGGACGAAGCAGGGATTCTGCAAACCCTATGCTACTCCGTCAAGCCGTCAATTGTCTGATTCGTTACCAATTATGACAACTTGACGGCTACATCATTCACTTTTTCTTCACAACCGGCACGGAACTCGCTCGGGCTGGCCCCGGTGCATTTTTTAAATACCCGCGAGAAATAGAGTTGATCGTCAAAACCAACATTGCGACCGACGGTGGCGATAGGCATCCGGGTGGTGCTCAAAAGCAGCTTCGCCTGGCTGATACGTTGGTCCTCGCGCCAGCTTAAGACGCTAATCCCTAACTGCTGGCGGAAAAGATGTGACAGACGCGACGGCGACAAGCAAACATGCTGTGCGACGCTGGCGATATCAAAATTGCTGTCTGCCAGGTGATCGCTGATGTACTGACAAGCCTCGCGTACCCGATTATCCATCGGTGGATGGAGCGACTCGTTAATCGCTTCCATGCGCCGCAGTAACAATTGCTCAAGCAGATTTATCGCCAGCAGCTCCGAATAGCGCCCTTCCCCTTGCCCGGCGTTAATGATTTGCCCAAACAGGTCGCTGAAATGCGGCTGGTGCGCTTCATCCGGGCGAAAGAACCCCGTATTGGCAAATATTGACGGCCAGTTAAGCCATTCATGCCAGTAGGCGCGCGGACGAAAGTAAACCCACTGGTGATACCATTCGCGAGCCTCCGGATGACGACCGTAGTGATGAATCTCTCCTGGCGGGAACAGCAAAATATCACCCGGTCGGCAAACAAATTCTCGTCCCTGATTTTTCACCACCCCCTGACCGCGAATGGTGAGATTGAGAATATAACCTTTCATTCCCAGCGGTCGGTCGATAAAAAAATCGAGATAACCGTTGGCCTCAATCGGCGTTAAACCCGCCACCAGATGGGCATTAAACGAGTATCCCGGCAGCAGGGGATCATTTTGCGCTTCAGCCATACTTTTCATACTCCCGCCATTCAGAGAAGAAACCAATTGTCCATATTGCATCAGACATTGCCGTCACTGCGTCTTTTACTGGCTCTTCTCGCTAACCAAACCGGTAACCCCGCTTATTAAAAGCATTCTGTAACAAAGCGGGACCAAAGCCATGACAAAAACGCGTAACAAAAGTGTCTATAATCACGGCAGAAAAGTCCACATTGATTATTTGCACGGCGTCACACTTTGCTATGCCATAGCATTTTTATCCATAAGATTAGCGGATCCTACCTGACGCTTTTTATCGCAACTCTCTACTGTTTCTCCATTACTTAGTCTTCATCATCGC,
,pGLO-open_2,GCGATGATGAAGACTATACTACCCGTTTTTTTGGGCTAGAAATAATTTTGTTTAACTTTAAGAAGGAGATATACATATGGCTAGCAAAGGAGAAGAACTTTTCACTGGAGTTGTCCCAATTCTTGTTGAATTAGATGGTGATGTTAATGGGCACAAATTTTCTGTCAGTGGAGAGGGTGAAGGTGATGCTACATACGGAAAGCTTACCCTTAAATTTATTTGCACTACTGGAAAACTACCTGTTCCATGGCCAACACTTGTCACTACTTTCTCTTATGGTGTTCAATGCTTTTCCCGTTATCCGGATCATATGAAACGGCATGACTTTTTCAAGAGTGCCATGCCCGAAGGTTATGTACAGGAACGCACTATATCTTTCAAAGATGACGGGAACTACAAGACGCGTGCTGAAGTCAAGTTTGAAGGTGATACCCTTGTTAATCGTATCGAGTTAAAAGGTATTGATTTTAAAGAAGATGGAAACATTCTCGGACACAAACTCGAGTACAACTATAACTCACACAATGTATACATCACGGCAGACAAACAAAAGAATGGAATCAAAGCTAACTTCAAAATTCGCCACAACATTGAAGATGGATCCGTTCAACTAGCAGACCATTATCAACAAAATACTCCAATTGGCGACGGCCCTGTCCTTTTACCAGACAACCATTACCTGTCGACACAATCTGCCCTTTCGAAAGATCCCAACGAAAAGCGTGACCACATGGTCCTTCTTGAGTTTGTAACTGCTGCTGGGATTACACATGGCATGGATGAGCTCTACAAATAATGGCTGTTTTGGCGGATGAGAGAAGATTTTCAGCCTGATACAGATTAAATCAGAACGCAGAAGCGGTCTGATAAAACAGAATTTGCCTGGCGGCAGTAGCGCGGTGGTCCCACCTGACCCCATGCCGAACTCAGAAGTGAAACGCCGTAGCGCCGATGGTAGTGTGGGGTCCCCCATGCGAGAGTAGGGAACTGCCAGGCATCAAATAAAACGAAAGGCTCAGTGCAAAGACTGGGCCTTTCGTTTTATCTGTTGTTTGTCGGTGAACGCTCTCCTGAGTAGGACAAATCCGCCGGGAGCGGATTTGAACGTTGCGAAGCAACGGCCCGGAGGGTGGCGGGCAGGACGCCCGCCATAAACTGCCAGGCATCAAATTAAGCAGAAGGCCATCCTGACGGATGGCCTTTTTGCGCGCTTAGTCTTCATCATCGC,
,pGLO-open_3,GAAGACTACGCTTTTCTACAAACTCTTTGTTTATTTTTCTAAATACATTCAAATATGTATCCGCTCATGAGACAATAACCCTGATAAATGCTTCAATAATATTGAAAAAGGAAGAGTATGAGTATTCAACATTTCCGTGTCGCCCTTATTCCCTTTTTTGCGGCATTTTGCCTTCCTGTTTTTGCTCACCCAGAAACGCTGGTGAAAGTAAAAGATGCTGAAGATCAGTTGGGTGCACGAGTGGGTTACATCGAACTGGATCTCAACAGCGGTAAGATCCTTGAGAGTTTTCGCCCCGAAGAACGTTTTCCAATGATGAGCACTTTTAAAGTTCTGCTATGTGGCGCGGTATTATCCCGTGTTGACGCCGGGCAAGAGCAACTCGGTCGCCGCATACACTATTCTCAGAATGACTTGGTTGAGTACTCACCAGTCACAGAAAAGCATCTTACGGATGGCATGACAGTAAGAGAATTATGCAGTGCTGCCATAACCATGAGTGATAACACTGCGGCCAACTTACTTCTGACAACGATCGGAGGACCGAAGGAGCTAACCGCTTTTTTGCACAACATGGGGGATCATGTAACTCGCCTTGATCGTTGGGAACCGGAGCTGAATGAAGCCATACCAAACGACGAGCGTGACACCACGATGCCTGCGGCAATGGCAACAACGTTGCGCAAACTATTAACTGGCGAACTACTTACTCTAGCTTCCCGGCAACAATTAATAGACTGGATGGAGGCGGATAAAGTTGCAGGACCACTTCTGCGCTCGGCCCTTCCGGCTGGCTGGTTTATTGCTGATAAATCTGGAGCCGGTGAGCGTGGGAGCCGCGGTATCATTGCAGCACTGGGGCCAGATGGTAAGCCCTCCCGTATCGTAGTTATCTACACGACGGGGAGTCAGGCAACTATGGATGAACGAAATAGACAGATCGCTGAGATAGGTGCCTCACTGATTAAGCATTGGTAATAGTCTTC,
,pGLO-open_4,GAAGACTAGTAACTGTCAGACCAAGTTTACTCATATATACTTTAGATTGATTTACGCGCCCTGTAGCGGCGCATTAAGCGCGGCGGGTGTGGTGGTTACGCGCAGCGTGACCGCTACACTTGCCAGCGCCCTAGCGCCCGCTCCTTTCGCTTTCTTCCCTTCCTTTCTCGCCACGTTCGCCGGCTTTCCCCGTCAAGCTCTAAATCGGGGGCTCCCTTTAGGGTTCCGATTTAGTGCTTTACGGCACCTCGACCCCAAAAAACTTGATTTGGGTGATGGTTCACGTAGTGGGCCATCGCCCTGATAGACGGTTTTTCGCCCTTTGACGTTGGAGTCCACGTTCTTTAATAGTGGACTCTTGTTCCAAACTGGAACAACACTCAACCCTATCTCGGGCTATTCTTTTGATTTATAAGGGATTTTGCCGATTTCGGCCTATTGGTTAAAAAATGAGCTGATTTAACAAAAATTTAACGCGAATTTTAACAAAATATTAACGTTTACAATTTAAAAGGATCTAGGTGAAGATCCTTTTTGATAATCTCATGACCAAAATCCCTTAACGTGAGTTTTCGTTCCACTGAGCGTCAGACCCCGTAGAAAAGATCAAAGGATCTTCTTGAGATCCTTTTTTTCTGCGCGTAATCTGCTGCTTGCAAACAAAAAAACCACCGCTACCAGCGGTGGTTTGTTTGCCGGATCAAGAGCTACCAACTCTTTTTCCGAAGGTAACTGGCTTCAGCAGAGCGCAGATACCAAATACTGTCCTTCTAGTGTAGCCGTAGTTAGGCCACCACTTCAAGAACTCTGTAGCACCGCCTACATACCTCGCTCTGCTAATCCTGTTACCAGTGGCTGCTGCCAGTGGCGATAAGTCGTGTCTTACCGGGTTGGACTCAAGACGATAGTTACCGGATAAGGCGCAGCGGTCGGGCTGAACGGGGGGTTCGTGCACACAGCCCAGCTTGGAGCGAACGACCTACACCGAACTGAGATACCTACAGCGTGAGCATTGAGAAAGCGCCACGCTTCCCGAAGGGAGAAAGGCGGACAGGTATCCGGTAAGCGGCAGGGTCGGAACAGGAGAGCGCACGAGGGAGCTTCCAGGGGGAAACGCCTGGTATCTTTATAGTCCTGTCGGGTTTCGCCACCTCTGACTTGAGCGTCGATTTTTGTGATGCTCGTCAGGGGGGCGGAGCCTATGGAAAAACGTAGTCTTC,
,pGLO-open_5,GAAGACTAAACGCCAGCAACGCGGCCTTTTTACGGTTCCTGGCCTTTTGCTGGCCTTTTGCTCACATGTTCTTTCCTGCGTTATCCCCTGATTCTGTGGATAACCGTATTACCGCCTTTGAGTGAGCTGATACCGCTCGCCGCAGCCGAACGACCGAGCGCAGCGAGTCAGTGAGCGAGGAAGCGGAAGAGCGCCTGATGCGGTATTTTCTCCTTACGCATCTGTGCGGTATTTCACACCGCATATGGTGCACTCTCAGTACAATCTGCTCTGATGCCGCATAGTTAAGCCAGTATACACTCCGCTATCGCTACGTGACTGGGTCATGGCTGCGCCCCGACACCCGCCAACACCCGCTGACGCGCCCTGACGGGCTTGTCTGCTCCCGGCATCCGCTTACAGACAAGCTGTGACCGTCTCCGGGAGCTGCATGTGTCAGAGGTTTTCACCGTCATCACCGAAACGCGCGAGGCAGCAAGGAGATGGCGCCCAACAGTCCCCCGGCCACGGGGCCTGCCACCATACCCACGCCGAAACAAGCGCTCATGAGCCCGAAGTGGCGAGCCCGATCTTCCCCATCGGTGATGTCGGCGATATAGGCGCCAGCAACCGCACCTGTGGCGCCGGTGATGCCGGCCACGATGCGTCCGGCGTAGAGGATCTAATTCTCATGTTTGACAGCTTATCGGAGTAGTCTTC,
,GFP-AgeIM_1,CGTCTCTGGAGGCGATGGAGGGAGACCGGAGAGCGAGAGACCctggcacgacaggtttcccgactggaaagcgggcagtgagcgcaacgcaattaatgtgagttagctcactcattaggcaccccaggcTTGACAATTAATCATCGGCTCGTATAATGtgtggaatttcacacatactagagaaagaggagaaatactagggatcttagctactagagaaagaggagaaatactagatgcgtaaaggcgacgagctgttcactggtgtcgtccctattctggtggaactggatggtgatgtcaacggtcataagttttccgtgcgtggcgagggtgaaggtgacgcaactaatggtaaactgacgctgaagttcatctgtactactggtaaactgccggttccttggccgactctggtaacgacgctgacttatggtgttcagtgctttgctcgttatccggaccatatgaagcagcatgacttcttcaagtccgccatgccggaaggctatgtgcaggaacgcacgatttcctttaaggatgacggcacgtacaaaacgcgtgcggaagtgaaatttgaaggcgataccctggtaaaccgcattgagctgaaaggcattgactttaaagaggacggcaatatcctgggccataagctggaatacaattttaacagccacaatgtttacatcaccgccgataaacaaaaaaatggcattaaagcgaattttaaaattcgccacaacgtggaggatggcagcgtgcagctcgctgatcactaccagcaaaacactccaatcggtgatggtcctgttctgctgccagacaatcactatctgagcacgcaaagcgttctgtctaaagatccgaacgagaaacgcgatcatatggttctgctggagttcgtaaccgcagcgggcatcacgcatggtatggatgaactgtacaaatgacgcggTGAGACG,
,RFP-AgeIM_1,CGTCTCTGGAGGCGATGGAGGGAGACCGGAGctggcacgacaggtttcccgactggaaagcgggcagtgagcgcaacgcaattaatgtgagttagctcactcattaggcaccccaggctttacactttatgcttccggctcgtatgttgtgtggaattgtgagcggataacaatttcacacatactagagaaagaggagaaatactagatggcttcctccgaagatgttatcaaagagttcatgcgtttcaaagttcgtatggaaggttccgttaacggtcacgagttcgaaatcgaaggtgaaggtgaaggtcgtccgtacgaaggtacccagaccgctaaactgaaagttaccaaaggtggtccgctgccgttcgcttgggacatcctgtccccgcagttccagtacggttccaaagcttacgttaaacacccggctgacatcccggactacctgaaactgtccttcccggaaggtttcaaatgggaacgtgttatgaacttcgaggacggtggtgttgttaccgttacccaggactcctccctgcaagacggtgagttcatctacaaagttaaactgcgtggtaccaacttcccgtccgacggtccggttatgcagaaaaaaaccatgggttgggaagcttccaccgaacgtatgtacccggaggacggtgctctgaaaggtgaaatcaaaatgcgtctgaaactgaaagacggtggtcactacgacgctgaagttaaaaccacctacatggctaaaaaaccggttcagttaccgggtgcttacaaaaccgacatcaaactggacatcacctcccacaacgaggactacaccatcgttgaacagtacgaacgtgctgaaggtcgtcactccaccggtgcttaacgcggTGAGACG,
,sacB-AgeI_1,CGTCTCTGGAGGCGATGGAGGGAGACCGGAGatacgcaaaccgcctctccccgcgcgttggccgattcattaatgcagctggcacgacaggtttcccgactggaaagcgggcagtgagcgcaacgcaattaatgtgagttagctcactcattaggcaccccaggctttacactttatgcttccggctcgtatgttgtgtggaattgtgagcggataacaatttcacacatactagagaaagaggagaaatactagATGAAAACTATTGACTTATTCTGCGGTGCTGGTGGGTTAGGCGAAGGATTTCGTCAGGCTGGTTTTTCTGCGCTTTACGCAAATGACCACGAAACCCCAGCCTTAGCGACGTATAAGGAAAATCATCCAGATGCTGTCTGTTCCACAGATAGTATTGAAACGGTAGATCCAAAGAAAATCCGTGAGGACTTGGGCGTTGCCCCGGGGCAAGTTGATGTAGTAATGGGCGGGCCACCTTGCCAGGGATTCTCGACCTATGGCCAGCGTCGTGATGACGACGCTCGTAATCAACTTTACGTTCCTTACTTTGGGTTTGTGGAAGAATTTCGTCCAAAGGCCTTTTTGATCGAGAACGTTGTAGGTCTGTTGTCCATGAGTGGTGGGGCGGTCCTGGCTGACATGGTAGCACGTGCTGAAGCTCTGGGGTATGCTGCCGATGTTGTAACCTTGGACGCATGCGAATACGGCGTACCGCAGCACCGTCGCCGCGTGTTCATCTTTGGTGCGGCGGATGGGCAGCGCATCGACCCGCCCCAGCCGTCGCACGTAAACGGAAAGCGCAGTGGCGTAGTCTTGAATGACCAGCCATCTTTGTTTTTCGATGGGCCAAGCATCCAACCAGCTTTAACGGTGCGCGACGCCATTAGCGACCTTGAGACG,
,sacB-AgeI_2,CGTCTCAACCTTCCCGATGAAGTCTTAGTGCCTCGTGATACTCAGAAACCCATGGAGTACCCCGAACCGCCAAAGACAGAATACCAGCGTCTTATGCGTGGTAACAGCACCGAGCTTACCCACCATTCAGCCAAGCGTATGCTTGGCATTCGCCGTTTGCGCTTAGCAATGCTTCACCCCGGCGACTATGGAACGAAAATCGAAGAACGCCTTGCGGATGGTGGCTTAAACGACGAACTGATTGATCTTATGATGGGCGGGGCAGGGATGCGCGACGCTGCGGAATGTCGCACTCAGGACCGTGAAAAGGAGGCGGCCCTGCGCGAGGTGTTGAAAGGAGGGCATACCACACCGGCCAAAGTGATGGAGTTCCTGGACTCGCAGGGTTTTGCCAACAAGTACCGCCGCTTACGCTGGGATGCTCCCTCTCACACAGTCGTCGCTCACATGGCGCGTGATTGTTCAGACTTCGTGCACCCAGGCATCGACCGTTTCGTGTCCGTGCGTGAAGCTGCACGCTTTCAGTCGTTTCCAGACACGTACCGCTTCCCTGGCTCACAGTTCCGCCAGTTTCGCCAAATCGGCAACGCGGTGCCCCCATTGTTGGGCCGCGCCATGGCTGAAACGATTAAAGTTGCCATTAGTTAAcgcggctatggcagcaagggggtttaagatatgaacatcaaaaagtttgcaaaacaagcaacagtattaacctttactaccgcactgctggcaggaggcgcaactcaagcgtttgcgaaagaaacgaaccaaaagccatataaggaaacatacggcatttcccatattacacgccatgatatgctgcaaatccctgaacagcaaaaaaatgaaaaatatcaagttcctgagttcgattcgtccacaattaaaaatatctcttctgcaaaaggcctggacgtttgggacagctggccattacaaaacgctgacggcactgtcgcaaactatcacggctaccacatcgtctttgcattagccggagatcctaaaaatgcggatgacacatcgatttacatgttctatcaaaaagtcggcgaaacttctattgacagctggaaaaacgctggccgcgtctttaaagacagcgacaaattcgatgcaaatgattctatcctaaaagaccaaacacaagaatggtcaggttcagccacatttacatctgacggaaaaatccgtttattctacactgatttctccggtaaacattacggcaaacaaacactgacaactgcacaagttaacgtatcagcatcagacagctctttgaacatcaacggtgtagTGAGACG,
,sacB-AgeI_3,CGTCTCAgtagaggattataaatcaatctttgacggtgacggaaaaacgtatcaaaatgtacagcagttcatcgatgaaggcaactacagctcaggcgacaaccatacgctgagagatcctcactacgtagaagataaaggccacaaatacttagtatttgaagcaaacactggaactgaagatggctaccaaggcgaagaatctttatttaacaaagcatactatggcaaaagcacatcattcttccgtcaagaaagtcaaaaacttctgcaaagcgataaaaaacgcacggctgagttagcaaacggcgctctcggtatgattgagctaaacgatgattacacactgaaaaaagtgatgaaaccgctgattgcatctaacacagtaacagatgaaattgaacgcgcgaacgtctttaaaatgaacggcaaatggtacctgttcactgactcccgcggatcaaaaatgacgattgacggcattacgtctaacgatatttacatgcttggttatgtttctaattctttaactggcccatacaagccgctgaacaaaactggccttgtgttaaaaatggatcttgatcctaacgatgtaacctttacttactcacacttcgctgtacctcaagcgaaaggaaacaatgtcgtgattacaagctatatgacaaacagaggattctacgcagacaaacaatcaacgtttgcgccaagcttcctgctgaacatcaaaggcaagaaaacatctgttgtcaaagacagcatccttgaacaaggacaattaacagttaacaaataaaaacgcaaaagaaaatgccgtaacgctgatagtgctagtgtagatcgctactagagccaggcatcaaataaaacgaaaggctcagtcgaaagactgggcctttcgttttatctgttgtttgtcggtgaacgctctctactagagtcacactggctcaccttcgggtgggcctttctgcgtttataTCCGGTCTCACGCTCATCGCTCGCTAGAGACG,
,XFP-AgeIM_2,CGTCTCcgcggctatggcagcaagggggtttaagatATGAAAACTATTGACTTATTCTGCGGTGCTGGTGGGTTAGGCGAAGGATTTCGTCAGGCTGGTTTTTCTGCGCTTTACGCAAATGACCACGAAACCCCAGCCTTAGCGACGTATAAGGAAAATCATCCAGATGCTGTCTGTTCCACAGATAGTATTGAAACGGTAGATCCAAAGAAAATCCGTGAGGACTTGGGCGTTGCCCCGGGGCAAGTTGATGTAGTAATGGGCGGGCCACCTTGCCAGGGATTCTCGACCTATGGCCAGCGTCGTGATGACGACGCTCGTAATCAACTTTACGTTCCTTACTTTGGGTTTGTGGAAGAATTTCGTCCAAAGGCCTTTTTGATCGAGAACGTTGTAGGTCTGTTGTCCATGAGTGGTGGGGCGGTCCTGGCTGACATGGTAGCACGTGCTGAAGCTCTGGGGTATGCTGCCGATGTTGTAACCTTGGACGCATGCGAATACGGCGTACCGCAGCACCGTCGCCGCGTGTTCATCTTTGGTGCGGCGGATGGGCAGCGCATCGACCCGCCCCAGCCGTCGCACGTAAACGGAAAGCGCAGTGGCGTAGTCTTGAATGACCAGCCATCTTTGTTTTTCGATGGGCCAAGCATCCAACCAGCTTTAACGGTGCGCGACGCCATTAGCGACCTTCCCGATGAAGTCTTAGTGCCTCGTGATACTCAGAAACCCATGGAGTACCCCGAACCGCCAAAGACAGAATACCAGCGTCTTATGCGTGGTAACAGCACCGAGCTTACCCACCATTCAGCCAAGCGTATGCTTGGCATTCGCCGTTTGCGCTTAGCAATGCTTCACCCCGGCGACTATGGAACGAAAATCGAAGAACGCCTTGCGGATGGTGGCTTAAACGACGAACTGATTGATCTTATGATGGGCGGGGCAGGGATGCGCGACGCTGCGGAATGTCGCACTCAGGACCGTGAAAAGGAGGCGGCCCTGCGCGAGGTGTTGAAAGGAGGGCATACCACACCGGCCAAAGTGATGGAGTTCCTGGACTCGCAGGGTTTTGCCAACAAGTACCGCCGCTTACGCTGGGATGCTCCCTCTCACACAGTCGTCGCTCACATGGCGCGTGATTGTTCAGACTTCGTGCACCCAGGCATCGACCGTTTCGTGTCCGTGCGTGAAGCTGCACGCTTTCAGTCGTTTCCAGACACGTACCGCTTCCCTGGCTCACAGTTCCGCCAGTTTCGCCAAATCGGCAACGCGGTGCCCCCATTGTTGGGCCGCGCCATGGCTGAAACGATTAAAGTTGCCATTAGTTAAaaacgcaaaagaaaatgccgtaacgctgatagtgctagtgtagatcgctactagagccaggcatcaaataaaacgaaaggctcagtcgaaagactgggcctttcgttttatctgttgtttgtcggtgaacgctctctactagagtcacactggctcaccttcgggtgggcctttctgcgtttataTCCGGTCTCACGCTCATCGCTCGCTAGAGACG,
,pOpen_linker-ori,GAAGACTAGATGTTGAAGATTAGAGAGCGATGCGccgtctcACGCTtactagtTCctgcagGGCTCGAGGTGTCAATCGTCGGaGCCGCTGAGCAATAACTAGCATAACCCCTTGGGGCCTCTAAACGGGTCTTGAGGGGTTTTTTGCATGGTCATAGCTGTTTCCTGaGAGCTTGGCAGGTGatgacacacattaacaaatttcgtgaggagtctccagaagaatgccattaaTTTCCATAGGCTCCGCCCCCCTGACGAGCATCACAAAAATCGACGCTCAAGTCAGAGGTGGCGAAACCCGACAGGACTATAAAGATACCAGGCGTTTCCCCCTGGAAGCTCCCTCGTGCGCTCTCCTGTTCCGACCCTGCCGCTTACCGGATACCTGTCCGCCTTTCTCCCTTCGGGAAGCGTGGCGCTTTCTCATAGCTCACGCTGTAGGTATCTCAGTTCGGTGTAGGTCGTTCGCTCCAAGCTGGGCTGTGTGCACGAACCCCCCGTTCAGCCCGACCGCTGCGCCTTATCCGGTAACTATCGTCTTGAGTCCAACCCGGTAAGACACGACTTATCGCCACTGGCAGCAGCCACTGGTAACAGGATTAGCAGAGCGAGGTATGTAGGCGGTGCTACAGAGTTCTTGAAGTGGTGGCCTAACTACGGCTACACTAGAAGAACAGTATTTGGTATCTGCGCTCTGCTGAAGCCAGTTACCTTCGGAAAAAGAGTTGGTAGCTCTTGATCCGGCAAACAAACCACCGCTGGTAGCGGTGGTTTTTTTGTTTGCAAGCAGCAGATTACGCGCAGAAAAAAAGGATCTCAAGAAGATCCTTTGATCTTTTCTACGGGGTCTGACGCTCAGTGGAACGAAAACTCACGTTAAGGGATTTTGGTCATGAGATTATCAAAAAGGATCTTCACCTAGATCCTTTTAAATTAAAAATGAAGTTTTAAATCAATCTAAAGTATATATGAGTAAACTTGGTCTGACAGACCGTAGTCTTC,
,pOpen_linker-MspIM,GAAGACTAACCGGTTCACACCAGCTCAAGCTCAAAGTTTTCTTGGGGGGATTGCTGGTTGACTGTTTTCAGGGCCAGAGAGATTTGTTCCGCGATTTTGGTAACGACCGGAACCACCACAGAGTTCCCCATCTGACGATACATTTGAGTGCGAGAAACAGGAATTACAAAATCTTTAGGGAAACCCATGATAGCTTTACACTCGTTCGTCGTAAGCAGGCGGATGCCTGTCTCTCCGTCTTTTACAAACGTCCCTGTCAGACGTTGGATTTTGTGATAAGTAGAAACAAGTGTTTTCACTGCACCTGTGGTGTTCTTGTCGATCAGGGATGGCTTTCCGTCATCTTTCTTAAACAGGTAAGACTTTTGCAGATGCTCGGAAATAGAGTATCCCGTAACATCTGATTCCAGTACCTCACCAATGTCCTTAGAGATCATCGGCGGCTTTGGAAACTCAAAATGAATATTTTGATTAAGGAAGGCTACCAGGTAAAAGCGTTTACGCTTCTGGGGGATGCCGAAGTGGGATGCATCAAGAACAGTATGATGGACCTTATATCCCATATCTTCCAGGGTTTCGATAATTACCTTCAGTGTATTGCCGTCATCATGGTTAATAAGCCCAGGGACGTTCTCAAGGAAAAGGACGGGCGTTTTTTTTGTTTCGATAATGCGAACGATCTCGTGAAACATTGTGCCTTGGGTTGGGTGTTCGAACCCTTCACGCTTCCCGATATGTGAGAAGGGTTGGCAAGGGAAGCCGGCGCACAGAATATCATGCTGAGGAATGGTCGTCGCTTCAACTTTAGTAATATCTCCAAAAGGCACCACGCCGAAATTAGTATAATAGGTAAACTTAGCAAACGGGTCAATTTCAGAAGAAAATACACACTTCCCTCCGTTCACCTCAAAGGACTGGCGGATTCCACCGATTCCAGAAAAAAGATCAATAAACTTAAAGTCCGACGAATAAGCATCTTTACGCTCCTCGATGTGAGTAATCTCTGCCAGTTCTTCAGCGTTCTTAGTAATTTGGTTTTGGTTATACTTGTCAAAGATTTTCTTTTGCAGGGTCTTTTGCGCTGACAGTTCCTCAAAATTAATCTTATCTTTCAGCTTTTCTTGCAGAAAGGAATAATAGGCAGGATGCATTTCAGTTTTACCGGACTCCCACTGTTGCCAGGTTTTATCGGAAACCTCAATAATCTCAGAGGCCTGCTTTTGGGTAAGGTCCAGTTTAGAACGAATCAGCTTCAGAATTTCCGGCTTCATGGTTTTGTCTCCTTGGGTATAGCTAATTCCATAGTCTTC,
,pOpen_linker-kan,GAAGACTATCCAcaagcgagctcggtactaaaacaattcatccagtaaaatataatattttattttctcccaatcaggcttgatccccagtaagtcaaaaaatagctcgacatactgttcttccccgatatcctccctgatcgaccggacgcagaaggcaatgtcataccacttgtccgccctgccgcttctcccaagatcaataaagccacttactttgccatctttcacaaagatgttgctgtctcccaggtcgccgtgggaaaagacaagttcctcttcgggcttttccgtctttaaaaaatcatacagctcgcgcggatctttaaatggagtgtcCtcttcccagttttcgcaatccacatcggccagatcgttattcagtaagtaatccaattcggctaagcggccgtctaagctattcgtatagggacaatccgatatgtcgatggagtgaaagagcctgatgcactccgcatacagctcgatagtcttttcagggctttgttcatcttcatacccttccgagcaaaggacgccatcggcctcactcatgagcagattgctccagccatcatgccgttcaaagtgcaggacctttggaacaggcagctttccttccagccatagcatcatgtccttttcccgttccacatcataggtggtccctttataccggctgtccgtcatttttaaatataggatttcattttctcccaccagcttatataccttagcaggagacattccttccgtatcttttacgcagcggtattcttcgatcagttttttcaattccggtgatattctcattttagccatttattatttccttcctcttttctacagtatttaaagataccccaagaagctaattataacaagacgaactccaattcactgttccttgcattctaaaaccttaaatacagaaaacagccttttcaaagttgttttcaaagttggcgtataacatagtatcgacggagccgattttgaaaccacaattatgatagaatttgacgtcCACCTGCACCagtcaGTAAAACGACGGCCAGTagtcaaaagcctccgaccggaggcttttgactTGGTCAGGTGGAGTgaattcgcggccgcttctagagGGAGTAGTCTTC,
,pOpen_linker-amp,GAAGACTATCCATTACCAATGCTTAATCAGTGAGGCACCTATCTCAGCGATCTGTCTATTTCGTTCATCCATAGTTGCCTGACTCCCCGTCGTGTAGATAACTACGATACGGGAGGGCTTACCATCTGGCCCCAGTGCTGCAATGATACCGCGAGAACCACGCTCACCGGCTCCAGATTTATCAGCAATAAACCAGCCAGCCGGAAGGGCCGAGCGCAGAAGTGGTCCTGCAACTTTATCCGCCTCCATCCAGTCTATTAATTGTTGCCGGGAAGCTAGAGTAAGTAGTTCGCCAGTTAATAGTTTGCGCAACGTTGTTGCCATTGCTACAGGCATCGTGGTGTCACGCTCGTCGTTTGGTATGGCTTCATTCAGCTCCGGTTCCCAACGATCAAGGCGAGTTACATGATCCCCCATGTTGTGCAAAAAAGCGGTTAGCTCCTTCGGTCCTCCGATCGTTGTCAGAAGTAAGTTGGCCGCAGTGTTATCACTCATGGTTATGGCAGCACTGCATAATTCTCTTACTGTCATGCCATCCGTAAGATGCTTTTCTGTGACTGGTGAGTACTCAACCAAGTCATTCTGAGAATAGTGTATGCGGCGACCGAGTTGCTCTTGCCCGGCGTCAATACGGGATAATACCGCGCCACATAGCAGAACTTTAAAAGTGCTCATCATTGGAAAACGTTCTTCGGGGCGAAAACTCTCAAGGATCTTACCGCTGTTGAGATCCAGTTCGATGTAACCCACTCGTGCACCCAACTGATCTTCAGCATCTTTTACTTTCACCAGCGTTTCTGGGTGAGCAAAAACAGGAAGGCAAAATGCCGCAAAAAAGGGAATAAGGGCGACACGGAAATGTTGAATACTCATACTCTTCCTTTTTCAATATTATTGAAGCATTTATCAGGGTTATTGTCTCATGAGCGGATACATATTTGAATGTATTTAGAAAAATAAACAAATAGGGGTTCCGCGCACCTGCACCagtcaGTAAAACGACGGCCAGTagtcaaaagcctccgaccggaggcttttgactTGGTCAGGTGGAGTgaattcgcggccgcttctagagGGAGTAGTCTTC,
,pOpen_linker-ccdB,GAAGACTAGGAGcgagacggCGCATCGCCGCGTGGATCCGGCTTACTAAAagccagataacagtatgcgtatttgcgcgctgatttttgcggtataagaatatatactgatatgtatacccgaagtatgtcaaaaagaggtatgctatgaagcagcgtattacagtgacagttgacagcgacagctatcagttgctcaaggcatatatgatgtcaatatctccggtctggtaagcacaaccatgcagaatgaagcccgtcgtctgcgtgccgaacgctggaaagcggaaaatcaggaagggatggctgaggtcgcccggtttattgaaatgaacggctcttttgctgacgagaacagggGCTGGTGAAATGCAGTTTAAGGTTtacacctataaaagagagagccgttatcgtctgtttgtggatgtacagagtgatattattgacacgcccgggcgacggatggtgatccccctggccagtgcacgtctgctgtcagataaagtctcccgtgaactttacccggtggtgcatatcggggatgaaagctggcgcatgatgaccaccgatatggccagtgtgccggtttccgttatcggggaagaagtggctgatctcagccaccgcgaaaatgacatcaaaaacgccattaacctgatgttctggGGAATATAAATGTCAGGCTCCCTTATACACAGGGATGTAGTCTTC,
